,1808 JP Equity,1808 JP Equity
,BEST_EPS,BEST_EPS_NXT_YR
2010-01-01,,
2010-01-02,,
2010-01-03,,
2010-01-04,,
2010-01-05,,
2010-01-06,,
2010-01-07,,
2010-01-08,,
2010-01-09,,
2010-01-10,,
2010-01-11,,
2010-01-12,,
2010-01-13,,
2010-01-14,,
2010-01-15,,
2010-01-16,,
2010-01-17,,
2010-01-18,,
2010-01-19,,
2010-01-20,,
2010-01-21,,
2010-01-22,,
2010-01-23,,
2010-01-24,,
2010-01-25,,
2010-01-26,,
2010-01-27,,
2010-01-28,,
2010-01-29,,
2010-01-30,,
2010-01-31,,
2010-02-01,,
2010-02-02,,
2010-02-03,,
2010-02-04,,
2010-02-05,,
2010-02-06,,
2010-02-07,,
2010-02-08,,
2010-02-09,,
2010-02-10,,
2010-02-11,,
2010-02-12,,
2010-02-13,,
2010-02-14,,
2010-02-15,,
2010-02-16,,
2010-02-17,,
2010-02-18,,
2010-02-19,,
2010-02-20,,
2010-02-21,,
2010-02-22,,
2010-02-23,,
2010-02-24,,
2010-02-25,,
2010-02-26,,
2010-02-27,,
2010-02-28,,
2010-03-01,,
2010-03-02,,
2010-03-03,,
2010-03-04,,
2010-03-05,,
2010-03-06,,
2010-03-07,,
2010-03-08,,
2010-03-09,,
2010-03-10,,
2010-03-11,,
2010-03-12,,
2010-03-13,,
2010-03-14,,
2010-03-15,,
2010-03-16,,
2010-03-17,,
2010-03-18,,
2010-03-19,,
2010-03-20,,
2010-03-21,,
2010-03-22,,
2010-03-23,,
2010-03-24,,
2010-03-25,,
2010-03-26,,
2010-03-27,,
2010-03-28,,
2010-03-29,,
2010-03-30,,
2010-03-31,,
2010-04-01,,
2010-04-02,,
2010-04-03,,
2010-04-04,,
2010-04-05,,
2010-04-06,,
2010-04-07,,
2010-04-08,,
2010-04-09,,
2010-04-10,,
2010-04-11,,
2010-04-12,,
2010-04-13,,
2010-04-14,,
2010-04-15,,
2010-04-16,,
2010-04-17,,
2010-04-18,,
2010-04-19,,
2010-04-20,,
2010-04-21,,
2010-04-22,,
2010-04-23,,
2010-04-24,,
2010-04-25,,
2010-04-26,,
2010-04-27,,
2010-04-28,,
2010-04-29,,
2010-04-30,,
2010-05-01,,
2010-05-02,,
2010-05-03,,
2010-05-04,,
2010-05-05,,
2010-05-06,,
2010-05-07,,
2010-05-08,,
2010-05-09,,
2010-05-10,,
2010-05-11,,
2010-05-12,,
2010-05-13,,
2010-05-14,,
2010-05-15,,
2010-05-16,,
2010-05-17,,
2010-05-18,,
2010-05-19,,
2010-05-20,,
2010-05-21,,
2010-05-22,,
2010-05-23,,
2010-05-24,,
2010-05-25,,
2010-05-26,,
2010-05-27,,
2010-05-28,,
2010-05-29,,
2010-05-30,,
2010-05-31,,
2010-06-01,,
2010-06-02,,
2010-06-03,,
2010-06-04,,
2010-06-05,,
2010-06-06,,
2010-06-07,,
2010-06-08,,
2010-06-09,,
2010-06-10,,
2010-06-11,,
2010-06-12,,
2010-06-13,,
2010-06-14,,
2010-06-15,,
2010-06-16,,
2010-06-17,,
2010-06-18,,
2010-06-19,,
2010-06-20,,
2010-06-21,,
2010-06-22,,
2010-06-23,,
2010-06-24,,
2010-06-25,,
2010-06-26,,
2010-06-27,,
2010-06-28,,
2010-06-29,,
2010-06-30,,
2010-07-01,,
2010-07-02,,
2010-07-03,,
2010-07-04,,
2010-07-05,,
2010-07-06,,
2010-07-07,,
2010-07-08,,
2010-07-09,,
2010-07-10,,
2010-07-11,,
2010-07-12,,
2010-07-13,,
2010-07-14,,
2010-07-15,,
2010-07-16,,
2010-07-17,,
2010-07-18,,
2010-07-19,,
2010-07-20,,
2010-07-21,,
2010-07-22,,
2010-07-23,,
2010-07-24,,
2010-07-25,,
2010-07-26,,
2010-07-27,,
2010-07-28,,
2010-07-29,,
2010-07-30,,
2010-07-31,,
2010-08-01,,
2010-08-02,,
2010-08-03,,
2010-08-04,,
2010-08-05,,
2010-08-06,,
2010-08-07,,
2010-08-08,,
2010-08-09,,
2010-08-10,,
2010-08-11,,
2010-08-12,,
2010-08-13,,
2010-08-14,,
2010-08-15,,
2010-08-16,,
2010-08-17,,
2010-08-18,,
2010-08-19,,
2010-08-20,,
2010-08-21,,
2010-08-22,,
2010-08-23,,
2010-08-24,,
2010-08-25,,
2010-08-26,,
2010-08-27,,
2010-08-28,,
2010-08-29,,
2010-08-30,,
2010-08-31,,
2010-09-01,,
2010-09-02,,
2010-09-03,,
2010-09-04,,
2010-09-05,,
2010-09-06,,
2010-09-07,,
2010-09-08,,
2010-09-09,,
2010-09-10,,
2010-09-11,,
2010-09-12,,
2010-09-13,,
2010-09-14,,
2010-09-15,,
2010-09-16,,
2010-09-17,,
2010-09-18,,
2010-09-19,,
2010-09-20,,
2010-09-21,,
2010-09-22,,
2010-09-23,,
2010-09-24,,
2010-09-25,,
2010-09-26,,
2010-09-27,,
2010-09-28,,
2010-09-29,,
2010-09-30,,
2010-10-01,,
2010-10-02,,
2010-10-03,,
2010-10-04,,
2010-10-05,,
2010-10-06,,
2010-10-07,,
2010-10-08,,
2010-10-09,,
2010-10-10,,
2010-10-11,,
2010-10-12,,
2010-10-13,,
2010-10-14,,
2010-10-15,,
2010-10-16,,
2010-10-17,,
2010-10-18,,
2010-10-19,,
2010-10-20,,
2010-10-21,,
2010-10-22,,
2010-10-23,,
2010-10-24,,
2010-10-25,,
2010-10-26,,
2010-10-27,,
2010-10-28,,
2010-10-29,,
2010-10-30,,
2010-10-31,,
2010-11-01,,
2010-11-02,,
2010-11-03,,
2010-11-04,,
2010-11-05,,
2010-11-06,,
2010-11-07,,
2010-11-08,,
2010-11-09,,
2010-11-10,,
2010-11-11,,
2010-11-12,,
2010-11-13,,
2010-11-14,,
2010-11-15,,
2010-11-16,,
2010-11-17,,
2010-11-18,,
2010-11-19,,
2010-11-20,,
2010-11-21,,
2010-11-22,,
2010-11-23,,
2010-11-24,,
2010-11-25,,
2010-11-26,,
2010-11-27,,
2010-11-28,,
2010-11-29,,
2010-11-30,,
2010-12-01,,
2010-12-02,,
2010-12-03,,
2010-12-04,,
2010-12-05,,
2010-12-06,,
2010-12-07,,
2010-12-08,,
2010-12-09,,
2010-12-10,,
2010-12-11,,
2010-12-12,,
2010-12-13,,
2010-12-14,,
2010-12-15,,
2010-12-16,,
2010-12-17,,
2010-12-18,,
2010-12-19,,
2010-12-20,,
2010-12-21,,
2010-12-22,,
2010-12-23,,
2010-12-24,,
2010-12-25,,
2010-12-26,,
2010-12-27,,
2010-12-28,,
2010-12-29,,
2010-12-30,,
2010-12-31,,
2011-01-01,,
2011-01-02,,
2011-01-03,,
2011-01-04,,
2011-01-05,,
2011-01-06,,
2011-01-07,,
2011-01-08,,
2011-01-09,,
2011-01-10,,
2011-01-11,,
2011-01-12,,
2011-01-13,,
2011-01-14,,
2011-01-15,,
2011-01-16,,
2011-01-17,,
2011-01-18,,
2011-01-19,,
2011-01-20,,
2011-01-21,,
2011-01-22,,
2011-01-23,,
2011-01-24,,
2011-01-25,,
2011-01-26,,
2011-01-27,,
2011-01-28,,
2011-01-29,,
2011-01-30,,
2011-01-31,,
2011-02-01,,
2011-02-02,,
2011-02-03,,
2011-02-04,,
2011-02-05,,
2011-02-06,,
2011-02-07,,
2011-02-08,,
2011-02-09,,
2011-02-10,,
2011-02-11,,
2011-02-12,,
2011-02-13,,
2011-02-14,,
2011-02-15,,
2011-02-16,,
2011-02-17,,
2011-02-18,,
2011-02-19,,
2011-02-20,,
2011-02-21,,
2011-02-22,,
2011-02-23,,
2011-02-24,,
2011-02-25,,
2011-02-26,,
2011-02-27,,
2011-02-28,,
2011-03-01,,
2011-03-02,,
2011-03-03,,
2011-03-04,,
2011-03-05,,
2011-03-06,,
2011-03-07,,
2011-03-08,,
2011-03-09,,
2011-03-10,,
2011-03-11,,
2011-03-12,,
2011-03-13,,
2011-03-14,,
2011-03-15,,
2011-03-16,,
2011-03-17,,
2011-03-18,,
2011-03-19,,
2011-03-20,,
2011-03-21,,
2011-03-22,,
2011-03-23,,
2011-03-24,,
2011-03-25,,
2011-03-26,,
2011-03-27,,
2011-03-28,,
2011-03-29,,
2011-03-30,,
2011-03-31,,
2011-04-01,,
2011-04-02,,
2011-04-03,,
2011-04-04,,
2011-04-05,,
2011-04-06,,
2011-04-07,,
2011-04-08,,
2011-04-09,,
2011-04-10,,
2011-04-11,,
2011-04-12,,
2011-04-13,,
2011-04-14,,
2011-04-15,,
2011-04-16,,
2011-04-17,,
2011-04-18,,
2011-04-19,,
2011-04-20,,
2011-04-21,,
2011-04-22,,
2011-04-23,,
2011-04-24,,
2011-04-25,,
2011-04-26,,
2011-04-27,,
2011-04-28,,
2011-04-29,,
2011-04-30,,
2011-05-01,,
2011-05-02,,
2011-05-03,,
2011-05-04,,
2011-05-05,,
2011-05-06,,
2011-05-07,,
2011-05-08,,
2011-05-09,,
2011-05-10,,
2011-05-11,,
2011-05-12,,
2011-05-13,,
2011-05-14,,
2011-05-15,,
2011-05-16,,
2011-05-17,,
2011-05-18,,
2011-05-19,,
2011-05-20,,
2011-05-21,,
2011-05-22,,
2011-05-23,,
2011-05-24,,
2011-05-25,,
2011-05-26,,
2011-05-27,,
2011-05-28,,
2011-05-29,,
2011-05-30,,
2011-05-31,,
2011-06-01,,
2011-06-02,,
2011-06-03,,
2011-06-04,,
2011-06-05,,
2011-06-06,,
2011-06-07,,
2011-06-08,,
2011-06-09,,
2011-06-10,,
2011-06-11,,
2011-06-12,,
2011-06-13,,
2011-06-14,,
2011-06-15,,
2011-06-16,,
2011-06-17,,
2011-06-18,,
2011-06-19,,
2011-06-20,,
2011-06-21,,
2011-06-22,,
2011-06-23,,
2011-06-24,,
2011-06-25,,
2011-06-26,,
2011-06-27,,
2011-06-28,,
2011-06-29,,
2011-06-30,,
2011-07-01,,
2011-07-02,,
2011-07-03,,
2011-07-04,,
2011-07-05,,
2011-07-06,,
2011-07-07,,
2011-07-08,,
2011-07-09,,
2011-07-10,,
2011-07-11,,
2011-07-12,,
2011-07-13,,
2011-07-14,,
2011-07-15,,
2011-07-16,,
2011-07-17,,
2011-07-18,,
2011-07-19,,
2011-07-20,,
2011-07-21,,
2011-07-22,,
2011-07-23,,
2011-07-24,,
2011-07-25,,
2011-07-26,,
2011-07-27,,
2011-07-28,,
2011-07-29,,
2011-07-30,,
2011-07-31,,
2011-08-01,,
2011-08-02,,
2011-08-03,,
2011-08-04,,
2011-08-05,,
2011-08-06,,
2011-08-07,,
2011-08-08,,
2011-08-09,,
2011-08-10,,
2011-08-11,,
2011-08-12,,
2011-08-13,,
2011-08-14,,
2011-08-15,,
2011-08-16,,
2011-08-17,,
2011-08-18,,
2011-08-19,,
2011-08-20,,
2011-08-21,,
2011-08-22,,
2011-08-23,,
2011-08-24,,
2011-08-25,,
2011-08-26,,
2011-08-27,,
2011-08-28,,
2011-08-29,,
2011-08-30,,
2011-08-31,,
2011-09-01,,
2011-09-02,,
2011-09-03,,
2011-09-04,,
2011-09-05,,
2011-09-06,,
2011-09-07,,
2011-09-08,,
2011-09-09,,
2011-09-10,,
2011-09-11,,
2011-09-12,,
2011-09-13,,
2011-09-14,,
2011-09-15,,
2011-09-16,,
2011-09-17,,
2011-09-18,,
2011-09-19,,
2011-09-20,,
2011-09-21,,
2011-09-22,,
2011-09-23,,
2011-09-24,,
2011-09-25,,
2011-09-26,,
2011-09-27,,
2011-09-28,,
2011-09-29,,
2011-09-30,,
2011-10-01,,
2011-10-02,,
2011-10-03,,
2011-10-04,,
2011-10-05,,
2011-10-06,,
2011-10-07,,
2011-10-08,,
2011-10-09,,
2011-10-10,,
2011-10-11,,
2011-10-12,,
2011-10-13,,
2011-10-14,,
2011-10-15,,
2011-10-16,,
2011-10-17,,
2011-10-18,,
2011-10-19,,
2011-10-20,,
2011-10-21,,
2011-10-22,,
2011-10-23,,
2011-10-24,,
2011-10-25,,
2011-10-26,,
2011-10-27,,
2011-10-28,,
2011-10-29,,
2011-10-30,,
2011-10-31,,
2011-11-01,,
2011-11-02,,
2011-11-03,,
2011-11-04,,
2011-11-05,,
2011-11-06,,
2011-11-07,,
2011-11-08,,
2011-11-09,,
2011-11-10,,
2011-11-11,,
2011-11-12,,
2011-11-13,,
2011-11-14,,
2011-11-15,,
2011-11-16,,
2011-11-17,,
2011-11-18,,
2011-11-19,,
2011-11-20,,
2011-11-21,,
2011-11-22,,
2011-11-23,,
2011-11-24,,
2011-11-25,,
2011-11-26,,
2011-11-27,,
2011-11-28,,
2011-11-29,,
2011-11-30,,
2011-12-01,,
2011-12-02,,
2011-12-03,,
2011-12-04,,
2011-12-05,,
2011-12-06,,
2011-12-07,,
2011-12-08,,
2011-12-09,,
2011-12-10,,
2011-12-11,,
2011-12-12,,
2011-12-13,,
2011-12-14,,
2011-12-15,,
2011-12-16,,
2011-12-17,,
2011-12-18,,
2011-12-19,,
2011-12-20,,
2011-12-21,,
2011-12-22,,
2011-12-23,,
2011-12-24,,
2011-12-25,,
2011-12-26,,
2011-12-27,,
2011-12-28,,
2011-12-29,,
2011-12-30,,
2011-12-31,,
2012-01-01,,
2012-01-02,,
2012-01-03,,
2012-01-04,,
2012-01-05,,
2012-01-06,,
2012-01-07,,
2012-01-08,,
2012-01-09,,
2012-01-10,,
2012-01-11,,
2012-01-12,,
2012-01-13,,
2012-01-14,,
2012-01-15,,
2012-01-16,,
2012-01-17,,
2012-01-18,,
2012-01-19,,
2012-01-20,,
2012-01-21,,
2012-01-22,,
2012-01-23,,
2012-01-24,,
2012-01-25,,
2012-01-26,,
2012-01-27,,
2012-01-28,,
2012-01-29,,
2012-01-30,,
2012-01-31,,
2012-02-01,,
2012-02-02,,
2012-02-03,,
2012-02-04,,
2012-02-05,,
2012-02-06,,
2012-02-07,,
2012-02-08,,
2012-02-09,,
2012-02-10,,
2012-02-11,,
2012-02-12,,
2012-02-13,,
2012-02-14,,
2012-02-15,,
2012-02-16,,
2012-02-17,,
2012-02-18,,
2012-02-19,,
2012-02-20,,
2012-02-21,,
2012-02-22,,
2012-02-23,,
2012-02-24,,
2012-02-25,,
2012-02-26,,
2012-02-27,,
2012-02-28,,
2012-02-29,,
2012-03-01,,
2012-03-02,,
2012-03-03,,
2012-03-04,,
2012-03-05,,
2012-03-06,,
2012-03-07,,
2012-03-08,,
2012-03-09,,
2012-03-10,,
2012-03-11,,
2012-03-12,,
2012-03-13,,
2012-03-14,,
2012-03-15,,
2012-03-16,,
2012-03-17,,
2012-03-18,,
2012-03-19,,
2012-03-20,,
2012-03-21,,
2012-03-22,,
2012-03-23,,
2012-03-24,,
2012-03-25,,
2012-03-26,,
2012-03-27,,
2012-03-28,,
2012-03-29,,
2012-03-30,,
2012-03-31,,
2012-04-01,,
2012-04-02,,
2012-04-03,,
2012-04-04,,
2012-04-05,,
2012-04-06,,
2012-04-07,,
2012-04-08,,
2012-04-09,,
2012-04-10,,
2012-04-11,,
2012-04-12,,
2012-04-13,,
2012-04-14,,
2012-04-15,,
2012-04-16,,
2012-04-17,,
2012-04-18,,
2012-04-19,,
2012-04-20,,
2012-04-21,,
2012-04-22,,
2012-04-23,,
2012-04-24,,
2012-04-25,,
2012-04-26,,
2012-04-27,,
2012-04-28,,
2012-04-29,,
2012-04-30,,
2012-05-01,,
2012-05-02,,
2012-05-03,,
2012-05-04,,
2012-05-05,,
2012-05-06,,
2012-05-07,,
2012-05-08,,
2012-05-09,,
2012-05-10,,
2012-05-11,,
2012-05-12,,
2012-05-13,,
2012-05-14,,
2012-05-15,,
2012-05-16,,
2012-05-17,,
2012-05-18,,
2012-05-19,,
2012-05-20,,
2012-05-21,,
2012-05-22,,
2012-05-23,,
2012-05-24,,
2012-05-25,,
2012-05-26,,
2012-05-27,,
2012-05-28,,
2012-05-29,,
2012-05-30,,
2012-05-31,,
2012-06-01,,
2012-06-02,,
2012-06-03,,
2012-06-04,,
2012-06-05,,
2012-06-06,,
2012-06-07,,
2012-06-08,,
2012-06-09,,
2012-06-10,,
2012-06-11,,
2012-06-12,,
2012-06-13,,
2012-06-14,,
2012-06-15,,
2012-06-16,,
2012-06-17,,
2012-06-18,,
2012-06-19,,
2012-06-20,,
2012-06-21,,
2012-06-22,,
2012-06-23,,
2012-06-24,,
2012-06-25,,
2012-06-26,,
2012-06-27,,
2012-06-28,,
2012-06-29,,
2012-06-30,,
2012-07-01,,
2012-07-02,,
2012-07-03,,
2012-07-04,,
2012-07-05,,
2012-07-06,,
2012-07-07,,
2012-07-08,,
2012-07-09,,
2012-07-10,,
2012-07-11,,
2012-07-12,,
2012-07-13,,
2012-07-14,,
2012-07-15,,
2012-07-16,,
2012-07-17,,
2012-07-18,,
2012-07-19,,
2012-07-20,,
2012-07-21,,
2012-07-22,,
2012-07-23,,
2012-07-24,,
2012-07-25,,
2012-07-26,,
2012-07-27,,
2012-07-28,,
2012-07-29,,
2012-07-30,,
2012-07-31,,
2012-08-01,,
2012-08-02,,
2012-08-03,,
2012-08-04,,
2012-08-05,,
2012-08-06,,
2012-08-07,,
2012-08-08,,
2012-08-09,,
2012-08-10,,
2012-08-11,,
2012-08-12,,
2012-08-13,,
2012-08-14,,
2012-08-15,,
2012-08-16,,
2012-08-17,,
2012-08-18,,
2012-08-19,,
2012-08-20,,
2012-08-21,,
2012-08-22,,
2012-08-23,,
2012-08-24,,
2012-08-25,,
2012-08-26,,
2012-08-27,,
2012-08-28,,
2012-08-29,,
2012-08-30,,
2012-08-31,,
2012-09-01,,
2012-09-02,,
2012-09-03,,
2012-09-04,,
2012-09-05,,
2012-09-06,,
2012-09-07,,
2012-09-08,,
2012-09-09,,
2012-09-10,,
2012-09-11,,
2012-09-12,,
2012-09-13,,
2012-09-14,,
2012-09-15,,
2012-09-16,,
2012-09-17,,
2012-09-18,,
2012-09-19,,
2012-09-20,,
2012-09-21,,
2012-09-22,,
2012-09-23,,
2012-09-24,,
2012-09-25,,
2012-09-26,,
2012-09-27,,
2012-09-28,,
2012-09-29,,
2012-09-30,,
2012-10-01,,
2012-10-02,,
2012-10-03,,
2012-10-04,,
2012-10-05,,
2012-10-06,,
2012-10-07,,
2012-10-08,,
2012-10-09,,
2012-10-10,,
2012-10-11,,
2012-10-12,,
2012-10-13,,
2012-10-14,,
2012-10-15,,
2012-10-16,,
2012-10-17,,
2012-10-18,,
2012-10-19,,
2012-10-20,,
2012-10-21,,
2012-10-22,,
2012-10-23,,
2012-10-24,,
2012-10-25,,
2012-10-26,,
2012-10-27,,
2012-10-28,,
2012-10-29,,
2012-10-30,,
2012-10-31,,
2012-11-01,,
2012-11-02,,
2012-11-03,,
2012-11-04,,
2012-11-05,,
2012-11-06,,
2012-11-07,,
2012-11-08,,
2012-11-09,,
2012-11-10,,
2012-11-11,,
2012-11-12,,
2012-11-13,,
2012-11-14,,
2012-11-15,,
2012-11-16,,
2012-11-17,,
2012-11-18,,
2012-11-19,,
2012-11-20,,
2012-11-21,,
2012-11-22,,
2012-11-23,,
2012-11-24,,
2012-11-25,,
2012-11-26,,
2012-11-27,,
2012-11-28,,
2012-11-29,,
2012-11-30,,
2012-12-01,,
2012-12-02,,
2012-12-03,,
2012-12-04,,
2012-12-05,,
2012-12-06,,
2012-12-07,,
2012-12-08,,
2012-12-09,,
2012-12-10,,
2012-12-11,,
2012-12-12,,
2012-12-13,,
2012-12-14,,
2012-12-15,,
2012-12-16,,
2012-12-17,,
2012-12-18,,
2012-12-19,,
2012-12-20,,
2012-12-21,,
2012-12-22,,
2012-12-23,,
2012-12-24,,
2012-12-25,,
2012-12-26,,
2012-12-27,,
2012-12-28,,
2012-12-29,,
2012-12-30,,
2012-12-31,,
2013-01-01,,
2013-01-02,,
2013-01-03,,
2013-01-04,,
2013-01-05,,
2013-01-06,,
2013-01-07,,
2013-01-08,,
2013-01-09,,
2013-01-10,,
2013-01-11,,
2013-01-12,,
2013-01-13,,
2013-01-14,,
2013-01-15,,
2013-01-16,,
2013-01-17,,
2013-01-18,,
2013-01-19,,
2013-01-20,,
2013-01-21,,
2013-01-22,,
2013-01-23,,
2013-01-24,,
2013-01-25,,
2013-01-26,,
2013-01-27,,
2013-01-28,,
2013-01-29,,
2013-01-30,,
2013-01-31,,
2013-02-01,,
2013-02-02,,
2013-02-03,,
2013-02-04,,
2013-02-05,,
2013-02-06,,
2013-02-07,,
2013-02-08,,
2013-02-09,,
2013-02-10,,
2013-02-11,,
2013-02-12,,
2013-02-13,,
2013-02-14,,
2013-02-15,,
2013-02-16,,
2013-02-17,,
2013-02-18,,
2013-02-19,,
2013-02-20,,
2013-02-21,,
2013-02-22,,
2013-02-23,,
2013-02-24,,
2013-02-25,,
2013-02-26,,
2013-02-27,,
2013-02-28,,
2013-03-01,,
2013-03-02,,
2013-03-03,,
2013-03-04,,
2013-03-05,,
2013-03-06,,
2013-03-07,,
2013-03-08,,
2013-03-09,,
2013-03-10,,
2013-03-11,,
2013-03-12,,
2013-03-13,,
2013-03-14,,
2013-03-15,,
2013-03-16,,
2013-03-17,,
2013-03-18,,
2013-03-19,,
2013-03-20,,
2013-03-21,,
2013-03-22,,
2013-03-23,,
2013-03-24,,
2013-03-25,,
2013-03-26,,
2013-03-27,,
2013-03-28,,
2013-03-29,,
2013-03-30,,
2013-03-31,,
2013-04-01,,
2013-04-02,,
2013-04-03,,
2013-04-04,,
2013-04-05,,
2013-04-06,,
2013-04-07,,
2013-04-08,,
2013-04-09,,
2013-04-10,,
2013-04-11,,
2013-04-12,,
2013-04-13,,
2013-04-14,,
2013-04-15,,
2013-04-16,,
2013-04-17,,
2013-04-18,,
2013-04-19,,
2013-04-20,,
2013-04-21,,
2013-04-22,,
2013-04-23,,
2013-04-24,,
2013-04-25,,
2013-04-26,,
2013-04-27,,
2013-04-28,,
2013-04-29,,
2013-04-30,,
2013-05-01,,
2013-05-02,,
2013-05-03,,
2013-05-04,,
2013-05-05,,
2013-05-06,,
2013-05-07,,
2013-05-08,,
2013-05-09,,
2013-05-10,,
2013-05-11,,
2013-05-12,,
2013-05-13,,
2013-05-14,,
2013-05-15,,
2013-05-16,,
2013-05-17,,
2013-05-18,,
2013-05-19,,
2013-05-20,,
2013-05-21,,
2013-05-22,,
2013-05-23,,
2013-05-24,,
2013-05-25,,
2013-05-26,,
2013-05-27,,
2013-05-28,,
2013-05-29,,
2013-05-30,,
2013-05-31,,
2013-06-01,,
2013-06-02,,
2013-06-03,,
2013-06-04,,
2013-06-05,,
2013-06-06,,
2013-06-07,,
2013-06-08,,
2013-06-09,,
2013-06-10,,
2013-06-11,,
2013-06-12,,
2013-06-13,,
2013-06-14,,
2013-06-15,,
2013-06-16,,
2013-06-17,,
2013-06-18,,
2013-06-19,,
2013-06-20,,
2013-06-21,,
2013-06-22,,
2013-06-23,,
2013-06-24,,
2013-06-25,,
2013-06-26,,
2013-06-27,,
2013-06-28,,
2013-06-29,,
2013-06-30,,
2013-07-01,,
2013-07-02,,
2013-07-03,,
2013-07-04,,
2013-07-05,,
2013-07-06,,
2013-07-07,,
2013-07-08,,
2013-07-09,,
2013-07-10,,
2013-07-11,,
2013-07-12,,
2013-07-13,,
2013-07-14,,
2013-07-15,,
2013-07-16,,
2013-07-17,,
2013-07-18,,
2013-07-19,,
2013-07-20,,
2013-07-21,,
2013-07-22,,
2013-07-23,,
2013-07-24,,
2013-07-25,,
2013-07-26,,
2013-07-27,,
2013-07-28,,
2013-07-29,,
2013-07-30,,
2013-07-31,,
2013-08-01,,
2013-08-02,,
2013-08-03,,
2013-08-04,,
2013-08-05,,
2013-08-06,,
2013-08-07,,
2013-08-08,,
2013-08-09,,
2013-08-10,,
2013-08-11,,
2013-08-12,,
2013-08-13,,
2013-08-14,,
2013-08-15,,
2013-08-16,,
2013-08-17,,
2013-08-18,,
2013-08-19,,
2013-08-20,,
2013-08-21,,
2013-08-22,,
2013-08-23,,
2013-08-24,,
2013-08-25,,
2013-08-26,,
2013-08-27,,
2013-08-28,,
2013-08-29,,
2013-08-30,,
2013-08-31,,
2013-09-01,,
2013-09-02,,
2013-09-03,,
2013-09-04,,
2013-09-05,,
2013-09-06,,
2013-09-07,,
2013-09-08,,
2013-09-09,,
2013-09-10,,
2013-09-11,,
2013-09-12,,
2013-09-13,,
2013-09-14,,
2013-09-15,,
2013-09-16,,
2013-09-17,,
2013-09-18,,
2013-09-19,,
2013-09-20,,
2013-09-21,,
2013-09-22,,
2013-09-23,,
2013-09-24,,
2013-09-25,,
2013-09-26,,
2013-09-27,,
2013-09-28,,
2013-09-29,,
2013-09-30,,
2013-10-01,,
2013-10-02,,
2013-10-03,,
2013-10-04,,
2013-10-05,,
2013-10-06,,
2013-10-07,,
2013-10-08,,
2013-10-09,,
2013-10-10,,
2013-10-11,,
2013-10-12,,
2013-10-13,,
2013-10-14,,
2013-10-15,,
2013-10-16,,
2013-10-17,,
2013-10-18,,
2013-10-19,,
2013-10-20,,
2013-10-21,,
2013-10-22,,
2013-10-23,,
2013-10-24,,
2013-10-25,,
2013-10-26,,
2013-10-27,,
2013-10-28,,
2013-10-29,,
2013-10-30,,
2013-10-31,,
2013-11-01,,
2013-11-02,,
2013-11-03,,
2013-11-04,,
2013-11-05,,
2013-11-06,,
2013-11-07,,
2013-11-08,,
2013-11-09,,
2013-11-10,,
2013-11-11,,
2013-11-12,,
2013-11-13,,
2013-11-14,,
2013-11-15,,
2013-11-16,,
2013-11-17,,
2013-11-18,,
2013-11-19,,
2013-11-20,,
2013-11-21,,
2013-11-22,,
2013-11-23,,
2013-11-24,,
2013-11-25,,
2013-11-26,,
2013-11-27,,
2013-11-28,,
2013-11-29,,
2013-11-30,,
2013-12-01,,
2013-12-02,,
2013-12-03,,
2013-12-04,,
2013-12-05,,
2013-12-06,,
2013-12-07,,
2013-12-08,,
2013-12-09,,
2013-12-10,,
2013-12-11,,
2013-12-12,,
2013-12-13,,
2013-12-14,,
2013-12-15,,
2013-12-16,,
2013-12-17,,
2013-12-18,,
2013-12-19,,
2013-12-20,,
2013-12-21,,
2013-12-22,,
2013-12-23,,
2013-12-24,,
2013-12-25,,
2013-12-26,,
2013-12-27,,
2013-12-28,,
2013-12-29,,
2013-12-30,,
2013-12-31,,
2014-01-01,,
2014-01-02,,
2014-01-03,,
2014-01-04,,
2014-01-05,,
2014-01-06,,
2014-01-07,,
2014-01-08,,
2014-01-09,,
2014-01-10,,
2014-01-11,,
2014-01-12,,
2014-01-13,,
2014-01-14,,
2014-01-15,,
2014-01-16,,
2014-01-17,,
2014-01-18,,
2014-01-19,,
2014-01-20,,
2014-01-21,,
2014-01-22,,
2014-01-23,,
2014-01-24,,
2014-01-25,,
2014-01-26,,
2014-01-27,,
2014-01-28,,
2014-01-29,,
2014-01-30,,
2014-01-31,,
2014-02-01,,
2014-02-02,,
2014-02-03,,
2014-02-04,,
2014-02-05,,
2014-02-06,,
2014-02-07,,
2014-02-08,,
2014-02-09,,
2014-02-10,,
2014-02-11,,
2014-02-12,,
2014-02-13,,
2014-02-14,,
2014-02-15,,
2014-02-16,,
2014-02-17,,
2014-02-18,,
2014-02-19,,
2014-02-20,,
2014-02-21,,
2014-02-22,,
2014-02-23,,
2014-02-24,,
2014-02-25,,
2014-02-26,,
2014-02-27,,
2014-02-28,,
2014-03-01,,
2014-03-02,,
2014-03-03,,
2014-03-04,,
2014-03-05,,
2014-03-06,,
2014-03-07,,
2014-03-08,,
2014-03-09,,
2014-03-10,,
2014-03-11,,
2014-03-12,,
2014-03-13,,
2014-03-14,,
2014-03-15,,
2014-03-16,,
2014-03-17,,
2014-03-18,,
2014-03-19,,
2014-03-20,,
2014-03-21,,
2014-03-22,,
2014-03-23,,
2014-03-24,,
2014-03-25,,
2014-03-26,,
2014-03-27,,
2014-03-28,,
2014-03-29,,
2014-03-30,,
2014-03-31,,
2014-04-01,,
2014-04-02,,
2014-04-03,,
2014-04-04,,
2014-04-05,,
2014-04-06,,
2014-04-07,,
2014-04-08,,
2014-04-09,,
2014-04-10,,
2014-04-11,,
2014-04-12,,
2014-04-13,,
2014-04-14,,
2014-04-15,,
2014-04-16,,
2014-04-17,,
2014-04-18,,
2014-04-19,,
2014-04-20,,
2014-04-21,,
2014-04-22,,
2014-04-23,,
2014-04-24,,
2014-04-25,,
2014-04-26,,
2014-04-27,,
2014-04-28,,
2014-04-29,,
2014-04-30,,
2014-05-01,,
2014-05-02,,
2014-05-03,,
2014-05-04,,
2014-05-05,,
2014-05-06,,
2014-05-07,,
2014-05-08,,
2014-05-09,,
2014-05-10,,
2014-05-11,,
2014-05-12,,
2014-05-13,,
2014-05-14,,
2014-05-15,,
2014-05-16,,
2014-05-17,,
2014-05-18,,
2014-05-19,,
2014-05-20,,
2014-05-21,,
2014-05-22,,
2014-05-23,,
2014-05-24,,
2014-05-25,,
2014-05-26,,
2014-05-27,,
2014-05-28,,
2014-05-29,,
2014-05-30,,
2014-05-31,,
2014-06-01,,
2014-06-02,,
2014-06-03,,
2014-06-04,,
2014-06-05,,
2014-06-06,,
2014-06-07,,
2014-06-08,,
2014-06-09,,
2014-06-10,,
2014-06-11,,
2014-06-12,,
2014-06-13,,
2014-06-14,,
2014-06-15,,
2014-06-16,,
2014-06-17,,
2014-06-18,,
2014-06-19,,
2014-06-20,,
2014-06-21,,
2014-06-22,,
2014-06-23,,
2014-06-24,,
2014-06-25,,
2014-06-26,,
2014-06-27,,
2014-06-28,,
2014-06-29,,
2014-06-30,,
2014-07-01,,
2014-07-02,,
2014-07-03,,
2014-07-04,,
2014-07-05,,
2014-07-06,,
2014-07-07,,
2014-07-08,,
2014-07-09,,
2014-07-10,,
2014-07-11,,
2014-07-12,,
2014-07-13,,
2014-07-14,,
2014-07-15,,
2014-07-16,,
2014-07-17,,
2014-07-18,,
2014-07-19,,
2014-07-20,,
2014-07-21,,
2014-07-22,,
2014-07-23,,
2014-07-24,,
2014-07-25,,
2014-07-26,,
2014-07-27,,
2014-07-28,,
2014-07-29,,
2014-07-30,,
2014-07-31,,
2014-08-01,,
2014-08-02,,
2014-08-03,,
2014-08-04,,
2014-08-05,,
2014-08-06,,
2014-08-07,,
2014-08-08,,
2014-08-09,,
2014-08-10,,
2014-08-11,,
2014-08-12,,
2014-08-13,,
2014-08-14,,
2014-08-15,,
2014-08-16,,
2014-08-17,,
2014-08-18,,
2014-08-19,,
2014-08-20,,
2014-08-21,,
2014-08-22,,
2014-08-23,,
2014-08-24,,
2014-08-25,,
2014-08-26,,
2014-08-27,,
2014-08-28,,
2014-08-29,,
2014-08-30,,
2014-08-31,,
2014-09-01,,
2014-09-02,,
2014-09-03,,
2014-09-04,,
2014-09-05,,
2014-09-06,,
2014-09-07,,
2014-09-08,,
2014-09-09,,
2014-09-10,,
2014-09-11,,
2014-09-12,,
2014-09-13,,
2014-09-14,,
2014-09-15,,
2014-09-16,,
2014-09-17,,
2014-09-18,,
2014-09-19,,
2014-09-20,,
2014-09-21,,
2014-09-22,,
2014-09-23,,
2014-09-24,,
2014-09-25,,
2014-09-26,,
2014-09-27,,
2014-09-28,,
2014-09-29,,
2014-09-30,,
2014-10-01,,
2014-10-02,,
2014-10-03,,
2014-10-04,,
2014-10-05,,
2014-10-06,,
2014-10-07,,
2014-10-08,,
2014-10-09,,
2014-10-10,,
2014-10-11,,
2014-10-12,,
2014-10-13,,
2014-10-14,,
2014-10-15,,
2014-10-16,,
2014-10-17,,
2014-10-18,,
2014-10-19,,
2014-10-20,,
2014-10-21,,
2014-10-22,,
2014-10-23,,
2014-10-24,,
2014-10-25,,
2014-10-26,,
2014-10-27,,
2014-10-28,,
2014-10-29,,
2014-10-30,,
2014-10-31,,
2014-11-01,,
2014-11-02,,
2014-11-03,,
2014-11-04,,
2014-11-05,,
2014-11-06,,
2014-11-07,,
2014-11-08,,
2014-11-09,,
2014-11-10,,
2014-11-11,,
2014-11-12,,
2014-11-13,,
2014-11-14,,
2014-11-15,,
2014-11-16,,
2014-11-17,,
2014-11-18,,
2014-11-19,,
2014-11-20,,
2014-11-21,,
2014-11-22,,
2014-11-23,,
2014-11-24,,
2014-11-25,,
2014-11-26,,
2014-11-27,,
2014-11-28,,
2014-11-29,,
2014-11-30,,
2014-12-01,,
2014-12-02,,
2014-12-03,,
2014-12-04,,
2014-12-05,,
2014-12-06,,
2014-12-07,,
2014-12-08,,
2014-12-09,,
2014-12-10,,
2014-12-11,,
2014-12-12,,
2014-12-13,,
2014-12-14,,
2014-12-15,,
2014-12-16,,
2014-12-17,,
2014-12-18,,
2014-12-19,,
2014-12-20,,
2014-12-21,,
2014-12-22,,
2014-12-23,,
2014-12-24,,
2014-12-25,,
2014-12-26,,
2014-12-27,,
2014-12-28,,
2014-12-29,,
2014-12-30,,
2014-12-31,,
2015-01-01,,
2015-01-02,,
2015-01-03,,
2015-01-04,,
2015-01-05,,
2015-01-06,,
2015-01-07,,
2015-01-08,,
2015-01-09,,
2015-01-10,,
2015-01-11,,
2015-01-12,,
2015-01-13,,
2015-01-14,,
2015-01-15,,
2015-01-16,,
2015-01-17,,
2015-01-18,,
2015-01-19,,
2015-01-20,,
2015-01-21,,
2015-01-22,,
2015-01-23,,
2015-01-24,,
2015-01-25,,
2015-01-26,,
2015-01-27,,
2015-01-28,,
2015-01-29,,
2015-01-30,,
2015-01-31,,
2015-02-01,,
2015-02-02,,
2015-02-03,,
2015-02-04,,
2015-02-05,,
2015-02-06,,
2015-02-07,,
2015-02-08,,
2015-02-09,,
2015-02-10,,
2015-02-11,,
2015-02-12,,
2015-02-13,,
2015-02-14,,
2015-02-15,,
2015-02-16,,
2015-02-17,,
2015-02-18,,
2015-02-19,,
2015-02-20,,
2015-02-21,,
2015-02-22,,
2015-02-23,,
2015-02-24,,
2015-02-25,,
2015-02-26,,
2015-02-27,,
2015-02-28,,
2015-03-01,,
2015-03-02,,
2015-03-03,,
2015-03-04,,
2015-03-05,,
2015-03-06,,
2015-03-07,,
2015-03-08,,
2015-03-09,,
2015-03-10,,
2015-03-11,,
2015-03-12,,
2015-03-13,,
2015-03-14,,
2015-03-15,,
2015-03-16,,
2015-03-17,,
2015-03-18,,
2015-03-19,,
2015-03-20,,
2015-03-21,,
2015-03-22,,
2015-03-23,,
2015-03-24,,
2015-03-25,,
2015-03-26,,
2015-03-27,,
2015-03-28,,
2015-03-29,,
2015-03-30,,
2015-03-31,,
2015-04-01,,
2015-04-02,,
2015-04-03,,
2015-04-04,,
2015-04-05,,
2015-04-06,,
2015-04-07,,
2015-04-08,,
2015-04-09,,
2015-04-10,,
2015-04-11,,
2015-04-12,,
2015-04-13,,
2015-04-14,,
2015-04-15,,
2015-04-16,,
2015-04-17,,
2015-04-18,,
2015-04-19,,
2015-04-20,,
2015-04-21,,
2015-04-22,,
2015-04-23,,
2015-04-24,,
2015-04-25,,
2015-04-26,,
2015-04-27,,
2015-04-28,,
2015-04-29,,
2015-04-30,,
2015-05-01,,
2015-05-02,,
2015-05-03,,
2015-05-04,,
2015-05-05,,
2015-05-06,,
2015-05-07,,
2015-05-08,,
2015-05-09,,
2015-05-10,,
2015-05-11,,
2015-05-12,,
2015-05-13,,
2015-05-14,,
2015-05-15,,
2015-05-16,,
2015-05-17,,
2015-05-18,,
2015-05-19,,
2015-05-20,,
2015-05-21,,
2015-05-22,,
2015-05-23,,
2015-05-24,,
2015-05-25,,
2015-05-26,,
2015-05-27,,
2015-05-28,,
2015-05-29,,
2015-05-30,,
2015-05-31,,
2015-06-01,,
2015-06-02,,
2015-06-03,,
2015-06-04,,
2015-06-05,,
2015-06-06,,
2015-06-07,,
2015-06-08,,
2015-06-09,,
2015-06-10,,
2015-06-11,,
2015-06-12,,
2015-06-13,,
2015-06-14,,
2015-06-15,,
2015-06-16,,
2015-06-17,,
2015-06-18,,
2015-06-19,,
2015-06-20,,
2015-06-21,,
2015-06-22,,
2015-06-23,,
2015-06-24,,
2015-06-25,,
2015-06-26,,
2015-06-27,,
2015-06-28,,
2015-06-29,,
2015-06-30,,
2015-07-01,,
2015-07-02,,
2015-07-03,,
2015-07-04,,
2015-07-05,,
2015-07-06,,
2015-07-07,,
2015-07-08,,
2015-07-09,,
2015-07-10,,
2015-07-11,,
2015-07-12,,
2015-07-13,,
2015-07-14,,
2015-07-15,,
2015-07-16,,
2015-07-17,,
2015-07-18,,
2015-07-19,,
2015-07-20,,
2015-07-21,,
2015-07-22,,
2015-07-23,,
2015-07-24,,
2015-07-25,,
2015-07-26,,
2015-07-27,,
2015-07-28,,
2015-07-29,,
2015-07-30,,
2015-07-31,,
2015-08-01,,
2015-08-02,,
2015-08-03,,
2015-08-04,,
2015-08-05,,
2015-08-06,,
2015-08-07,,
2015-08-08,,
2015-08-09,,
2015-08-10,,
2015-08-11,,
2015-08-12,,
2015-08-13,,
2015-08-14,,
2015-08-15,,
2015-08-16,,
2015-08-17,,
2015-08-18,,
2015-08-19,,
2015-08-20,,
2015-08-21,,
2015-08-22,,
2015-08-23,,
2015-08-24,,
2015-08-25,,
2015-08-26,,
2015-08-27,,
2015-08-28,,
2015-08-29,,
2015-08-30,,
2015-08-31,,
2015-09-01,,
2015-09-02,,
2015-09-03,,
2015-09-04,,
2015-09-05,,
2015-09-06,,
2015-09-07,,
2015-09-08,,
2015-09-09,,
2015-09-10,,
2015-09-11,,
2015-09-12,,
2015-09-13,,
2015-09-14,,
2015-09-15,,
2015-09-16,,
2015-09-17,,
2015-09-18,,
2015-09-19,,
2015-09-20,,
2015-09-21,,
2015-09-22,,
2015-09-23,,
2015-09-24,,
2015-09-25,,
2015-09-26,,
2015-09-27,,
2015-09-28,,
2015-09-29,,
2015-09-30,,
2015-10-01,,
2015-10-02,,
2015-10-03,,
2015-10-04,,
2015-10-05,,
2015-10-06,,
2015-10-07,,
2015-10-08,,
2015-10-09,,
2015-10-10,,
2015-10-11,,
2015-10-12,,
2015-10-13,,
2015-10-14,,
2015-10-15,,
2015-10-16,,
2015-10-17,,
2015-10-18,,
2015-10-19,,
2015-10-20,,
2015-10-21,,
2015-10-22,,
2015-10-23,,
2015-10-24,,
2015-10-25,,
2015-10-26,,
2015-10-27,,
2015-10-28,,
2015-10-29,,
2015-10-30,,
2015-10-31,,
2015-11-01,,
2015-11-02,,
2015-11-03,,
2015-11-04,,
2015-11-05,,
2015-11-06,,
2015-11-07,,
2015-11-08,,
2015-11-09,,
2015-11-10,,
2015-11-11,,
2015-11-12,,
2015-11-13,,
2015-11-14,,
2015-11-15,,
2015-11-16,,
2015-11-17,,
2015-11-18,,
2015-11-19,,
2015-11-20,,
2015-11-21,,
2015-11-22,,
2015-11-23,,
2015-11-24,,
2015-11-25,,
2015-11-26,,
2015-11-27,,
2015-11-28,,
2015-11-29,,
2015-11-30,,
2015-12-01,,
2015-12-02,,
2015-12-03,,
2015-12-04,,
2015-12-05,,
2015-12-06,,
2015-12-07,,
2015-12-08,,
2015-12-09,,
2015-12-10,,
2015-12-11,,
2015-12-12,,
2015-12-13,,
2015-12-14,,
2015-12-15,,
2015-12-16,,
2015-12-17,,
2015-12-18,,
2015-12-19,,
2015-12-20,,
2015-12-21,,
2015-12-22,,
2015-12-23,,
2015-12-24,,
2015-12-25,,
2015-12-26,,
2015-12-27,,
2015-12-28,,
2015-12-29,,
2015-12-30,,
2015-12-31,,
2016-01-01,,
2016-01-02,,
2016-01-03,,
2016-01-04,,
2016-01-05,,
2016-01-06,,
2016-01-07,,
2016-01-08,,
2016-01-09,,
2016-01-10,,
2016-01-11,,
2016-01-12,,
2016-01-13,,
2016-01-14,,
2016-01-15,,
2016-01-16,,
2016-01-17,,
2016-01-18,,
2016-01-19,,
2016-01-20,,
2016-01-21,,
2016-01-22,,
2016-01-23,,
2016-01-24,,
2016-01-25,,
2016-01-26,,
2016-01-27,,
2016-01-28,,
2016-01-29,,
2016-01-30,,
2016-01-31,,
2016-02-01,,
2016-02-02,,
2016-02-03,,
2016-02-04,,
2016-02-05,,
2016-02-06,,
2016-02-07,,
2016-02-08,,
2016-02-09,,
2016-02-10,,
2016-02-11,,
2016-02-12,,
2016-02-13,,
2016-02-14,,
2016-02-15,,
2016-02-16,,
2016-02-17,,
2016-02-18,,
2016-02-19,,
2016-02-20,,
2016-02-21,,
2016-02-22,,
2016-02-23,,
2016-02-24,,
2016-02-25,,
2016-02-26,,
2016-02-27,,
2016-02-28,,
2016-02-29,,
2016-03-01,,
2016-03-02,,
2016-03-03,,
2016-03-04,,
2016-03-05,,
2016-03-06,,
2016-03-07,,
2016-03-08,,
2016-03-09,,
2016-03-10,,
2016-03-11,,
2016-03-12,,
2016-03-13,,
2016-03-14,,
2016-03-15,,
2016-03-16,,
2016-03-17,,
2016-03-18,,
2016-03-19,,
2016-03-20,,
2016-03-21,,
2016-03-22,,
2016-03-23,,
2016-03-24,,
2016-03-25,,
2016-03-26,,
2016-03-27,,
2016-03-28,,
2016-03-29,,
2016-03-30,,
2016-03-31,,
2016-04-01,,
2016-04-02,,
2016-04-03,,
2016-04-04,,
2016-04-05,,
2016-04-06,,
2016-04-07,,
2016-04-08,,
2016-04-09,,
2016-04-10,,
2016-04-11,,
2016-04-12,,
2016-04-13,,
2016-04-14,,
2016-04-15,,
2016-04-16,,
2016-04-17,,
2016-04-18,,
2016-04-19,,
2016-04-20,,
2016-04-21,,
2016-04-22,,
2016-04-23,,
2016-04-24,,
2016-04-25,,
2016-04-26,,
2016-04-27,,
2016-04-28,,
2016-04-29,,
2016-04-30,,
2016-05-01,,
2016-05-02,,
2016-05-03,,
2016-05-04,,
2016-05-05,,
2016-05-06,,
2016-05-07,,
2016-05-08,,
2016-05-09,,
2016-05-10,,
2016-05-11,,
2016-05-12,,
2016-05-13,,
2016-05-14,,
2016-05-15,,
2016-05-16,,
2016-05-17,,
2016-05-18,,
2016-05-19,,
2016-05-20,,
2016-05-21,,
2016-05-22,,
2016-05-23,,
2016-05-24,,
2016-05-25,,
2016-05-26,,
2016-05-27,,
2016-05-28,,
2016-05-29,,
2016-05-30,,
2016-05-31,,
2016-06-01,,
2016-06-02,,
2016-06-03,,
2016-06-04,,
2016-06-05,,
2016-06-06,,
2016-06-07,,
2016-06-08,,
2016-06-09,,
2016-06-10,,
2016-06-11,,
2016-06-12,,
2016-06-13,,
2016-06-14,,
2016-06-15,,
2016-06-16,,
2016-06-17,,
2016-06-18,,
2016-06-19,,
2016-06-20,,
2016-06-21,,
2016-06-22,,
2016-06-23,,
2016-06-24,,
2016-06-25,,
2016-06-26,,
2016-06-27,,
2016-06-28,,
2016-06-29,,
2016-06-30,,
2016-07-01,,
2016-07-02,,
2016-07-03,,
2016-07-04,,
2016-07-05,,
2016-07-06,,
2016-07-07,,
2016-07-08,,
2016-07-09,,
2016-07-10,,
2016-07-11,,
2016-07-12,,
2016-07-13,,
2016-07-14,,
2016-07-15,,
2016-07-16,,
2016-07-17,,
2016-07-18,,
2016-07-19,,
2016-07-20,,
2016-07-21,,
2016-07-22,,
2016-07-23,,
2016-07-24,,
2016-07-25,,
2016-07-26,,
2016-07-27,,
2016-07-28,,
2016-07-29,,
2016-07-30,,
2016-07-31,,
2016-08-01,,
2016-08-02,,
2016-08-03,,
2016-08-04,,
2016-08-05,,
2016-08-06,,
2016-08-07,,
2016-08-08,,
2016-08-09,,
2016-08-10,,
2016-08-11,,
2016-08-12,,
2016-08-13,,
2016-08-14,,
2016-08-15,,
2016-08-16,,
2016-08-17,,
2016-08-18,,
2016-08-19,,
2016-08-20,,
2016-08-21,,
2016-08-22,,
2016-08-23,,
2016-08-24,,
2016-08-25,,
2016-08-26,,
2016-08-27,,
2016-08-28,,
2016-08-29,,
2016-08-30,,
2016-08-31,,
2016-09-01,,
2016-09-02,,
2016-09-03,,
2016-09-04,,
2016-09-05,,
2016-09-06,,
2016-09-07,,
2016-09-08,,
2016-09-09,,
2016-09-10,,
2016-09-11,,
2016-09-12,,
2016-09-13,,
2016-09-14,,
2016-09-15,,
2016-09-16,,
2016-09-17,,
2016-09-18,,
2016-09-19,,
2016-09-20,,
2016-09-21,,
2016-09-22,,
2016-09-23,,
2016-09-24,,
2016-09-25,,
2016-09-26,,
2016-09-27,,
2016-09-28,,
2016-09-29,,
2016-09-30,,
2016-10-01,,
2016-10-02,,
2016-10-03,,
2016-10-04,,
2016-10-05,,
2016-10-06,,
2016-10-07,,
2016-10-08,,
2016-10-09,,
2016-10-10,,
2016-10-11,,
2016-10-12,,
2016-10-13,,
2016-10-14,,
2016-10-15,,
2016-10-16,,
2016-10-17,,
2016-10-18,,
2016-10-19,,
2016-10-20,,
2016-10-21,,
2016-10-22,,
2016-10-23,,
2016-10-24,,
2016-10-25,,
2016-10-26,,
2016-10-27,,
2016-10-28,,
2016-10-29,,
2016-10-30,,
2016-10-31,,
2016-11-01,,
2016-11-02,,
2016-11-03,,
2016-11-04,,
2016-11-05,,
2016-11-06,,
2016-11-07,,
2016-11-08,,
2016-11-09,,
2016-11-10,,
2016-11-11,,
2016-11-12,,
2016-11-13,,
2016-11-14,,
2016-11-15,,
2016-11-16,,
2016-11-17,,
2016-11-18,,
2016-11-19,,
2016-11-20,,
2016-11-21,,
2016-11-22,,
2016-11-23,,
2016-11-24,,
2016-11-25,,
2016-11-26,,
2016-11-27,,
2016-11-28,,
2016-11-29,,
2016-11-30,,
2016-12-01,,
2016-12-02,,
2016-12-03,,
2016-12-04,,
2016-12-05,,
2016-12-06,,
2016-12-07,,
2016-12-08,,
2016-12-09,,
2016-12-10,,
2016-12-11,,
2016-12-12,,
2016-12-13,,
2016-12-14,,
2016-12-15,,
2016-12-16,,
2016-12-17,,
2016-12-18,,
2016-12-19,,
2016-12-20,,
2016-12-21,,
2016-12-22,,
2016-12-23,,
2016-12-24,,
2016-12-25,,
2016-12-26,,
2016-12-27,,
2016-12-28,,
2016-12-29,,
2016-12-30,,
2016-12-31,,
2017-01-01,,
2017-01-02,,
2017-01-03,,
2017-01-04,,
2017-01-05,,
2017-01-06,,
2017-01-07,,
2017-01-08,,
2017-01-09,,
2017-01-10,,
2017-01-11,,
2017-01-12,,
2017-01-13,,
2017-01-14,,
2017-01-15,,
2017-01-16,,
2017-01-17,,
2017-01-18,,
2017-01-19,,
2017-01-20,,
2017-01-21,,
2017-01-22,,
2017-01-23,,
2017-01-24,,
2017-01-25,,
2017-01-26,,
2017-01-27,,
2017-01-28,,
2017-01-29,,
2017-01-30,,
2017-01-31,,
2017-02-01,,
2017-02-02,,
2017-02-03,,
2017-02-04,,
2017-02-05,,
2017-02-06,,
2017-02-07,,
2017-02-08,,
2017-02-09,,
2017-02-10,,
2017-02-11,,
2017-02-12,,
2017-02-13,,
2017-02-14,,
2017-02-15,,
2017-02-16,,
2017-02-17,,
2017-02-18,,
2017-02-19,,
2017-02-20,,
2017-02-21,,
2017-02-22,,
2017-02-23,,
2017-02-24,,
2017-02-25,,
2017-02-26,,
2017-02-27,,
2017-02-28,,
2017-03-01,,
2017-03-02,,
2017-03-03,,
2017-03-04,,
2017-03-05,,
2017-03-06,,
2017-03-07,,
2017-03-08,,
2017-03-09,,
2017-03-10,,
2017-03-11,,
2017-03-12,,
2017-03-13,,
2017-03-14,,
2017-03-15,,
2017-03-16,,
2017-03-17,,
2017-03-18,,
2017-03-19,,
2017-03-20,,
2017-03-21,,
2017-03-22,,
2017-03-23,,
2017-03-24,,
2017-03-25,,
2017-03-26,,
2017-03-27,,
2017-03-28,,
2017-03-29,,
2017-03-30,,
2017-03-31,,
2017-04-01,,
2017-04-02,,
2017-04-03,,
2017-04-04,,
2017-04-05,,
2017-04-06,,
2017-04-07,,
2017-04-08,,
2017-04-09,,
2017-04-10,,
2017-04-11,,
2017-04-12,,
2017-04-13,,
2017-04-14,,
2017-04-15,,
2017-04-16,,
2017-04-17,,
2017-04-18,,
2017-04-19,,
2017-04-20,,
2017-04-21,,
2017-04-22,,
2017-04-23,,
2017-04-24,,
2017-04-25,,
2017-04-26,,
2017-04-27,,
2017-04-28,,
2017-04-29,,
2017-04-30,,
2017-05-01,,
2017-05-02,,
2017-05-03,,
2017-05-04,,
2017-05-05,,
2017-05-06,,
2017-05-07,,
2017-05-08,,
2017-05-09,,
2017-05-10,,
2017-05-11,,
2017-05-12,,
2017-05-13,,
2017-05-14,,
2017-05-15,,
2017-05-16,,
2017-05-17,,
2017-05-18,,
2017-05-19,,
2017-05-20,,
2017-05-21,,
2017-05-22,,
2017-05-23,,
2017-05-24,,
2017-05-25,,
2017-05-26,,
2017-05-27,,
2017-05-28,,
2017-05-29,,
2017-05-30,,
2017-05-31,,
2017-06-01,,
2017-06-02,,
2017-06-03,,
2017-06-04,,
2017-06-05,,
2017-06-06,,
2017-06-07,,
2017-06-08,,
2017-06-09,,
2017-06-10,,
2017-06-11,,
2017-06-12,,
2017-06-13,,
2017-06-14,,
2017-06-15,,
2017-06-16,,
2017-06-17,,
2017-06-18,,
2017-06-19,,
2017-06-20,,
2017-06-21,,
2017-06-22,,
2017-06-23,,
2017-06-24,,
2017-06-25,,
2017-06-26,,
2017-06-27,,
2017-06-28,,
2017-06-29,,
2017-06-30,,
2017-07-01,,
2017-07-02,,
2017-07-03,,
2017-07-04,,
2017-07-05,,
2017-07-06,,
2017-07-07,,
2017-07-08,,
2017-07-09,,
2017-07-10,,
2017-07-11,,
2017-07-12,,
2017-07-13,,
2017-07-14,,
2017-07-15,,
2017-07-16,,
2017-07-17,,
2017-07-18,,
2017-07-19,,
2017-07-20,,
2017-07-21,,
2017-07-22,,
2017-07-23,,
2017-07-24,,
2017-07-25,,
2017-07-26,,
2017-07-27,,
2017-07-28,,
2017-07-29,,
2017-07-30,,
2017-07-31,,
2017-08-01,,
2017-08-02,,
2017-08-03,,
2017-08-04,,
2017-08-05,,
2017-08-06,,
2017-08-07,,
2017-08-08,,
2017-08-09,,
2017-08-10,,
2017-08-11,,
2017-08-12,,
2017-08-13,,
2017-08-14,,
2017-08-15,,
2017-08-16,,
2017-08-17,,
2017-08-18,,
2017-08-19,,
2017-08-20,,
2017-08-21,,
2017-08-22,,
2017-08-23,,
2017-08-24,,
2017-08-25,,
2017-08-26,,
2017-08-27,,
2017-08-28,,
2017-08-29,,
2017-08-30,,
2017-08-31,,
2017-09-01,,
2017-09-02,,
2017-09-03,,
2017-09-04,,
2017-09-05,,
2017-09-06,,
2017-09-07,,
2017-09-08,,
2017-09-09,,
2017-09-10,,
2017-09-11,,
2017-09-12,,
2017-09-13,,
2017-09-14,,
2017-09-15,,
2017-09-16,,
2017-09-17,,
2017-09-18,,
2017-09-19,,
2017-09-20,,
2017-09-21,,
2017-09-22,,
2017-09-23,,
2017-09-24,,
2017-09-25,,
2017-09-26,,
2017-09-27,,
2017-09-28,,
2017-09-29,,
2017-09-30,,
2017-10-01,,
2017-10-02,,
2017-10-03,,
2017-10-04,,
2017-10-05,,
2017-10-06,,
2017-10-07,,
2017-10-08,,
2017-10-09,,
2017-10-10,,
2017-10-11,,
2017-10-12,,
2017-10-13,,
2017-10-14,,
2017-10-15,,
2017-10-16,,
2017-10-17,,
2017-10-18,,
2017-10-19,,
2017-10-20,,
2017-10-21,,
2017-10-22,,
2017-10-23,,
2017-10-24,,
2017-10-25,,
2017-10-26,,
2017-10-27,,
2017-10-28,,
2017-10-29,,
2017-10-30,,
2017-10-31,,
2017-11-01,,
2017-11-02,,
2017-11-03,,
2017-11-04,,
2017-11-05,,
2017-11-06,,
2017-11-07,,
2017-11-08,,
2017-11-09,,
2017-11-10,,
2017-11-11,,
2017-11-12,,
2017-11-13,,
2017-11-14,,
2017-11-15,,
2017-11-16,,
2017-11-17,,
2017-11-18,,
2017-11-19,,
2017-11-20,,
2017-11-21,,
2017-11-22,,
2017-11-23,,
2017-11-24,,
2017-11-25,,
2017-11-26,,
2017-11-27,,
2017-11-28,,
2017-11-29,,
2017-11-30,,
2017-12-01,,
2017-12-02,,
2017-12-03,,
2017-12-04,,
2017-12-05,,
2017-12-06,,
2017-12-07,,
2017-12-08,,
2017-12-09,,
2017-12-10,,
2017-12-11,,
2017-12-12,,
2017-12-13,,
2017-12-14,,
2017-12-15,,
2017-12-16,,
2017-12-17,,
2017-12-18,,
2017-12-19,,
2017-12-20,,
2017-12-21,,
2017-12-22,,
2017-12-23,,
2017-12-24,,
2017-12-25,,
2017-12-26,,
2017-12-27,,
2017-12-28,,
2017-12-29,,
2017-12-30,,
2017-12-31,,
2018-01-01,,
2018-01-02,,
2018-01-03,,
2018-01-04,,
2018-01-05,,
2018-01-06,,
2018-01-07,,
2018-01-08,,
2018-01-09,,
2018-01-10,,
2018-01-11,,
2018-01-12,,
2018-01-13,,
2018-01-14,,
2018-01-15,,
2018-01-16,,
2018-01-17,,
2018-01-18,,
2018-01-19,,
2018-01-20,,
2018-01-21,,
2018-01-22,,
2018-01-23,,
2018-01-24,,
2018-01-25,,
2018-01-26,,
2018-01-27,,
2018-01-28,,
2018-01-29,,
2018-01-30,,
2018-01-31,,
2018-02-01,,
2018-02-02,,
2018-02-03,,
2018-02-04,,
2018-02-05,,
2018-02-06,,
2018-02-07,,
2018-02-08,,
2018-02-09,,
2018-02-10,,
2018-02-11,,
2018-02-12,,
2018-02-13,,
2018-02-14,,
2018-02-15,,
2018-02-16,,
2018-02-17,,
2018-02-18,,
2018-02-19,,
2018-02-20,,
2018-02-21,,
2018-02-22,,
2018-02-23,,
2018-02-24,,
2018-02-25,,
2018-02-26,,
2018-02-27,,
2018-02-28,,
2018-03-01,,
2018-03-02,,
2018-03-03,,
2018-03-04,,
2018-03-05,,
2018-03-06,,
2018-03-07,,
2018-03-08,,
2018-03-09,,
2018-03-10,,
2018-03-11,,
2018-03-12,,
2018-03-13,,
2018-03-14,,
2018-03-15,,
2018-03-16,,
2018-03-17,,
2018-03-18,,
2018-03-19,,
2018-03-20,,
2018-03-21,,
2018-03-22,,
2018-03-23,,
2018-03-24,,
2018-03-25,,
2018-03-26,,
2018-03-27,,
2018-03-28,,
2018-03-29,,
2018-03-30,,
2018-03-31,,
2018-04-01,,
2018-04-02,,
2018-04-03,,
2018-04-04,,
2018-04-05,,
2018-04-06,,
2018-04-07,,
2018-04-08,,
2018-04-09,,
2018-04-10,,
2018-04-11,,
2018-04-12,,
2018-04-13,,
2018-04-14,,
2018-04-15,,
2018-04-16,,
2018-04-17,,
2018-04-18,,
2018-04-19,,
2018-04-20,,
2018-04-21,,
2018-04-22,,
2018-04-23,,
2018-04-24,,
2018-04-25,,
2018-04-26,,
2018-04-27,,
2018-04-28,,
2018-04-29,,
2018-04-30,,
2018-05-01,,
2018-05-02,,
2018-05-03,,
2018-05-04,,
2018-05-05,,
2018-05-06,,
2018-05-07,,
2018-05-08,,
2018-05-09,,
2018-05-10,,
2018-05-11,,
2018-05-12,,
2018-05-13,,
2018-05-14,,
2018-05-15,,
2018-05-16,,
2018-05-17,,
2018-05-18,,
2018-05-19,,
2018-05-20,,
2018-05-21,,
2018-05-22,,
2018-05-23,,
2018-05-24,,
2018-05-25,,
2018-05-26,,
2018-05-27,,
2018-05-28,,
2018-05-29,,
2018-05-30,,
2018-05-31,,
2018-06-01,,
2018-06-02,,
2018-06-03,,
2018-06-04,,
2018-06-05,,
2018-06-06,,
2018-06-07,,
2018-06-08,,
2018-06-09,,
2018-06-10,,
2018-06-11,,
2018-06-12,,
2018-06-13,,
2018-06-14,,
2018-06-15,,
2018-06-16,,
2018-06-17,,
2018-06-18,,
2018-06-19,,
2018-06-20,,
2018-06-21,,
2018-06-22,,
2018-06-23,,
2018-06-24,,
2018-06-25,,
2018-06-26,,
2018-06-27,,
2018-06-28,,
2018-06-29,,
2018-06-30,,
2018-07-01,,
2018-07-02,,
2018-07-03,,
2018-07-04,,
2018-07-05,,
2018-07-06,,
2018-07-07,,
2018-07-08,,
2018-07-09,,
2018-07-10,,
2018-07-11,,
2018-07-12,,
2018-07-13,,
2018-07-14,,
2018-07-15,,
2018-07-16,,
2018-07-17,,
2018-07-18,,
2018-07-19,,
2018-07-20,,
2018-07-21,,
2018-07-22,,
2018-07-23,,
2018-07-24,,
2018-07-25,,
2018-07-26,,
2018-07-27,,
2018-07-28,,
2018-07-29,,
2018-07-30,,
2018-07-31,,
2018-08-01,,
2018-08-02,,
2018-08-03,,
2018-08-04,,
2018-08-05,,
2018-08-06,,
2018-08-07,,
2018-08-08,,
2018-08-09,,
2018-08-10,,
2018-08-11,,
2018-08-12,,
2018-08-13,,
2018-08-14,,
2018-08-15,,
2018-08-16,,
2018-08-17,,
2018-08-18,,
2018-08-19,,
2018-08-20,,
2018-08-21,,
2018-08-22,,
2018-08-23,,
2018-08-24,,
2018-08-25,,
2018-08-26,,
2018-08-27,,
2018-08-28,,
2018-08-29,,
2018-08-30,,
2018-08-31,,
2018-09-01,,
2018-09-02,,
2018-09-03,,
2018-09-04,,
2018-09-05,,
2018-09-06,,
2018-09-07,,
2018-09-08,,
2018-09-09,,
2018-09-10,,
2018-09-11,,
2018-09-12,,
2018-09-13,,
2018-09-14,,
2018-09-15,,
2018-09-16,,
2018-09-17,,
2018-09-18,,
2018-09-19,,
2018-09-20,,
2018-09-21,,
2018-09-22,,
2018-09-23,,
2018-09-24,,
2018-09-25,,
2018-09-26,,
2018-09-27,,
2018-09-28,,
2018-09-29,,
2018-09-30,,
2018-10-01,,
2018-10-02,,
2018-10-03,,
2018-10-04,,
2018-10-05,,
2018-10-06,,
2018-10-07,,
2018-10-08,,
2018-10-09,,
2018-10-10,,
2018-10-11,,
2018-10-12,,
2018-10-13,,
2018-10-14,,
2018-10-15,,
2018-10-16,,
2018-10-17,,
2018-10-18,,
2018-10-19,,
2018-10-20,,
2018-10-21,,
2018-10-22,,
2018-10-23,,
2018-10-24,,
2018-10-25,,
2018-10-26,,
2018-10-27,,
2018-10-28,,
2018-10-29,,
2018-10-30,,
2018-10-31,,
2018-11-01,,
2018-11-02,,
2018-11-03,,
2018-11-04,,
2018-11-05,,
2018-11-06,,
2018-11-07,,
2018-11-08,,
2018-11-09,,
2018-11-10,,
2018-11-11,,
2018-11-12,,
2018-11-13,,
2018-11-14,,
2018-11-15,,
2018-11-16,,
2018-11-17,,
2018-11-18,,
2018-11-19,,
2018-11-20,,
2018-11-21,,
2018-11-22,,
2018-11-23,,
2018-11-24,,
2018-11-25,,
2018-11-26,,
2018-11-27,,
2018-11-28,,
2018-11-29,,
2018-11-30,,
2018-12-01,,
2018-12-02,,
2018-12-03,,
2018-12-04,,
2018-12-05,,
2018-12-06,,
2018-12-07,,
2018-12-08,,
2018-12-09,,
2018-12-10,,
2018-12-11,,
2018-12-12,,
2018-12-13,,
2018-12-14,,
2018-12-15,,
2018-12-16,,
2018-12-17,,
2018-12-18,,
2018-12-19,,
2018-12-20,,
2018-12-21,,
2018-12-22,,
2018-12-23,,
2018-12-24,,
2018-12-25,,
2018-12-26,,
2018-12-27,,
2018-12-28,,
2018-12-29,,
2018-12-30,,
2018-12-31,,
2019-01-01,,
2019-01-02,,
2019-01-03,,
2019-01-04,,
2019-01-05,,
2019-01-06,,
2019-01-07,,
2019-01-08,,
2019-01-09,,
2019-01-10,,
2019-01-11,,
2019-01-12,,
2019-01-13,,
2019-01-14,,
2019-01-15,,
2019-01-16,,
2019-01-17,,
2019-01-18,,
2019-01-19,,
2019-01-20,,
2019-01-21,,
2019-01-22,,
2019-01-23,,
2019-01-24,,
2019-01-25,,
2019-01-26,,
2019-01-27,,
2019-01-28,,
2019-01-29,,
2019-01-30,,
2019-01-31,,
2019-02-01,,
2019-02-02,,
2019-02-03,,
2019-02-04,,
2019-02-05,,
2019-02-06,,
2019-02-07,,
2019-02-08,,
2019-02-09,,
2019-02-10,,
2019-02-11,,
2019-02-12,,
2019-02-13,,
2019-02-14,,
2019-02-15,,
2019-02-16,,
2019-02-17,,
2019-02-18,,
2019-02-19,,
2019-02-20,,
2019-02-21,,
2019-02-22,,
2019-02-23,,
2019-02-24,,
2019-02-25,,
2019-02-26,,
2019-02-27,,
2019-02-28,,
2019-03-01,,
2019-03-02,,
2019-03-03,,
2019-03-04,,
2019-03-05,,
2019-03-06,,
2019-03-07,,
2019-03-08,,
2019-03-09,,
2019-03-10,,
2019-03-11,,
2019-03-12,,
2019-03-13,,
2019-03-14,,
2019-03-15,,
2019-03-16,,
2019-03-17,,
2019-03-18,,
2019-03-19,,
2019-03-20,,
2019-03-21,,
2019-03-22,,
2019-03-23,,
2019-03-24,,
2019-03-25,,
2019-03-26,,
2019-03-27,,
2019-03-28,,
2019-03-29,,
2019-03-30,,
2019-03-31,,
2019-04-01,,
2019-04-02,,
2019-04-03,,
2019-04-04,,
2019-04-05,,
2019-04-06,,
2019-04-07,,
2019-04-08,,
2019-04-09,,
2019-04-10,,
2019-04-11,,
2019-04-12,,
2019-04-13,,
2019-04-14,,
2019-04-15,,
2019-04-16,,
2019-04-17,,
2019-04-18,,
2019-04-19,,
2019-04-20,,
2019-04-21,,
2019-04-22,,
2019-04-23,,
2019-04-24,,
2019-04-25,,
2019-04-26,,
2019-04-27,,
2019-04-28,,
2019-04-29,,
2019-04-30,,
2019-05-01,,
2019-05-02,,
2019-05-03,,
2019-05-04,,
2019-05-05,,
2019-05-06,,
2019-05-07,,
2019-05-08,,
2019-05-09,,
2019-05-10,,
2019-05-11,,
2019-05-12,,
2019-05-13,,
2019-05-14,,
2019-05-15,,
2019-05-16,,
2019-05-17,,
2019-05-18,,
2019-05-19,,
2019-05-20,,
2019-05-21,,
2019-05-22,,
2019-05-23,,
2019-05-24,,
2019-05-25,,
2019-05-26,,
2019-05-27,,
2019-05-28,,
2019-05-29,,
2019-05-30,,
2019-05-31,,
2019-06-01,,
2019-06-02,,
2019-06-03,,
2019-06-04,,
2019-06-05,,
2019-06-06,,
2019-06-07,,
2019-06-08,,
2019-06-09,,
2019-06-10,,
2019-06-11,,
2019-06-12,,
2019-06-13,,
2019-06-14,,
2019-06-15,,
2019-06-16,,
2019-06-17,,
2019-06-18,,
2019-06-19,,
2019-06-20,,
2019-06-21,,
2019-06-22,,
2019-06-23,,
2019-06-24,,
2019-06-25,,
2019-06-26,,
2019-06-27,,
2019-06-28,,
2019-06-29,,
2019-06-30,,
2019-07-01,,
2019-07-02,,
2019-07-03,,
2019-07-04,,
2019-07-05,,
2019-07-06,,
2019-07-07,,
2019-07-08,,
2019-07-09,,
2019-07-10,,
2019-07-11,,
2019-07-12,,
2019-07-13,,
2019-07-14,,
2019-07-15,,
2019-07-16,,
2019-07-17,,
2019-07-18,,
2019-07-19,,
2019-07-20,,
2019-07-21,,
2019-07-22,,
2019-07-23,,
2019-07-24,,
2019-07-25,,
2019-07-26,,
2019-07-27,,
2019-07-28,,
2019-07-29,,
2019-07-30,,
2019-07-31,,
2019-08-01,,
2019-08-02,,
2019-08-03,,
2019-08-04,,
2019-08-05,,
2019-08-06,,
2019-08-07,,
2019-08-08,,
2019-08-09,,
2019-08-10,,
2019-08-11,,
2019-08-12,,
2019-08-13,,
2019-08-14,,
2019-08-15,,
2019-08-16,,
2019-08-17,,
2019-08-18,,
2019-08-19,,
2019-08-20,,
2019-08-21,,
2019-08-22,,
2019-08-23,,
2019-08-24,,
2019-08-25,,
2019-08-26,,
2019-08-27,,
2019-08-28,,
2019-08-29,,
2019-08-30,,
2019-08-31,,
2019-09-01,,
2019-09-02,,
2019-09-03,,
2019-09-04,,
2019-09-05,142.9,
2019-09-06,142.9,
2019-09-07,142.9,
2019-09-08,142.9,
2019-09-09,142.9,
2019-09-10,142.9,
2019-09-11,142.9,
2019-09-12,142.9,
2019-09-13,142.9,
2019-09-14,142.9,
2019-09-15,142.9,
2019-09-16,142.9,
2019-09-17,142.9,
2019-09-18,142.9,
2019-09-19,142.9,
2019-09-20,142.9,
2019-09-21,142.9,
2019-09-22,142.9,
2019-09-23,142.9,
2019-09-24,142.9,
2019-09-25,142.9,
2019-09-26,142.9,
2019-09-27,142.9,
2019-09-28,142.9,
2019-09-29,142.9,
2019-09-30,142.9,
2019-10-01,142.9,
2019-10-02,142.9,
2019-10-03,142.9,
2019-10-04,142.9,
2019-10-05,142.9,
2019-10-06,142.9,
2019-10-07,142.9,
2019-10-08,142.9,
2019-10-09,142.9,
2019-10-10,142.9,
2019-10-11,142.9,
2019-10-12,142.9,
2019-10-13,142.9,
2019-10-14,142.9,
2019-10-15,142.9,
2019-10-16,142.9,
2019-10-17,142.9,
2019-10-18,142.9,
2019-10-19,142.9,
2019-10-20,142.9,
2019-10-21,142.9,
2019-10-22,142.9,
2019-10-23,142.9,
2019-10-24,142.9,
2019-10-25,142.9,
2019-10-26,142.9,
2019-10-27,142.9,
2019-10-28,142.9,
2019-10-29,142.9,
2019-10-30,142.9,
2019-10-31,142.9,
2019-11-01,142.9,
2019-11-02,142.9,
2019-11-03,142.9,
2019-11-04,142.9,
2019-11-05,142.9,
2019-11-06,142.9,
2019-11-07,142.9,
2019-11-08,142.9,
2019-11-09,142.9,
2019-11-10,142.9,
2019-11-11,142.9,
2019-11-12,142.9,
2019-11-13,142.9,
2019-11-14,142.9,
2019-11-15,142.9,
2019-11-16,142.9,
2019-11-17,142.9,
2019-11-18,142.9,
2019-11-19,142.9,
2019-11-20,142.9,
2019-11-21,142.9,
2019-11-22,142.9,
2019-11-23,142.9,
2019-11-24,142.9,
2019-11-25,142.9,
2019-11-26,142.9,
2019-11-27,142.9,
2019-11-28,142.9,
2019-11-29,142.9,
2019-11-30,142.9,
2019-12-01,142.9,
2019-12-02,142.9,
2019-12-03,142.9,
2019-12-04,142.9,
2019-12-05,142.9,
2019-12-06,142.9,
2019-12-07,142.9,
2019-12-08,142.9,
2019-12-09,142.9,
2019-12-10,151.3,
2019-12-11,151.3,
2019-12-12,151.3,
2019-12-13,151.3,
2019-12-14,151.3,
2019-12-15,151.3,
2019-12-16,151.3,
2019-12-17,151.3,
2019-12-18,151.3,
2019-12-19,151.3,
2019-12-20,151.3,
2019-12-21,151.3,
2019-12-22,151.3,
2019-12-23,151.3,
2019-12-24,151.3,
2019-12-25,151.3,
2019-12-26,151.3,
2019-12-27,151.3,
2019-12-28,151.3,
2019-12-29,151.3,
2019-12-30,151.3,
2019-12-31,151.3,
2020-01-01,151.3,
2020-01-02,151.3,
2020-01-03,151.3,
2020-01-04,151.3,
2020-01-05,151.3,
2020-01-06,151.3,
2020-01-07,151.3,
2020-01-08,151.3,
2020-01-09,151.3,
2020-01-10,151.3,
2020-01-11,151.3,
2020-01-12,151.3,
2020-01-13,151.3,
2020-01-14,151.3,
2020-01-15,151.3,
2020-01-16,151.3,
2020-01-17,151.3,
2020-01-18,151.3,
2020-01-19,151.3,
2020-01-20,151.3,
2020-01-21,151.3,
2020-01-22,151.3,
2020-01-23,151.3,
2020-01-24,151.3,
2020-01-25,151.3,
2020-01-26,151.3,
2020-01-27,151.3,
2020-01-28,151.3,
2020-01-29,151.3,
2020-01-30,151.3,
2020-01-31,151.3,
2020-02-01,151.3,
2020-02-02,151.3,
2020-02-03,151.3,
2020-02-04,151.3,
2020-02-05,151.3,
2020-02-06,151.3,
2020-02-07,151.3,
2020-02-08,151.3,
2020-02-09,151.3,
2020-02-10,151.3,
2020-02-11,151.3,
2020-02-12,151.3,
2020-02-13,151.3,
2020-02-14,151.3,
2020-02-15,151.3,
2020-02-16,151.3,
2020-02-17,151.3,
2020-02-18,151.3,
2020-02-19,151.3,
2020-02-20,151.3,
2020-02-21,151.3,
2020-02-22,151.3,
2020-02-23,151.3,
2020-02-24,151.3,
2020-02-25,151.3,
2020-02-26,151.3,
2020-02-27,151.3,
2020-02-28,151.3,
2020-02-29,151.3,
2020-03-01,151.3,
2020-03-02,151.3,
2020-03-03,151.3,
2020-03-04,151.3,
2020-03-05,151.3,
2020-03-06,151.3,
2020-03-07,151.3,
2020-03-08,151.3,
2020-03-09,151.3,
2020-03-10,160.2,
2020-03-11,160.2,
2020-03-12,160.2,
2020-03-13,160.2,
2020-03-14,160.2,
2020-03-15,160.2,
2020-03-16,160.2,
2020-03-17,160.2,
2020-03-18,160.2,
2020-03-19,160.2,
2020-03-20,160.2,
2020-03-21,160.2,
2020-03-22,160.2,
2020-03-23,160.2,
2020-03-24,160.2,
2020-03-25,160.2,
2020-03-26,160.2,
2020-03-27,160.2,
2020-03-28,160.2,
2020-03-29,160.2,
2020-03-30,160.2,
2020-03-31,160.2,
2020-04-01,160.2,
2020-04-02,160.2,
2020-04-03,160.2,
2020-04-04,160.2,
2020-04-05,160.2,
2020-04-06,160.2,
2020-04-07,160.2,
2020-04-08,160.2,
2020-04-09,160.2,
2020-04-10,160.2,
2020-04-11,160.2,
2020-04-12,160.2,
2020-04-13,160.2,
2020-04-14,160.2,
2020-04-15,160.2,
2020-04-16,160.2,
2020-04-17,160.2,
2020-04-18,160.2,
2020-04-19,160.2,
2020-04-20,160.2,
2020-04-21,160.2,
2020-04-22,160.2,
2020-04-23,160.2,
2020-04-24,160.2,
2020-04-25,160.2,
2020-04-26,160.2,
2020-04-27,160.2,
2020-04-28,160.2,
2020-04-29,160.2,
2020-04-30,160.2,
2020-05-01,160.2,
2020-05-02,160.2,
2020-05-03,160.2,
2020-05-04,160.2,
2020-05-05,160.2,
2020-05-06,160.2,
2020-05-07,160.2,
2020-05-08,160.2,
2020-05-09,160.2,
2020-05-10,160.2,
2020-05-11,160.2,
2020-05-12,160.2,
2020-05-13,160.2,
2020-05-14,160.2,
2020-05-15,160.2,
2020-05-16,160.2,
2020-05-17,160.2,
2020-05-18,160.2,
2020-05-19,160.2,
2020-05-20,160.2,
2020-05-21,160.2,
2020-05-22,160.2,
2020-05-23,160.2,
2020-05-24,160.2,
2020-05-25,160.2,
2020-05-26,160.2,
2020-05-27,160.2,
2020-05-28,160.2,
2020-05-29,160.2,
2020-05-30,160.2,
2020-05-31,160.2,
2020-06-01,160.2,
2020-06-02,160.2,
2020-06-03,160.2,
2020-06-04,160.2,
2020-06-05,160.2,
2020-06-06,160.2,
2020-06-07,160.2,
2020-06-08,160.2,
2020-06-09,158.2,143.7
2020-06-10,158.2,143.7
2020-06-11,158.2,143.7
2020-06-12,158.2,143.7
2020-06-13,158.2,143.7
2020-06-14,158.2,143.7
2020-06-15,158.2,143.7
2020-06-16,158.2,143.7
2020-06-17,158.2,143.7
2020-06-18,158.2,143.7
2020-06-19,158.2,143.7
2020-06-20,158.2,143.7
2020-06-21,158.2,143.7
2020-06-22,158.2,143.7
2020-06-23,158.2,143.7
2020-06-24,158.2,143.7
2020-06-25,158.2,143.7
2020-06-26,158.2,143.7
2020-06-27,158.2,143.7
2020-06-28,158.2,143.7
2020-06-29,158.2,143.7
2020-06-30,158.2,143.7
2020-07-01,158.2,143.7
2020-07-02,158.2,143.7
2020-07-03,158.2,143.7
2020-07-04,158.2,143.7
2020-07-05,158.2,143.7
2020-07-06,158.2,143.7
2020-07-07,158.2,143.7
2020-07-08,158.2,143.7
2020-07-09,158.2,143.7
2020-07-10,158.2,143.7
2020-07-11,158.2,143.7
2020-07-12,158.2,143.7
2020-07-13,158.2,143.7
2020-07-14,158.2,143.7
2020-07-15,158.2,143.7
2020-07-16,158.2,143.7
2020-07-17,158.2,143.7
2020-07-18,158.2,143.7
2020-07-19,158.2,143.7
2020-07-20,158.2,143.7
2020-07-21,158.2,143.7
2020-07-22,158.2,143.7
2020-07-23,158.2,143.7
2020-07-24,158.2,143.7
2020-07-25,158.2,143.7
2020-07-26,158.2,143.7
2020-07-27,158.2,143.7
2020-07-28,158.2,143.7
2020-07-29,158.2,143.7
2020-07-30,158.2,143.7
2020-07-31,158.2,143.7
2020-08-01,158.2,143.7
2020-08-02,158.2,143.7
2020-08-03,158.2,143.7
2020-08-04,158.2,143.7
2020-08-05,158.2,143.7
2020-08-06,158.2,143.7
2020-08-07,158.2,143.7
2020-08-08,158.2,143.7
2020-08-09,158.2,143.7
2020-08-10,158.2,143.7
2020-08-11,158.2,143.7
2020-08-12,158.2,143.7
2020-08-13,158.2,143.7
2020-08-14,158.2,143.7
2020-08-15,158.2,143.7
2020-08-16,158.2,143.7
2020-08-17,158.2,143.7
2020-08-18,158.2,143.7
2020-08-19,158.2,143.7
2020-08-20,158.2,143.7
2020-08-21,158.2,143.7
2020-08-22,158.2,143.7
2020-08-23,158.2,143.7
2020-08-24,158.2,143.7
2020-08-25,158.2,143.7
2020-08-26,158.2,143.7
2020-08-27,158.2,143.7
2020-08-28,158.2,143.7
2020-08-29,158.2,143.7
2020-08-30,158.2,143.7
2020-08-31,158.2,143.7
2020-09-01,158.2,143.7
2020-09-02,158.2,143.7
2020-09-03,158.2,143.7
2020-09-04,158.2,143.7
2020-09-05,158.2,143.7
2020-09-06,158.2,143.7
2020-09-07,158.0,147.8
2020-09-08,158.0,147.8
2020-09-09,158.0,147.8
2020-09-10,158.0,147.8
2020-09-11,158.0,147.8
2020-09-12,158.0,147.8
2020-09-13,158.0,147.8
2020-09-14,158.0,147.8
2020-09-15,158.0,147.8
2020-09-16,158.0,147.8
2020-09-17,158.0,147.8
2020-09-18,158.0,147.8
2020-09-19,158.0,147.8
2020-09-20,158.0,147.8
2020-09-21,158.0,147.8
2020-09-22,158.0,147.8
2020-09-23,158.0,147.8
2020-09-24,158.0,147.8
2020-09-25,158.0,147.8
2020-09-26,158.0,147.8
2020-09-27,158.0,147.8
2020-09-28,158.0,147.8
2020-09-29,158.0,147.8
2020-09-30,158.0,147.8
2020-10-01,158.0,147.8
2020-10-02,158.0,147.8
2020-10-03,158.0,147.8
2020-10-04,158.0,147.8
2020-10-05,158.0,147.8
2020-10-06,158.0,147.8
2020-10-07,158.0,147.8
2020-10-08,158.0,147.8
2020-10-09,158.0,147.8
2020-10-10,158.0,147.8
2020-10-11,158.0,147.8
2020-10-12,158.0,147.8
2020-10-13,158.0,147.8
2020-10-14,158.0,147.8
2020-10-15,158.0,147.8
2020-10-16,158.0,147.8
2020-10-17,158.0,147.8
2020-10-18,158.0,147.8
2020-10-19,158.0,147.8
2020-10-20,158.0,147.8
2020-10-21,158.0,147.8
2020-10-22,158.0,147.8
2020-10-23,158.0,147.8
2020-10-24,158.0,147.8
2020-10-25,158.0,147.8
2020-10-26,158.0,147.8
2020-10-27,158.0,147.8
2020-10-28,158.0,147.8
2020-10-29,158.0,147.8
2020-10-30,158.0,147.8
2020-10-31,158.0,147.8
2020-11-01,158.0,147.8
2020-11-02,158.0,147.8
2020-11-03,158.0,147.8
2020-11-04,158.0,147.8
2020-11-05,158.0,147.8
2020-11-06,158.0,147.8
2020-11-07,158.0,147.8
2020-11-08,158.0,147.8
2020-11-09,158.0,147.8
2020-11-10,158.0,147.8
2020-11-11,158.0,147.8
2020-11-12,158.0,147.8
2020-11-13,158.0,147.8
2020-11-14,158.0,147.8
2020-11-15,158.0,147.8
2020-11-16,158.0,147.8
2020-11-17,158.0,147.8
2020-11-18,158.0,147.8
2020-11-19,158.0,147.8
2020-11-20,158.0,147.8
2020-11-21,158.0,147.8
2020-11-22,158.0,147.8
2020-11-23,158.0,147.8
2020-11-24,158.0,147.8
2020-11-25,158.0,147.8
2020-11-26,156.2,149.7
2020-11-27,156.2,149.7
2020-11-28,156.2,149.7
2020-11-29,156.2,149.7
2020-11-30,156.2,149.7
2020-12-01,156.2,149.7
2020-12-02,156.2,149.7
2020-12-03,156.2,149.7
2020-12-04,156.2,149.7
2020-12-05,156.2,149.7
2020-12-06,156.2,149.7
2020-12-07,156.2,149.7
2020-12-08,156.2,149.7
2020-12-09,156.2,149.7
2020-12-10,156.2,149.7
2020-12-11,156.2,149.7
2020-12-12,156.2,149.7
2020-12-13,156.2,149.7
2020-12-14,156.2,149.7
2020-12-15,156.2,149.7
2020-12-16,156.2,149.7
2020-12-17,156.2,149.7
2020-12-18,156.2,149.7
2020-12-19,156.2,149.7
2020-12-20,156.2,149.7
2020-12-21,156.2,149.7
2020-12-22,156.2,149.7
2020-12-23,169.5,166.8
2020-12-24,169.5,166.8
2020-12-25,169.5,166.8
2020-12-26,169.5,166.8
2020-12-27,169.5,166.8
2020-12-28,169.5,166.8
2020-12-29,169.5,166.8
2020-12-30,169.5,166.8
2020-12-31,169.5,166.8
2021-01-01,169.5,166.8
2021-01-02,169.5,166.8
2021-01-03,169.5,166.8
2021-01-04,169.5,166.8
2021-01-05,169.5,166.8
2021-01-06,169.5,166.8
2021-01-07,169.5,166.8
2021-01-08,169.5,166.8
2021-01-09,169.5,166.8
2021-01-10,169.5,166.8
2021-01-11,169.5,166.8
2021-01-12,169.5,166.8
2021-01-13,169.5,166.8
2021-01-14,169.5,166.8
2021-01-15,169.5,166.8
2021-01-16,169.5,166.8
2021-01-17,169.5,166.8
2021-01-18,169.5,166.8
2021-01-19,169.5,166.8
2021-01-20,169.5,166.8
2021-01-21,169.5,166.8
2021-01-22,169.5,166.8
2021-01-23,169.5,166.8
2021-01-24,169.5,166.8
2021-01-25,169.5,166.8
2021-01-26,169.5,166.8
2021-01-27,169.5,166.8
2021-01-28,169.5,166.8
2021-01-29,169.5,166.8
2021-01-30,169.5,166.8
2021-01-31,169.5,166.8
2021-02-01,169.5,166.8
2021-02-02,169.5,166.8
2021-02-03,169.5,166.8
2021-02-04,169.5,166.8
2021-02-05,169.5,166.8
2021-02-06,169.5,166.8
2021-02-07,169.5,166.8
2021-02-08,169.5,166.8
2021-02-09,169.5,166.8
2021-02-10,169.5,166.8
2021-02-11,169.5,166.8
2021-02-12,169.5,166.8
2021-02-13,169.5,166.8
2021-02-14,169.5,166.8
2021-02-15,169.5,166.8
2021-02-16,169.5,166.8
2021-02-17,169.5,166.8
2021-02-18,169.5,166.8
2021-02-19,169.5,166.8
2021-02-20,169.5,166.8
2021-02-21,169.5,166.8
2021-02-22,169.5,166.8
2021-02-23,169.5,166.8
2021-02-24,168.05,161.3
2021-02-25,168.05,161.3
2021-02-26,168.05,161.3
2021-02-27,168.05,161.3
2021-02-28,168.05,161.3
2021-03-01,168.05,161.3
2021-03-02,168.05,161.3
2021-03-03,168.05,161.3
2021-03-04,168.05,161.3
2021-03-05,168.05,161.3
2021-03-06,168.05,161.3
2021-03-07,168.05,161.3
2021-03-08,168.05,161.3
2021-03-09,168.05,161.3
2021-03-10,168.05,161.3
2021-03-11,168.05,161.3
2021-03-12,168.05,161.3
2021-03-13,168.05,161.3
2021-03-14,168.05,161.3
2021-03-15,170.75,163.65
2021-03-16,173.7,163.65
2021-03-17,173.7,163.65
2021-03-18,173.7,163.65
2021-03-19,173.7,163.65
2021-03-20,173.7,163.65
2021-03-21,173.7,163.65
2021-03-22,173.7,163.65
2021-03-23,173.7,163.65
2021-03-24,173.7,163.65
2021-03-25,173.7,163.65
2021-03-26,173.7,163.65
2021-03-27,173.7,163.65
2021-03-28,173.7,163.65
2021-03-29,173.7,163.65
2021-03-30,173.7,163.65
2021-03-31,173.7,163.65
2021-04-01,173.7,163.65
2021-04-02,173.7,163.65
2021-04-03,173.7,163.65
2021-04-04,173.7,163.65
2021-04-05,173.7,163.65
2021-04-06,173.7,163.65
2021-04-07,173.7,163.65
2021-04-08,173.7,163.65
2021-04-09,173.7,163.65
2021-04-10,173.7,163.65
2021-04-11,173.7,163.65
2021-04-12,173.7,163.65
2021-04-13,173.7,163.65
2021-04-14,173.7,163.65
2021-04-15,173.7,163.65
2021-04-16,173.7,163.65
2021-04-17,173.7,163.65
2021-04-18,173.7,163.65
2021-04-19,173.7,163.65
2021-04-20,173.7,163.65
2021-04-21,173.7,163.65
2021-04-22,173.7,163.65
2021-04-23,173.7,163.65
2021-04-24,173.7,163.65
2021-04-25,173.7,163.65
2021-04-26,173.7,163.65
2021-04-27,173.7,163.65
2021-04-28,173.7,163.65
2021-04-29,173.7,163.65
2021-04-30,173.7,163.65
2021-05-01,173.7,163.65
2021-05-02,173.7,163.65
2021-05-03,173.7,163.65
2021-05-04,173.7,163.65
2021-05-05,173.7,163.65
2021-05-06,173.7,163.65
2021-05-07,173.7,163.65
2021-05-08,173.7,163.65
2021-05-09,173.7,163.65
2021-05-10,173.7,163.65
2021-05-11,173.7,163.65
2021-05-12,173.7,163.65
2021-05-13,179.45,163.65
2021-05-14,179.45,163.65
2021-05-15,179.45,163.65
2021-05-16,179.45,163.65
2021-05-17,179.45,163.65
2021-05-18,179.45,163.65
2021-05-19,179.45,163.65
2021-05-20,179.45,163.65
2021-05-21,179.45,163.65
2021-05-22,179.45,163.65
2021-05-23,179.45,163.65
2021-05-24,183.54,163.65
2021-05-25,183.54,163.65
2021-05-26,183.54,163.65
2021-05-27,183.54,163.65
2021-05-28,183.54,163.65
2021-05-29,183.54,163.65
2021-05-30,183.54,163.65
2021-05-31,183.54,163.65
2021-06-01,183.54,163.65
2021-06-02,187.26,163.65
2021-06-03,187.26,163.65
2021-06-04,187.26,163.65
2021-06-05,187.26,163.65
2021-06-06,187.26,163.65
2021-06-07,199.473,171.2
2021-06-08,199.473,171.2
2021-06-09,199.473,171.2
2021-06-10,199.473,171.2
2021-06-11,199.473,171.2
2021-06-12,199.473,171.2
2021-06-13,199.473,171.2
2021-06-14,203.236,171.2
2021-06-15,203.236,171.2
2021-06-16,203.236,171.2
2021-06-17,203.236,171.2
2021-06-18,203.236,171.2
2021-06-19,203.236,171.2
2021-06-20,203.236,171.2
2021-06-21,203.236,171.2
2021-06-22,203.236,171.2
2021-06-23,203.236,171.2
2021-06-24,203.236,171.2
2021-06-25,203.236,171.2
2021-06-26,203.236,171.2
2021-06-27,203.236,171.2
2021-06-28,203.236,171.2
2021-06-29,203.236,171.2
2021-06-30,203.236,171.2
2021-07-01,203.236,171.2
2021-07-02,203.236,171.2
2021-07-03,203.236,171.2
2021-07-04,203.236,171.2
2021-07-05,203.236,171.2
2021-07-06,203.236,171.2
2021-07-07,203.236,171.2
2021-07-08,203.236,171.2
2021-07-09,203.236,171.2
2021-07-10,203.236,171.2
2021-07-11,203.236,171.2
2021-07-12,203.236,171.2
2021-07-13,203.236,171.2
2021-07-14,203.236,171.2
2021-07-15,203.236,171.2
2021-07-16,203.236,171.2
2021-07-17,203.236,171.2
2021-07-18,203.236,171.2
2021-07-19,203.236,171.2
2021-07-20,203.236,171.2
2021-07-21,203.236,171.2
2021-07-22,203.236,171.2
2021-07-23,203.236,171.2
2021-07-24,203.236,171.2
2021-07-25,203.236,171.2
2021-07-26,203.236,171.2
2021-07-27,203.236,171.2
2021-07-28,203.236,171.2
2021-07-29,203.236,171.2
2021-07-30,203.236,171.2
2021-07-31,203.236,171.2
2021-08-01,203.236,171.2
2021-08-02,203.236,171.2
2021-08-03,203.236,171.2
2021-08-04,203.236,171.2
2021-08-05,203.236,171.2
2021-08-06,203.221,171.2
2021-08-07,203.221,171.2
2021-08-08,203.221,171.2
2021-08-09,203.221,171.2
2021-08-10,203.221,171.2
2021-08-11,203.221,171.2
2021-08-12,203.221,171.2
2021-08-13,203.221,171.2
2021-08-14,203.221,171.2
2021-08-15,203.221,171.2
2021-08-16,203.793,171.2
2021-08-17,203.793,171.2
2021-08-18,203.793,171.2
2021-08-19,203.793,171.2
2021-08-20,203.793,171.2
2021-08-21,203.793,171.2
2021-08-22,203.793,171.2
2021-08-23,203.793,171.2
2021-08-24,202.744,171.2
2021-08-25,202.744,171.2
2021-08-26,202.744,171.2
2021-08-27,202.744,171.2
2021-08-28,202.744,171.2
2021-08-29,202.744,171.2
2021-08-30,202.848,171.2
2021-08-31,202.848,171.2
2021-09-01,202.848,171.2
2021-09-02,202.848,171.2
2021-09-03,202.848,171.2
2021-09-04,202.848,171.2
2021-09-05,202.848,171.2
2021-09-06,202.848,171.1
2021-09-07,202.848,171.1
2021-09-08,202.848,171.1
2021-09-09,202.848,171.1
2021-09-10,202.848,171.1
2021-09-11,202.848,171.1
2021-09-12,202.848,171.1
2021-09-13,202.848,171.1
2021-09-14,202.832,171.1
2021-09-15,202.832,171.1
2021-09-16,202.832,171.1
2021-09-17,202.832,171.1
2021-09-18,202.832,171.1
2021-09-19,202.832,171.1
2021-09-20,202.832,171.1
2021-09-21,202.832,171.1
2021-09-22,202.832,171.1
2021-09-23,202.832,171.1
2021-09-24,202.832,171.1
2021-09-25,202.832,171.1
2021-09-26,202.832,171.1
2021-09-27,202.832,171.1
2021-09-28,202.832,171.1
2021-09-29,202.832,171.1
2021-09-30,202.832,171.1
2021-10-01,202.832,171.1
2021-10-02,202.832,171.1
2021-10-03,202.832,171.1
2021-10-04,202.832,171.1
2021-10-05,202.832,171.1
2021-10-06,202.832,171.1
2021-10-07,202.832,171.1
2021-10-08,202.832,171.1
2021-10-09,202.832,171.1
2021-10-10,202.832,171.1
2021-10-11,202.832,171.1
2021-10-12,202.832,171.1
2021-10-13,202.832,171.1
2021-10-14,202.832,171.1
2021-10-15,202.832,171.1
2021-10-16,202.832,171.1
2021-10-17,202.832,171.1
2021-10-18,202.832,171.1
2021-10-19,202.832,171.2
2021-10-20,202.832,171.2
2021-10-21,202.832,171.2
2021-10-22,202.832,171.2
2021-10-23,202.832,171.2
2021-10-24,202.832,171.2
2021-10-25,202.832,171.2
2021-10-26,202.832,171.2
2021-10-27,202.832,171.2
2021-10-28,202.832,171.2
2021-10-29,202.832,171.2
2021-10-30,202.832,171.2
2021-10-31,202.832,171.2
2021-11-01,202.832,171.2
2021-11-02,202.832,171.2
2021-11-03,202.832,171.2
2021-11-04,202.832,171.2
2021-11-05,202.832,171.2
2021-11-06,202.832,171.2
2021-11-07,202.832,171.2
2021-11-08,202.832,171.2
2021-11-09,202.832,171.2
2021-11-10,202.832,171.2
2021-11-11,202.832,171.2
2021-11-12,202.832,171.2
2021-11-13,202.832,171.2
2021-11-14,202.832,171.2
2021-11-15,202.832,171.2
2021-11-16,202.832,171.2
2021-11-17,202.832,171.2
2021-11-18,202.832,171.2
2021-11-19,202.832,171.2
2021-11-20,202.832,171.2
2021-11-21,202.832,171.2
2021-11-22,202.832,171.2
2021-11-23,202.832,171.2
2021-11-24,203.437,171.2
2021-11-25,203.437,171.2
2021-11-26,203.437,171.2
2021-11-27,203.437,171.2
2021-11-28,203.437,171.2
2021-11-29,203.437,171.2
2021-11-30,203.437,171.2
2021-12-01,203.437,171.2
2021-12-02,203.737,174.8
2021-12-03,203.737,174.8
2021-12-04,203.737,174.8
2021-12-05,203.737,174.8
2021-12-06,203.737,174.8
2021-12-07,200.0,174.8
2021-12-08,200.0,174.8
2021-12-09,200.0,174.8
2021-12-10,200.0,174.8
2021-12-11,200.0,174.8
2021-12-12,200.0,174.8
2021-12-13,200.0,174.8
2021-12-14,200.0,174.8
2021-12-15,200.0,174.8
2021-12-16,200.0,174.8
2021-12-17,200.0,174.8
2021-12-18,200.0,174.8
2021-12-19,200.0,174.8
2021-12-20,200.0,174.8
2021-12-21,200.0,174.8
2021-12-22,200.0,174.8
2021-12-23,200.303,202.0
2021-12-24,200.303,202.0
2021-12-25,200.303,202.0
2021-12-26,200.303,202.0
2021-12-27,200.303,202.0
2021-12-28,200.303,202.0
2021-12-29,200.303,202.0
2021-12-30,200.303,202.0
2021-12-31,200.303,202.0
2022-01-01,200.303,202.0
2022-01-02,200.303,202.0
2022-01-03,200.303,202.0
2022-01-04,200.303,202.0
2022-01-05,200.303,202.0
2022-01-06,200.303,202.0
2022-01-07,200.303,202.0
2022-01-08,200.303,202.0
2022-01-09,200.303,202.0
2022-01-10,200.303,202.0
2022-01-11,200.303,202.0
2022-01-12,200.303,202.0
2022-01-13,200.303,202.0
2022-01-14,200.303,202.0
2022-01-15,200.303,202.0
2022-01-16,200.303,202.0
2022-01-17,200.303,202.0
2022-01-18,200.303,202.0
2022-01-19,200.303,202.0
2022-01-20,200.303,202.0
2022-01-21,200.303,202.0
2022-01-22,200.303,202.0
2022-01-23,200.303,202.0
2022-01-24,200.303,202.0
2022-01-25,200.303,202.0
2022-01-26,200.303,202.0
2022-01-27,200.303,202.0
2022-01-28,200.303,202.0
2022-01-29,200.303,202.0
2022-01-30,200.303,202.0
2022-01-31,200.303,202.0
2022-02-01,200.303,202.0
2022-02-02,200.303,202.0
2022-02-03,200.303,202.0
2022-02-04,200.303,202.0
2022-02-05,200.303,202.0
2022-02-06,200.303,202.0
2022-02-07,200.303,202.0
2022-02-08,200.303,202.0
2022-02-09,200.303,202.0
2022-02-10,200.303,202.0
2022-02-11,200.303,202.0
2022-02-12,200.303,202.0
2022-02-13,203.946,202.0
2022-02-14,203.946,202.0
2022-02-15,203.946,202.0
2022-02-16,205.503,202.0
2022-02-17,205.503,202.0
2022-02-18,205.503,202.0
2022-02-19,205.503,202.0
2022-02-20,205.503,202.0
2022-02-21,205.503,202.0
2022-02-22,205.503,202.0
2022-02-23,205.503,202.0
2022-02-24,205.503,202.0
2022-02-25,206.023,202.0
2022-02-26,206.023,202.0
2022-02-27,206.023,202.0
2022-02-28,206.023,202.0
2022-03-01,206.023,202.0
2022-03-02,206.023,202.0
2022-03-03,206.023,202.0
2022-03-04,207.323,202.0
2022-03-05,207.323,202.0
2022-03-06,207.323,202.0
2022-03-07,207.323,202.0
2022-03-08,206.851,199.633
2022-03-09,206.851,199.633
2022-03-10,207.16,200.367
2022-03-11,207.16,200.367
2022-03-12,207.16,200.367
2022-03-13,207.16,200.367
2022-03-14,210.104,200.367
2022-03-15,210.104,200.367
2022-03-16,210.104,200.367
2022-03-17,210.104,200.367
2022-03-18,210.104,200.367
2022-03-19,210.104,200.367
2022-03-20,210.104,200.367
2022-03-21,210.104,200.367
2022-03-22,210.104,200.367
2022-03-23,210.104,200.367
2022-03-24,210.104,200.367
2022-03-25,210.104,200.367
2022-03-26,210.104,200.367
2022-03-27,210.104,200.367
2022-03-28,210.104,200.367
2022-03-29,210.104,200.367
2022-03-30,210.104,200.367
2022-03-31,210.104,200.367
2022-04-01,210.104,200.367
2022-04-02,210.104,200.367
2022-04-03,210.104,200.367
2022-04-04,210.104,200.367
2022-04-05,210.104,200.367
2022-04-06,210.104,200.367
2022-04-07,210.104,200.367
2022-04-08,210.104,200.367
2022-04-09,210.104,200.367
2022-04-10,210.104,200.367
2022-04-11,210.104,200.367
2022-04-12,210.104,200.367
2022-04-13,210.104,200.367
2022-04-14,210.104,200.367
2022-04-15,210.104,200.367
2022-04-16,210.104,200.367
2022-04-17,210.104,200.367
2022-04-18,208.888,202.193
2022-04-19,208.888,202.193
2022-04-20,208.888,202.193
2022-04-21,208.888,202.193
2022-04-22,208.888,202.193
2022-04-23,208.888,202.193
2022-04-24,208.888,202.193
2022-04-25,208.888,202.193
2022-04-26,208.888,202.193
2022-04-27,208.888,202.193
2022-04-28,208.888,202.193
2022-04-29,208.888,202.193
2022-04-30,208.888,202.193
2022-05-01,208.888,202.193
2022-05-02,208.888,202.193
2022-05-03,208.888,202.193
2022-05-04,208.888,202.193
2022-05-05,208.888,202.193
2022-05-06,208.888,202.193
2022-05-07,208.888,202.193
2022-05-08,208.888,202.193
2022-05-09,208.888,202.193
2022-05-10,208.888,202.193
2022-05-11,208.888,202.193
2022-05-12,211.104,206.62
2022-05-13,211.104,206.62
2022-05-14,211.104,206.62
2022-05-15,211.104,206.62
2022-05-16,211.791,212.256
2022-05-17,211.791,212.256
2022-05-18,211.791,212.256
2022-05-19,211.791,212.256
2022-05-20,211.791,212.256
2022-05-21,211.791,212.256
2022-05-22,211.791,212.256
2022-05-23,211.791,212.256
2022-05-24,212.116,213.413
2022-05-25,212.116,213.413
2022-05-26,212.116,213.413
2022-05-27,212.344,216.21
2022-05-28,212.344,216.21
2022-05-29,212.344,216.21
2022-05-30,212.344,216.21
2022-05-31,212.344,216.21
2022-06-01,212.344,216.21
2022-06-02,212.344,216.21
2022-06-03,212.344,216.21
2022-06-04,212.344,216.21
2022-06-05,212.344,216.21
2022-06-06,212.344,216.21
2022-06-07,212.344,216.21
2022-06-08,212.344,216.21
2022-06-09,215.301,219.327
2022-06-10,215.301,219.327
2022-06-11,215.301,219.327
2022-06-12,215.301,219.327
2022-06-13,215.301,219.327
2022-06-14,215.301,219.327
2022-06-15,215.301,219.327
2022-06-16,215.301,219.327
2022-06-17,215.301,219.327
2022-06-18,215.301,219.327
2022-06-19,215.301,219.327
2022-06-20,215.301,219.327
2022-06-21,215.301,219.327
2022-06-22,215.166,219.9
2022-06-23,215.166,219.9
2022-06-24,215.166,219.9
2022-06-25,215.166,219.9
2022-06-26,215.166,219.9
2022-06-27,215.166,219.9
2022-06-28,215.166,219.9
2022-06-29,215.166,219.9
2022-06-30,215.166,219.9
2022-07-01,215.166,219.9
2022-07-02,215.166,219.9
2022-07-03,215.166,219.9
2022-07-04,215.166,219.9
2022-07-05,215.166,219.9
2022-07-06,215.166,219.9
2022-07-07,215.166,219.9
2022-07-08,215.166,219.9
2022-07-09,215.166,219.9
2022-07-10,215.166,219.9
2022-07-11,215.166,219.9
2022-07-12,215.166,219.9
2022-07-13,215.166,219.9
2022-07-14,215.166,219.9
2022-07-15,215.166,219.9
2022-07-16,215.166,219.9
2022-07-17,215.166,219.9
2022-07-18,215.166,219.9
2022-07-19,215.166,219.9
2022-07-20,215.166,219.9
2022-07-21,215.166,219.9
2022-07-22,215.166,219.9
2022-07-23,215.166,219.9
2022-07-24,215.166,219.9
2022-07-25,215.166,219.9
2022-07-26,215.166,219.9
2022-07-27,215.166,219.9
2022-07-28,215.166,219.9
2022-07-29,215.166,219.9
2022-07-30,215.166,219.9
2022-07-31,215.166,219.9
2022-08-01,215.166,219.9
2022-08-02,215.166,219.9
2022-08-03,215.166,219.9
2022-08-04,215.166,219.9
2022-08-05,215.166,219.9
2022-08-06,215.166,219.9
2022-08-07,215.166,219.9
2022-08-08,215.166,219.9
2022-08-09,215.166,219.9
2022-08-10,215.14,219.887
2022-08-11,215.14,219.887
2022-08-12,215.14,219.887
2022-08-13,215.14,219.887
2022-08-14,215.14,219.887
2022-08-15,215.14,219.887
2022-08-16,215.14,219.887
2022-08-17,215.14,219.887
2022-08-18,215.115,219.873
2022-08-19,215.115,219.873
2022-08-20,215.115,219.873
2022-08-21,215.115,219.873
2022-08-22,215.115,219.873
2022-08-23,215.115,219.873
2022-08-24,215.099,219.853
2022-08-25,215.099,219.853
2022-08-26,215.099,219.853
2022-08-27,215.099,219.853
2022-08-28,215.099,219.853
2022-08-29,215.099,219.853
2022-08-30,215.083,219.836
2022-08-31,216.769,221.76
2022-09-01,216.769,221.76
2022-09-02,216.769,221.76
2022-09-03,216.769,221.76
2022-09-04,216.769,221.76
2022-09-05,216.769,221.76
2022-09-06,216.769,221.76
2022-09-07,216.769,221.76
2022-09-08,216.525,221.481
2022-09-09,215.976,218.474
2022-09-10,215.976,218.474
2022-09-11,215.976,218.474
2022-09-12,215.976,218.474
2022-09-13,215.976,218.474
2022-09-14,215.976,218.474
2022-09-15,215.976,218.474
2022-09-16,215.976,218.474
2022-09-17,215.976,218.474
2022-09-18,215.976,218.474
2022-09-19,215.976,218.474
2022-09-20,215.976,218.474
2022-09-21,215.976,218.474
2022-09-22,215.976,218.474
2022-09-23,215.976,218.474
2022-09-24,215.976,218.474
2022-09-25,215.976,218.474
2022-09-26,215.976,218.474
2022-09-27,215.976,218.474
2022-09-28,215.976,218.474
2022-09-29,215.976,218.474
2022-09-30,215.976,218.474
2022-10-01,215.976,218.474
2022-10-02,215.976,218.474
2022-10-03,215.976,218.474
2022-10-04,215.976,218.474
2022-10-05,215.976,218.474
2022-10-06,215.976,218.474
2022-10-07,215.976,218.474
2022-10-08,215.976,218.474
2022-10-09,215.976,218.474
2022-10-10,215.976,218.474
2022-10-11,215.976,218.474
2022-10-12,215.976,218.474
2022-10-13,215.976,218.474
2022-10-14,215.976,218.474
2022-10-15,215.976,218.474
2022-10-16,215.976,218.474
2022-10-17,215.976,218.474
2022-10-18,215.976,218.474
2022-10-19,215.976,218.474
2022-10-20,215.976,218.474
2022-10-21,215.976,218.474
2022-10-22,215.976,218.474
2022-10-23,215.976,218.474
2022-10-24,215.976,218.474
2022-10-25,215.976,218.474
2022-10-26,215.976,218.474
2022-10-27,216.35,218.474
2022-10-28,216.35,218.474
2022-10-29,216.35,218.474
2022-10-30,216.35,218.474
2022-10-31,216.35,218.474
2022-11-01,216.35,218.474
2022-11-02,216.35,218.474
2022-11-03,216.35,218.474
2022-11-04,216.35,218.474
2022-11-05,216.35,218.474
2022-11-06,216.35,218.474
2022-11-07,216.35,218.474
2022-11-08,216.35,218.474
2022-11-09,216.35,218.474
2022-11-10,216.35,218.474
2022-11-11,216.35,218.474
2022-11-12,216.35,218.474
2022-11-13,216.35,218.474
2022-11-14,216.35,218.474
2022-11-15,216.35,218.474
2022-11-16,216.35,218.474
2022-11-17,216.35,218.474
2022-11-18,216.35,218.474
2022-11-19,216.35,218.474
2022-11-20,216.35,218.474
2022-11-21,215.541,217.564
2022-11-22,215.541,217.564
2022-11-23,215.541,217.564
2022-11-24,215.541,217.564
2022-11-25,215.541,217.564
2022-11-26,215.541,217.564
2022-11-27,215.541,217.564
2022-11-28,215.542,217.568
2022-11-29,215.464,218.155
2022-11-30,215.464,218.155
2022-12-01,215.464,218.155
2022-12-02,215.464,218.155
2022-12-03,215.464,218.155
2022-12-04,215.464,218.155
2022-12-05,215.464,218.155
2022-12-06,215.464,218.155
2022-12-07,215.482,218.155
2022-12-08,215.482,218.155
2022-12-09,215.482,218.155
2022-12-10,215.482,218.155
2022-12-11,215.482,218.155
2022-12-12,215.482,218.155
2022-12-13,215.482,218.155
2022-12-14,215.482,218.155
2022-12-15,215.482,218.155
2022-12-16,215.321,217.973
2022-12-17,215.321,217.973
2022-12-18,215.321,217.973
2022-12-19,215.321,217.973
2022-12-20,215.321,217.973
2022-12-21,215.321,217.973
2022-12-22,215.321,217.973
2022-12-23,215.321,217.973
2022-12-24,215.321,217.973
2022-12-25,215.321,217.973
2022-12-26,215.321,217.973
2022-12-27,215.321,217.973
2022-12-28,215.321,217.973
2022-12-29,215.321,217.973
2022-12-30,215.321,217.973
2022-12-31,215.321,217.973
2023-01-01,215.321,217.973
2023-01-02,215.321,217.973
2023-01-03,215.321,217.973
2023-01-04,215.321,217.973
2023-01-05,215.321,217.973
2023-01-06,215.321,217.973
2023-01-07,215.321,217.973
2023-01-08,215.321,217.973
2023-01-09,215.321,217.973
2023-01-10,215.321,217.973
2023-01-11,215.321,217.973
2023-01-12,215.321,217.973
2023-01-13,215.321,217.973
2023-01-14,215.321,217.973
2023-01-15,215.321,217.973
2023-01-16,215.321,217.973
2023-01-17,215.327,217.97
2023-01-18,215.321,217.973
2023-01-19,216.199,219.294
2023-01-20,216.199,219.294
2023-01-21,216.199,219.294
2023-01-22,216.199,219.294
2023-01-23,216.199,219.294
2023-01-24,216.198,219.29
2023-01-25,216.198,219.29
2023-01-26,216.198,219.29
2023-01-27,216.198,219.29
2023-01-28,216.198,219.29
2023-01-29,216.198,219.29
2023-01-30,216.198,219.29
2023-01-31,216.198,219.29
2023-02-01,216.198,219.29
2023-02-02,216.198,219.29
2023-02-03,216.198,219.29
2023-02-04,216.198,219.29
2023-02-05,216.198,219.29
2023-02-06,216.198,219.29
2023-02-07,216.198,219.29
2023-02-08,216.198,219.29
2023-02-09,215.792,219.29
2023-02-10,215.792,219.29
2023-02-11,215.792,219.29
2023-02-12,215.792,219.29
2023-02-13,215.792,219.29
2023-02-14,215.792,219.29
2023-02-15,215.792,219.29
2023-02-16,215.792,219.29
2023-02-17,215.792,219.29
2023-02-18,215.792,219.29
2023-02-19,215.792,219.29
2023-02-20,215.792,219.29
2023-02-21,215.592,219.065
2023-02-22,215.188,219.065
2023-02-23,215.188,219.065
2023-02-24,215.181,219.065
2023-02-25,215.181,219.065
2023-02-26,215.181,219.065
2023-02-27,215.181,219.748
2023-02-28,215.181,219.748
2023-03-01,213.807,218.791
2023-03-02,213.644,218.7
2023-03-03,213.644,218.7
2023-03-04,213.644,218.7
2023-03-05,213.644,218.7
2023-03-06,213.644,218.7
2023-03-07,213.644,218.7
2023-03-08,213.644,218.7
2023-03-09,213.644,218.7
2023-03-10,213.644,218.7
2023-03-11,213.644,218.7
2023-03-12,213.644,218.7
2023-03-13,213.644,218.7
2023-03-14,213.644,218.7
2023-03-15,213.644,218.7
2023-03-16,213.644,218.7
2023-03-17,213.644,218.7
2023-03-18,213.644,218.7
2023-03-19,213.644,218.7
2023-03-20,213.644,218.7
2023-03-21,213.644,218.7
2023-03-22,213.644,218.7
2023-03-23,213.644,218.7
2023-03-24,213.644,218.7
2023-03-25,213.644,218.7
2023-03-26,213.644,218.7
2023-03-27,213.644,218.7
2023-03-28,213.644,218.7
2023-03-29,213.644,218.7
2023-03-30,213.644,218.7
2023-03-31,213.644,218.7
2023-04-01,213.644,218.7
2023-04-02,213.644,218.7
2023-04-03,213.644,218.7
2023-04-04,213.644,218.7
2023-04-05,213.644,218.7
2023-04-06,213.644,218.7
2023-04-07,213.644,218.7
2023-04-08,213.644,218.7
2023-04-09,213.644,218.7
2023-04-10,213.644,218.7
2023-04-11,213.644,218.7
2023-04-12,213.644,218.7
2023-04-13,213.644,218.7
2023-04-14,213.644,218.7
2023-04-15,213.644,218.7
2023-04-16,213.644,218.7
2023-04-17,213.644,218.7
2023-04-18,213.644,218.7
2023-04-19,213.644,218.7
2023-04-20,213.644,218.7
2023-04-21,213.644,218.7
2023-04-22,213.644,218.7
2023-04-23,213.644,218.7
2023-04-24,213.644,218.7
2023-04-25,213.644,218.7
2023-04-26,213.644,218.7
2023-04-27,213.644,218.7
2023-04-28,213.644,218.7
2023-04-29,213.644,218.7
2023-04-30,213.644,218.7
2023-05-01,213.644,218.7
2023-05-02,213.644,218.7
2023-05-03,213.644,218.7
2023-05-04,213.644,218.7
2023-05-05,213.644,218.7
2023-05-06,213.644,218.7
2023-05-07,213.644,218.7
2023-05-08,213.644,218.7
2023-05-09,213.644,218.7
2023-05-10,213.644,218.7
2023-05-11,213.648,218.698
2023-05-12,212.641,217.34
2023-05-13,212.641,217.34
2023-05-14,212.641,217.34
2023-05-15,212.641,217.34
2023-05-16,212.641,217.34
2023-05-17,212.641,217.34
2023-05-18,212.641,217.34
2023-05-19,212.641,217.34
2023-05-20,212.641,217.34
2023-05-21,212.641,217.34
2023-05-22,212.641,217.34
2023-05-23,212.641,217.34
2023-05-24,212.641,217.34
2023-05-25,212.641,217.34
2023-05-26,211.62,217.581
2023-05-27,211.62,217.581
2023-05-28,211.62,217.581
2023-05-29,211.62,217.581
2023-05-30,211.187,218.256
2023-05-31,211.187,218.256
2023-06-01,211.187,218.256
2023-06-02,211.187,218.256
2023-06-03,211.187,218.256
2023-06-04,211.187,218.256
2023-06-05,210.773,220.985
2023-06-06,210.773,220.985
2023-06-07,210.773,220.985
2023-06-08,210.773,220.985
2023-06-09,210.687,221.441
2023-06-10,210.687,221.441
2023-06-11,210.687,221.441
2023-06-12,210.687,221.441
2023-06-13,210.687,221.441
2023-06-14,210.687,221.441
2023-06-15,210.687,221.441
2023-06-16,210.542,220.894
2023-06-17,210.542,220.894
2023-06-18,210.542,220.894
2023-06-19,210.542,220.894
2023-06-20,209.52,219.744
2023-06-21,209.52,219.744
2023-06-22,209.52,219.744
2023-06-23,209.52,219.744
2023-06-24,209.52,219.744
2023-06-25,209.52,219.744
2023-06-26,209.52,219.744
2023-06-27,209.52,219.744
2023-06-28,209.52,219.744
2023-06-29,209.52,219.744
2023-06-30,209.52,219.744
2023-07-01,209.52,219.744
2023-07-02,209.52,219.744
2023-07-03,209.52,219.744
2023-07-04,209.52,219.744
2023-07-05,212.477,224.174
2023-07-06,212.477,224.174
2023-07-07,212.477,224.174
2023-07-08,212.477,224.174
2023-07-09,212.477,224.174
2023-07-10,212.477,224.174
2023-07-11,212.477,224.174
2023-07-12,212.477,224.174
2023-07-13,212.477,224.174
2023-07-14,212.477,224.174
2023-07-15,212.477,224.174
2023-07-16,212.477,224.174
2023-07-17,212.477,224.174
2023-07-18,212.477,224.174
2023-07-19,212.477,224.174
2023-07-20,212.477,224.174
2023-07-21,212.477,224.174
2023-07-22,212.477,224.174
2023-07-23,212.477,224.174
2023-07-24,212.477,224.174
2023-07-25,212.477,224.174
2023-07-26,212.477,224.174
2023-07-27,212.477,224.174
2023-07-28,212.477,224.174
2023-07-29,212.477,224.174
2023-07-30,212.477,224.174
2023-07-31,212.477,224.174
2023-08-01,212.193,225.204
2023-08-02,212.193,225.204
2023-08-03,212.193,225.204
2023-08-04,212.193,225.204
2023-08-05,212.193,225.204
2023-08-06,212.193,225.204
2023-08-07,212.193,225.204
2023-08-08,212.193,225.204
2023-08-09,212.178,225.178
2023-08-10,212.178,225.178
2023-08-11,212.178,225.178
2023-08-12,212.178,225.178
2023-08-13,212.178,225.178
2023-08-14,212.178,225.178
2023-08-15,212.182,225.183
2023-08-16,212.182,225.183
2023-08-17,212.182,225.183
2023-08-18,212.16,225.161
2023-08-19,212.16,225.161
2023-08-20,212.16,225.161
2023-08-21,212.16,225.161
2023-08-22,212.16,225.161
2023-08-23,212.16,225.161
2023-08-24,212.16,225.161
2023-08-25,212.16,225.161
2023-08-26,212.16,225.161
2023-08-27,212.16,225.161
2023-08-28,212.14,225.139
2023-08-29,212.14,225.139
2023-08-30,212.14,225.139
2023-08-31,212.14,225.139
2023-09-01,212.17,225.158
2023-09-02,212.17,225.158
2023-09-03,212.17,225.158
2023-09-04,212.558,225.34
2023-09-05,212.558,225.34
2023-09-06,212.558,225.34
2023-09-07,212.558,225.34
2023-09-08,212.558,225.34
2023-09-09,212.558,225.34
2023-09-10,212.558,225.34
2023-09-11,212.558,225.34
2023-09-12,212.558,225.34
2023-09-13,212.558,225.34
2023-09-14,212.558,225.34
2023-09-15,212.558,225.34
2023-09-16,212.558,225.34
2023-09-17,212.558,225.34
2023-09-18,212.558,225.34
2023-09-19,212.558,225.82
2023-09-20,212.558,225.208
2023-09-21,212.558,225.208
2023-09-22,212.558,225.208
2023-09-23,212.558,225.208
2023-09-24,212.558,225.208
2023-09-25,212.558,225.208
2023-09-26,212.558,225.208
2023-09-27,212.558,225.208
2023-09-28,212.558,225.208
2023-09-29,212.558,225.208
2023-09-30,212.558,225.208
2023-10-01,212.558,225.208
2023-10-02,212.558,225.208
2023-10-03,212.558,225.208
2023-10-04,212.558,225.208
2023-10-05,212.558,225.208
2023-10-06,212.558,225.208
2023-10-07,212.558,225.208
2023-10-08,212.558,225.208
2023-10-09,212.558,225.208
2023-10-10,212.558,225.208
2023-10-11,212.558,225.208
2023-10-12,212.558,225.208
2023-10-13,212.558,225.208
2023-10-14,212.558,225.208
2023-10-15,212.558,225.208
2023-10-16,212.558,225.208
2023-10-17,212.558,225.208
2023-10-18,212.558,225.208
2023-10-19,212.558,225.208
2023-10-20,212.558,225.208
2023-10-21,212.558,225.208
2023-10-22,212.558,225.208
2023-10-23,212.558,225.208
2023-10-24,212.558,225.208
2023-10-25,212.558,225.208
2023-10-26,212.558,225.208
2023-10-27,212.558,225.208
2023-10-28,212.558,225.208
2023-10-29,212.558,225.208
2023-10-30,212.558,225.208
2023-10-31,212.558,225.208
2023-11-01,212.558,225.208
2023-11-02,212.558,225.208
2023-11-03,212.558,225.208
2023-11-04,212.558,225.208
2023-11-05,212.384,225.182
2023-11-06,212.384,225.182
2023-11-07,212.384,225.182
2023-11-08,212.384,225.182
2023-11-09,212.384,225.182
2023-11-10,211.569,225.176
2023-11-11,211.569,225.176
2023-11-12,211.569,225.176
2023-11-13,211.569,225.176
2023-11-14,211.569,225.176
2023-11-15,211.569,225.178
2023-11-16,211.569,225.178
2023-11-17,211.569,225.178
2023-11-18,211.569,225.178
2023-11-19,211.569,225.178
2023-11-20,211.569,225.178
2023-11-21,211.566,225.176
2023-11-22,211.566,225.176
2023-11-23,211.566,225.176
2023-11-24,211.688,226.607
2023-11-25,211.688,226.607
2023-11-26,211.688,226.607
2023-11-27,211.564,226.484
2023-11-28,211.564,226.484
2023-11-29,211.564,226.484
2023-11-30,211.564,226.484
2023-12-01,211.564,226.484
2023-12-02,211.564,226.484
2023-12-03,211.564,226.484
2023-12-04,211.36,226.28
2023-12-05,211.36,226.28
2023-12-06,210.784,225.637
2023-12-07,210.784,225.637
2023-12-08,210.784,225.637
2023-12-09,210.784,225.637
2023-12-10,210.784,225.637
2023-12-11,210.784,225.637
2023-12-12,210.784,225.637
2023-12-13,210.784,225.637
2023-12-14,210.784,225.637
2023-12-15,210.784,225.637
2023-12-16,210.784,225.637
2023-12-17,210.784,225.637
2023-12-18,210.784,225.637
2023-12-19,210.784,225.637
2023-12-20,210.784,225.637
2023-12-21,210.784,225.637
2023-12-22,210.784,225.637
2023-12-23,210.784,225.637
2023-12-24,210.784,225.637
2023-12-25,210.784,224.826
2023-12-26,210.954,225.846
2023-12-27,210.954,225.846
2023-12-28,210.954,225.846
2023-12-29,210.954,225.846
2023-12-30,210.954,225.846
2023-12-31,210.954,225.846
2024-01-01,210.954,225.846
2024-01-02,210.954,225.846
2024-01-03,210.954,225.846
2024-01-04,210.954,225.846
2024-01-05,210.954,225.846
2024-01-06,210.954,225.846
2024-01-07,210.954,225.846
2024-01-08,210.954,225.846
2024-01-09,210.954,225.846
2024-01-10,210.679,226.306
2024-01-11,209.918,226.098
2024-01-12,209.918,226.098
2024-01-13,209.918,226.098
2024-01-14,209.918,226.098
2024-01-15,209.918,226.098
2024-01-16,209.918,226.098
2024-01-17,209.918,226.098
2024-01-18,209.918,226.098
2024-01-19,209.918,226.098
2024-01-20,209.918,226.098
2024-01-21,209.918,226.098
2024-01-22,209.918,226.098
2024-01-23,209.918,226.098
2024-01-24,209.918,226.098
2024-01-25,208.571,223.53
2024-01-26,208.571,223.53
2024-01-27,208.571,223.53
2024-01-28,208.571,223.53
2024-01-29,208.571,223.53
2024-01-30,208.571,223.53
2024-01-31,208.571,223.53
2024-02-01,208.571,223.53
2024-02-02,208.571,223.53
2024-02-03,208.571,223.53
2024-02-04,208.571,223.53
2024-02-05,208.571,223.53
2024-02-06,208.571,223.53
2024-02-07,208.571,223.53
2024-02-08,208.571,223.53
2024-02-09,208.571,223.533
2024-02-10,208.571,223.533
2024-02-11,208.571,223.533
2024-02-12,208.096,223.53
2024-02-13,208.096,223.53
2024-02-14,208.096,223.53
2024-02-15,208.096,223.53
