,MSFT US Equity
,BEST_EPS_NXT_YR
2019-01-01,
2019-01-02,
2019-01-03,
2019-01-04,
2019-01-05,
2019-01-06,
2019-01-07,
2019-01-08,
2019-01-09,
2019-01-10,
2019-01-11,
2019-01-12,
2019-01-13,
2019-01-14,
2019-01-15,
2019-01-16,
2019-01-17,
2019-01-18,
2019-01-19,
2019-01-20,
2019-01-21,
2019-01-22,
2019-01-23,
2019-01-24,
2019-01-25,
2019-01-26,
2019-01-27,
2019-01-28,
2019-01-29,
2019-01-30,
2019-01-31,
2019-02-01,
2019-02-02,
2019-02-03,
2019-02-04,
2019-02-05,
2019-02-06,
2019-02-07,
2019-02-08,
2019-02-09,
2019-02-10,
2019-02-11,
2019-02-12,
2019-02-13,
2019-02-14,
2019-02-15,
2019-02-16,
2019-02-17,
2019-02-18,
2019-02-19,
2019-02-20,
2019-02-21,
2019-02-22,
2019-02-23,
2019-02-24,
2019-02-25,
2019-02-26,
2019-02-27,
2019-02-28,
2019-03-01,
2019-03-02,
2019-03-03,
2019-03-04,
2019-03-05,
2019-03-06,
2019-03-07,
2019-03-08,
2019-03-09,
2019-03-10,
2019-03-11,
2019-03-12,
2019-03-13,
2019-03-14,
2019-03-15,
2019-03-16,
2019-03-17,
2019-03-18,
2019-03-19,
2019-03-20,
2019-03-21,
2019-03-22,
2019-03-23,
2019-03-24,
2019-03-25,
2019-03-26,
2019-03-27,
2019-03-28,
2019-03-29,
2019-03-30,
2019-03-31,
2019-04-01,
2019-04-02,
2019-04-03,
2019-04-04,
2019-04-05,
2019-04-06,
2019-04-07,
2019-04-08,
2019-04-09,
2019-04-10,
2019-04-11,
2019-04-12,
2019-04-13,
2019-04-14,
2019-04-15,
2019-04-16,
2019-04-17,
2019-04-18,
2019-04-19,
2019-04-20,
2019-04-21,
2019-04-22,
2019-04-23,
2019-04-24,
2019-04-25,
2019-04-26,
2019-04-27,
2019-04-28,
2019-04-29,
2019-04-30,
2019-05-01,
2019-05-02,
2019-05-03,
2019-05-04,
2019-05-05,
2019-05-06,
2019-05-07,
2019-05-08,
2019-05-09,
2019-05-10,
2019-05-11,
2019-05-12,
2019-05-13,
2019-05-14,
2019-05-15,
2019-05-16,
2019-05-17,
2019-05-18,
2019-05-19,
2019-05-20,
2019-05-21,
2019-05-22,
2019-05-23,
2019-05-24,
2019-05-25,
2019-05-26,
2019-05-27,
2019-05-28,
2019-05-29,
2019-05-30,
2019-05-31,
2019-06-01,
2019-06-02,
2019-06-03,
2019-06-04,
2019-06-05,
2019-06-06,
2019-06-07,
2019-06-08,
2019-06-09,
2019-06-10,
2019-06-11,
2019-06-12,
2019-06-13,
2019-06-14,
2019-06-15,
2019-06-16,
2019-06-17,
2019-06-18,
2019-06-19,
2019-06-20,
2019-06-21,
2019-06-22,
2019-06-23,
2019-06-24,
2019-06-25,
2019-06-26,
2019-06-27,
2019-06-28,
2019-06-29,
2019-06-30,
2019-07-01,
2019-07-02,
2019-07-03,
2019-07-04,
2019-07-05,
2019-07-06,
2019-07-07,
2019-07-08,
2019-07-09,
2019-07-10,
2019-07-11,9.67
2019-07-12,9.67
2019-07-13,9.67
2019-07-14,9.67
2019-07-15,9.67
2019-07-16,9.67
2019-07-17,9.67
2019-07-18,9.67
2019-07-19,9.75
2019-07-20,9.75
2019-07-21,9.75
2019-07-22,9.75
2019-07-23,9.75
2019-07-24,9.75
2019-07-25,9.75
2019-07-26,9.75
2019-07-27,9.75
2019-07-28,9.75
2019-07-29,9.75
2019-07-30,9.75
2019-07-31,9.75
2019-08-01,9.75
2019-08-02,9.75
2019-08-03,9.75
2019-08-04,9.75
2019-08-05,9.75
2019-08-06,9.75
2019-08-07,9.75
2019-08-08,9.75
2019-08-09,9.75
2019-08-10,9.75
2019-08-11,9.75
2019-08-12,9.75
2019-08-13,9.75
2019-08-14,9.75
2019-08-15,9.75
2019-08-16,9.75
2019-08-17,9.75
2019-08-18,9.75
2019-08-19,9.75
2019-08-20,9.75
2019-08-21,9.75
2019-08-22,9.75
2019-08-23,9.75
2019-08-24,9.75
2019-08-25,9.75
2019-08-26,9.75
2019-08-27,9.75
2019-08-28,9.75
2019-08-29,9.75
2019-08-30,9.75
2019-08-31,9.75
2019-09-01,9.75
2019-09-02,9.75
2019-09-03,9.75
2019-09-04,9.75
2019-09-05,9.75
2019-09-06,9.75
2019-09-07,9.75
2019-09-08,9.75
2019-09-09,9.75
2019-09-10,9.75
2019-09-11,9.75
2019-09-12,9.75
2019-09-13,9.75
2019-09-14,9.75
2019-09-15,9.75
2019-09-16,9.75
2019-09-17,9.75
2019-09-18,9.75
2019-09-19,9.75
2019-09-20,9.75
2019-09-21,9.75
2019-09-22,9.75
2019-09-23,9.75
2019-09-24,9.75
2019-09-25,9.75
2019-09-26,9.75
2019-09-27,9.75
2019-09-28,9.75
2019-09-29,9.75
2019-09-30,9.75
2019-10-01,9.75
2019-10-02,9.75
2019-10-03,9.75
2019-10-04,9.75
2019-10-05,9.75
2019-10-06,9.75
2019-10-07,9.75
2019-10-08,9.75
2019-10-09,9.75
2019-10-10,9.75
2019-10-11,9.75
2019-10-12,9.75
2019-10-13,9.75
2019-10-14,9.75
2019-10-15,9.75
2019-10-16,9.75
2019-10-17,9.75
2019-10-18,9.75
2019-10-19,9.75
2019-10-20,9.75
2019-10-21,9.75
2019-10-22,9.75
2019-10-23,9.75
2019-10-24,9.61
2019-10-25,9.61
2019-10-26,9.62
2019-10-27,9.62
2019-10-28,9.62
2019-10-29,9.62
2019-10-30,9.62
2019-10-31,9.62
2019-11-01,9.62
2019-11-02,9.62
2019-11-03,9.62
2019-11-04,9.62
2019-11-05,9.62
2019-11-06,9.62
2019-11-07,9.62
2019-11-08,9.62
2019-11-09,9.62
2019-11-10,9.62
2019-11-11,9.62
2019-11-12,9.62
2019-11-13,9.78
2019-11-14,9.78
2019-11-15,9.78
2019-11-16,9.78
2019-11-17,9.78
2019-11-18,9.78
2019-11-19,9.78
2019-11-20,9.78
2019-11-21,9.78
2019-11-22,9.78
2019-11-23,9.78
2019-11-24,9.78
2019-11-25,9.78
2019-11-26,9.78
2019-11-27,9.78
2019-11-28,9.78
2019-11-29,9.78
2019-11-30,9.78
2019-12-01,9.78
2019-12-02,9.78
2019-12-03,9.78
2019-12-04,9.78
2019-12-05,9.78
2019-12-06,9.78
2019-12-07,9.78
2019-12-08,9.78
2019-12-09,9.78
2019-12-10,9.78
2019-12-11,9.78
2019-12-12,9.85
2019-12-13,9.85
2019-12-14,9.85
2019-12-15,9.85
2019-12-16,9.85
2019-12-17,9.85
2019-12-18,9.85
2019-12-19,9.85
2019-12-20,9.85
2019-12-21,9.85
2019-12-22,9.85
2019-12-23,9.85
2019-12-24,9.85
2019-12-25,9.85
2019-12-26,9.85
2019-12-27,9.85
2019-12-28,9.85
2019-12-29,9.85
2019-12-30,9.85
2019-12-31,9.85
2020-01-01,9.85
2020-01-02,9.85
2020-01-03,9.85
2020-01-04,9.85
2020-01-05,9.85
2020-01-06,9.85
2020-01-07,9.85
2020-01-08,9.85
2020-01-09,9.93
2020-01-10,9.93
2020-01-11,9.93
2020-01-12,9.93
2020-01-13,9.93
2020-01-14,9.93
2020-01-15,9.93
2020-01-16,9.93
2020-01-17,9.93
2020-01-18,9.93
2020-01-19,9.93
2020-01-20,9.93
2020-01-21,9.93
2020-01-22,9.93
2020-01-23,9.93
2020-01-24,9.93
2020-01-25,9.93
2020-01-26,9.93
2020-01-27,9.93
2020-01-28,9.93
2020-01-29,9.93
2020-01-30,10.297
2020-01-31,9.703
2020-02-01,9.703
2020-02-02,9.703
2020-02-03,9.703
2020-02-04,9.703
2020-02-05,9.703
2020-02-06,9.703
2020-02-07,9.703
2020-02-08,9.703
2020-02-09,9.703
2020-02-10,9.703
2020-02-11,9.703
2020-02-12,9.757
2020-02-13,9.757
2020-02-14,9.757
2020-02-15,9.757
2020-02-16,9.757
2020-02-17,9.757
2020-02-18,9.757
2020-02-19,9.757
2020-02-20,9.757
2020-02-21,9.757
2020-02-22,9.757
2020-02-23,9.757
2020-02-24,9.757
2020-02-25,9.757
2020-02-26,9.757
2020-02-27,9.757
2020-02-28,9.757
2020-02-29,9.757
2020-03-01,9.757
2020-03-02,9.747
2020-03-03,9.747
2020-03-04,9.747
2020-03-05,9.747
2020-03-06,9.747
2020-03-07,9.747
2020-03-08,9.747
2020-03-09,9.747
2020-03-10,9.747
2020-03-11,9.747
2020-03-12,9.747
2020-03-13,9.747
2020-03-14,9.747
2020-03-15,9.747
2020-03-16,9.747
2020-03-17,9.747
2020-03-18,9.747
2020-03-19,9.747
2020-03-20,9.747
2020-03-21,9.747
2020-03-22,9.747
2020-03-23,9.747
2020-03-24,9.747
2020-03-25,9.747
2020-03-26,9.747
2020-03-27,9.747
2020-03-28,9.747
2020-03-29,9.747
2020-03-30,9.747
2020-03-31,9.747
2020-04-01,9.747
2020-04-02,9.377
2020-04-03,9.377
2020-04-04,9.377
2020-04-05,9.377
2020-04-06,9.377
2020-04-07,9.377
2020-04-08,9.377
2020-04-09,9.377
2020-04-10,9.377
2020-04-11,9.377
2020-04-12,9.377
2020-04-13,9.377
2020-04-14,9.377
2020-04-15,9.377
2020-04-16,9.377
2020-04-17,9.2
2020-04-18,9.2
2020-04-19,9.2
2020-04-20,9.2
2020-04-21,9.2
2020-04-22,9.2
2020-04-23,9.2
2020-04-24,9.2
2020-04-25,9.2
2020-04-26,9.2
2020-04-27,9.2
2020-04-28,9.2
2020-04-29,9.2
2020-04-30,9.2
2020-05-01,9.875
2020-05-02,9.875
2020-05-03,9.875
2020-05-04,9.875
2020-05-05,9.875
2020-05-06,9.875
2020-05-07,9.875
2020-05-08,9.875
2020-05-09,9.875
2020-05-10,9.875
2020-05-11,9.875
2020-05-12,9.875
2020-05-13,9.875
2020-05-14,9.875
2020-05-15,9.875
2020-05-16,9.875
2020-05-17,9.875
2020-05-18,9.875
2020-05-19,9.875
2020-05-20,9.875
2020-05-21,9.875
2020-05-22,9.875
2020-05-23,9.875
2020-05-24,9.875
2020-05-25,9.875
2020-05-26,9.875
2020-05-27,9.875
2020-05-28,10.18
2020-05-29,10.18
2020-05-30,10.18
2020-05-31,10.18
2020-06-01,10.18
2020-06-02,10.18
2020-06-03,10.18
2020-06-04,10.18
2020-06-05,10.18
2020-06-06,10.18
2020-06-07,10.18
2020-06-08,10.18
2020-06-09,10.18
2020-06-10,10.18
2020-06-11,10.18
2020-06-12,10.18
2020-06-13,10.18
2020-06-14,10.18
2020-06-15,10.18
2020-06-16,11.21
2020-06-17,11.21
2020-06-18,11.21
2020-06-19,11.21
2020-06-20,11.21
2020-06-21,11.21
2020-06-22,11.21
2020-06-23,11.21
2020-06-24,11.21
2020-06-25,11.21
2020-06-26,11.21
2020-06-27,11.21
2020-06-28,11.21
2020-06-29,11.21
2020-06-30,11.21
2020-07-01,11.21
2020-07-02,11.21
2020-07-03,11.21
2020-07-04,11.21
2020-07-05,11.21
2020-07-06,11.21
2020-07-07,11.21
2020-07-08,11.21
2020-07-09,11.21
2020-07-10,11.21
2020-07-11,11.21
2020-07-12,11.21
2020-07-13,11.21
2020-07-14,11.21
2020-07-15,11.21
2020-07-16,11.21
2020-07-17,11.21
2020-07-18,11.21
2020-07-19,11.21
2020-07-20,11.21
2020-07-21,11.21
2020-07-22,11.21
2020-07-23,11.21
2020-07-24,11.21
2020-07-25,11.21
2020-07-26,11.21
2020-07-27,11.21
2020-07-28,11.21
2020-07-29,11.21
2020-07-30,11.21
2020-07-31,11.21
2020-08-01,11.21
2020-08-02,11.21
2020-08-03,11.21
2020-08-04,11.21
2020-08-05,11.21
2020-08-06,11.21
2020-08-07,11.21
2020-08-08,11.21
2020-08-09,11.21
2020-08-10,11.21
2020-08-11,11.21
2020-08-12,11.21
2020-08-13,11.21
2020-08-14,11.21
2020-08-15,11.21
2020-08-16,11.21
2020-08-17,11.21
2020-08-18,11.21
2020-08-19,11.21
2020-08-20,11.21
2020-08-21,11.21
2020-08-22,11.21
2020-08-23,11.21
2020-08-24,11.21
2020-08-25,11.21
2020-08-26,11.21
2020-08-27,11.21
2020-08-28,11.21
2020-08-29,11.21
2020-08-30,11.21
2020-08-31,11.21
2020-09-01,11.21
2020-09-02,11.21
2020-09-03,11.21
2020-09-04,11.21
2020-09-05,11.21
2020-09-06,11.21
2020-09-07,11.21
2020-09-08,11.21
2020-09-09,11.21
2020-09-10,11.21
2020-09-11,11.21
2020-09-12,11.21
2020-09-13,11.21
2020-09-14,11.21
2020-09-15,11.21
2020-09-16,11.21
2020-09-17,11.21
2020-09-18,11.21
2020-09-19,11.21
2020-09-20,11.21
2020-09-21,11.21
2020-09-22,11.21
2020-09-23,11.21
2020-09-24,11.21
2020-09-25,11.21
2020-09-26,11.21
2020-09-27,11.21
2020-09-28,11.21
2020-09-29,11.21
2020-09-30,11.21
2020-10-01,11.21
2020-10-02,11.21
2020-10-03,11.21
2020-10-04,11.21
2020-10-05,11.21
2020-10-06,11.21
2020-10-07,11.21
2020-10-08,11.21
2020-10-09,11.21
2020-10-10,11.21
2020-10-11,11.21
2020-10-12,11.21
2020-10-13,11.21
2020-10-14,11.21
2020-10-15,11.21
2020-10-16,11.21
2020-10-17,11.21
2020-10-18,11.21
2020-10-19,11.21
2020-10-20,11.21
2020-10-21,11.21
2020-10-22,11.21
2020-10-23,12.13
2020-10-24,12.13
2020-10-25,12.13
2020-10-26,12.13
2020-10-27,12.13
2020-10-28,11.31
2020-10-29,11.31
2020-10-30,11.31
2020-10-31,11.31
2020-11-01,11.31
2020-11-02,11.31
2020-11-03,11.31
2020-11-04,11.31
2020-11-05,11.31
2020-11-06,11.31
2020-11-07,11.31
2020-11-08,11.31
2020-11-09,11.31
2020-11-10,11.31
2020-11-11,11.31
2020-11-12,11.31
2020-11-13,11.31
2020-11-14,11.31
2020-11-15,11.31
2020-11-16,11.31
2020-11-17,11.31
2020-11-18,11.31
2020-11-19,11.31
2020-11-20,11.31
2020-11-21,11.31
2020-11-22,11.31
2020-11-23,11.31
2020-11-24,11.31
2020-11-25,11.31
2020-11-26,11.31
2020-11-27,11.31
2020-11-28,11.31
2020-11-29,11.31
2020-11-30,11.31
2020-12-01,11.31
2020-12-02,11.31
2020-12-03,11.31
2020-12-04,11.31
2020-12-05,11.31
2020-12-06,11.31
2020-12-07,11.31
2020-12-08,11.31
2020-12-09,11.31
2020-12-10,11.31
2020-12-11,11.31
2020-12-12,11.31
2020-12-13,11.31
2020-12-14,11.31
2020-12-15,11.31
2020-12-16,11.31
2020-12-17,11.31
2020-12-18,11.31
2020-12-19,11.31
2020-12-20,11.31
2020-12-21,11.31
2020-12-22,11.31
2020-12-23,11.31
2020-12-24,11.31
2020-12-25,11.31
2020-12-26,11.31
2020-12-27,11.31
2020-12-28,11.31
2020-12-29,11.31
2020-12-30,11.31
2020-12-31,11.31
2021-01-01,11.31
2021-01-02,11.31
2021-01-03,11.31
2021-01-04,11.31
2021-01-05,11.31
2021-01-06,11.31
2021-01-07,11.31
2021-01-08,11.31
2021-01-09,11.31
2021-01-10,11.31
2021-01-11,11.31
2021-01-12,11.31
2021-01-13,11.31
2021-01-14,11.31
2021-01-15,11.31
2021-01-16,11.31
2021-01-17,11.31
2021-01-18,11.31
2021-01-19,11.31
2021-01-20,11.31
2021-01-21,11.31
2021-01-22,11.31
2021-01-23,11.31
2021-01-24,11.31
2021-01-25,11.31
2021-01-26,11.31
2021-01-27,13.33
2021-01-28,13.33
2021-01-29,13.33
2021-01-30,13.33
2021-01-31,13.33
2021-02-01,13.33
2021-02-02,13.33
2021-02-03,13.33
2021-02-04,13.33
2021-02-05,13.33
2021-02-06,13.33
2021-02-07,13.33
2021-02-08,13.33
2021-02-09,13.33
2021-02-10,13.33
2021-02-11,13.33
2021-02-12,13.33
2021-02-13,13.33
2021-02-14,13.33
2021-02-15,13.33
2021-02-16,13.33
2021-02-17,13.33
2021-02-18,13.33
2021-02-19,13.33
2021-02-20,13.33
2021-02-21,13.33
2021-02-22,13.33
2021-02-23,13.33
2021-02-24,13.33
2021-02-25,13.33
2021-02-26,13.33
2021-02-27,13.33
2021-02-28,13.33
2021-03-01,13.33
2021-03-02,13.33
2021-03-03,13.33
2021-03-04,13.33
2021-03-05,13.33
2021-03-06,13.33
2021-03-07,13.33
2021-03-08,13.33
2021-03-09,13.33
2021-03-10,13.33
2021-03-11,13.33
2021-03-12,13.33
2021-03-13,13.33
2021-03-14,13.33
2021-03-15,13.33
2021-03-16,13.33
2021-03-17,13.33
2021-03-18,13.33
2021-03-19,13.33
2021-03-20,13.33
2021-03-21,13.33
2021-03-22,13.33
2021-03-23,13.33
2021-03-24,13.33
2021-03-25,13.33
2021-03-26,13.33
2021-03-27,13.33
2021-03-28,13.33
2021-03-29,13.33
2021-03-30,13.33
2021-03-31,13.33
2021-04-01,13.33
2021-04-02,13.33
2021-04-03,13.33
2021-04-04,13.33
2021-04-05,13.33
2021-04-06,13.33
2021-04-07,13.33
2021-04-08,13.33
2021-04-09,13.33
2021-04-10,13.33
2021-04-11,13.33
2021-04-12,13.33
2021-04-13,13.33
2021-04-14,13.33
2021-04-15,13.33
2021-04-16,13.33
2021-04-17,13.33
2021-04-18,13.33
2021-04-19,13.33
2021-04-20,13.33
2021-04-21,13.33
2021-04-22,13.33
2021-04-23,13.33
2021-04-24,13.33
2021-04-25,13.33
2021-04-26,13.33
2021-04-27,13.33
2021-04-28,13.59
2021-04-29,13.59
2021-04-30,13.59
2021-05-01,13.59
2021-05-02,13.59
2021-05-03,13.59
2021-05-04,13.59
2021-05-05,13.59
2021-05-06,13.59
2021-05-07,13.59
2021-05-08,13.59
2021-05-09,13.59
2021-05-10,13.59
2021-05-11,13.59
2021-05-12,13.375
2021-05-13,13.59
2021-05-14,13.59
2021-05-15,13.59
2021-05-16,13.59
2021-05-17,13.59
2021-05-18,13.59
2021-05-19,13.59
2021-05-20,13.59
2021-05-21,13.59
2021-05-22,13.59
2021-05-23,13.59
2021-05-24,13.59
2021-05-25,13.59
2021-05-26,13.59
2021-05-27,13.59
2021-05-28,13.59
2021-05-29,13.59
2021-05-30,13.59
2021-05-31,13.59
2021-06-01,13.59
2021-06-02,13.59
2021-06-03,13.59
2021-06-04,13.59
2021-06-05,13.59
2021-06-06,13.59
2021-06-07,13.59
2021-06-08,13.59
2021-06-09,13.59
2021-06-10,13.59
2021-06-11,13.59
2021-06-12,13.59
2021-06-13,13.59
2021-06-14,13.59
2021-06-15,13.59
2021-06-16,13.59
2021-06-17,13.59
2021-06-18,13.59
2021-06-19,13.59
2021-06-20,13.59
2021-06-21,13.59
2021-06-22,13.59
2021-06-23,13.59
2021-06-24,13.59
2021-06-25,13.59
2021-06-26,13.59
2021-06-27,13.59
2021-06-28,13.59
2021-06-29,13.59
2021-06-30,13.59
2021-07-01,13.59
2021-07-02,13.59
2021-07-03,13.59
2021-07-04,13.59
2021-07-05,13.59
2021-07-06,13.59
2021-07-07,13.59
2021-07-08,13.59
2021-07-09,13.59
2021-07-10,13.59
2021-07-11,13.59
2021-07-12,13.59
2021-07-13,13.59
2021-07-14,13.59
2021-07-15,13.59
2021-07-16,13.59
2021-07-17,13.59
2021-07-18,13.59
2021-07-19,13.59
2021-07-20,13.59
2021-07-21,13.59
2021-07-22,13.59
2021-07-23,13.59
2021-07-24,13.59
2021-07-25,13.59
2021-07-26,13.59
2021-07-27,13.59
2021-07-28,14.055
2021-07-29,14.055
2021-07-30,14.055
2021-07-31,14.055
2021-08-01,14.055
2021-08-02,14.055
2021-08-03,14.055
2021-08-04,14.055
2021-08-05,14.055
2021-08-06,14.055
2021-08-07,14.055
2021-08-08,14.055
2021-08-09,14.055
2021-08-10,14.055
2021-08-11,14.055
2021-08-12,14.055
2021-08-13,14.055
2021-08-14,14.055
2021-08-15,14.055
2021-08-16,14.055
2021-08-17,14.055
2021-08-18,14.055
2021-08-19,14.055
2021-08-20,14.055
2021-08-21,14.055
2021-08-22,14.055
2021-08-23,14.055
2021-08-24,14.055
2021-08-25,14.055
2021-08-26,14.055
2021-08-27,14.055
2021-08-28,14.055
2021-08-29,14.055
2021-08-30,14.055
2021-08-31,14.055
2021-09-01,14.055
2021-09-02,14.055
2021-09-03,14.055
2021-09-04,14.055
2021-09-05,14.055
2021-09-06,14.055
2021-09-07,14.055
2021-09-08,14.055
2021-09-09,14.055
2021-09-10,14.055
2021-09-11,14.055
2021-09-12,14.055
2021-09-13,14.055
2021-09-14,14.055
2021-09-15,14.055
2021-09-16,14.055
2021-09-17,14.055
2021-09-18,14.055
2021-09-19,14.055
2021-09-20,14.055
2021-09-21,14.055
2021-09-22,14.055
2021-09-23,14.055
2021-09-24,14.055
2021-09-25,14.055
2021-09-26,14.055
2021-09-27,14.055
2021-09-28,14.055
2021-09-29,14.055
2021-09-30,14.055
2021-10-01,14.055
2021-10-02,14.055
2021-10-03,14.055
2021-10-04,14.055
2021-10-05,14.055
2021-10-06,14.055
2021-10-07,14.055
2021-10-08,14.055
2021-10-09,14.055
2021-10-10,14.055
2021-10-11,14.055
2021-10-12,14.055
2021-10-13,14.055
2021-10-14,14.055
2021-10-15,14.055
2021-10-16,14.055
2021-10-17,14.055
2021-10-18,14.055
2021-10-19,14.055
2021-10-20,14.055
2021-10-21,14.055
2021-10-22,14.055
2021-10-23,14.055
2021-10-24,14.055
2021-10-25,14.217
2021-10-26,14.18
2021-10-27,14.32
2021-10-28,14.32
2021-10-29,14.32
2021-10-30,14.32
2021-10-31,14.32
2021-11-01,14.32
2021-11-02,14.32
2021-11-03,14.32
2021-11-04,14.32
2021-11-05,14.32
2021-11-06,14.32
2021-11-07,14.32
2021-11-08,14.32
2021-11-09,14.32
2021-11-10,14.32
2021-11-11,14.32
2021-11-12,14.32
2021-11-13,14.32
2021-11-14,14.32
2021-11-15,14.32
2021-11-16,14.32
2021-11-17,14.32
2021-11-18,14.32
2021-11-19,14.32
2021-11-20,14.32
2021-11-21,14.32
2021-11-22,14.69
2021-11-23,14.69
2021-11-24,14.69
2021-11-25,14.69
2021-11-26,14.69
2021-11-27,14.69
2021-11-28,14.69
2021-11-29,14.69
2021-11-30,14.69
2021-12-01,14.69
2021-12-02,14.69
2021-12-03,14.69
2021-12-04,14.69
2021-12-05,14.69
2021-12-06,14.69
2021-12-07,14.69
2021-12-08,14.69
2021-12-09,14.69
2021-12-10,14.69
2021-12-11,14.69
2021-12-12,14.69
2021-12-13,14.69
2021-12-14,14.69
2021-12-15,14.69
2021-12-16,14.69
2021-12-17,14.69
2021-12-18,14.69
2021-12-19,14.69
2021-12-20,14.69
2021-12-21,14.69
2021-12-22,14.69
2021-12-23,14.69
2021-12-24,14.69
2021-12-25,14.69
2021-12-26,14.69
2021-12-27,14.69
2021-12-28,14.69
2021-12-29,14.69
2021-12-30,14.69
2021-12-31,14.69
2022-01-01,14.69
2022-01-02,14.69
2022-01-03,14.69
2022-01-04,14.69
2022-01-05,14.69
2022-01-06,14.69
2022-01-07,14.69
2022-01-08,14.69
2022-01-09,14.69
2022-01-10,14.69
2022-01-11,14.69
2022-01-12,14.69
2022-01-13,14.69
2022-01-14,14.69
2022-01-15,14.69
2022-01-16,14.69
2022-01-17,14.69
2022-01-18,14.69
2022-01-19,14.69
2022-01-20,14.69
2022-01-21,14.69
2022-01-22,14.69
2022-01-23,14.69
2022-01-24,14.69
2022-01-25,14.524
2022-01-26,15.032
2022-01-27,15.032
2022-01-28,15.032
2022-01-29,15.032
2022-01-30,15.032
2022-01-31,15.032
2022-02-01,15.032
2022-02-02,15.032
2022-02-03,15.032
2022-02-04,15.032
2022-02-05,15.032
2022-02-06,15.032
2022-02-07,15.032
2022-02-08,15.032
2022-02-09,15.032
2022-02-10,15.032
2022-02-11,15.032
2022-02-12,15.032
2022-02-13,15.032
2022-02-14,15.032
2022-02-15,15.032
2022-02-16,15.032
2022-02-17,15.032
2022-02-18,15.032
2022-02-19,15.032
2022-02-20,15.032
2022-02-21,15.032
2022-02-22,15.032
2022-02-23,15.032
2022-02-24,15.032
2022-02-25,15.032
2022-02-26,15.032
2022-02-27,15.032
2022-02-28,15.032
2022-03-01,15.032
2022-03-02,15.032
2022-03-03,15.032
2022-03-04,15.032
2022-03-05,15.032
2022-03-06,15.032
2022-03-07,15.032
2022-03-08,15.032
2022-03-09,15.032
2022-03-10,15.032
2022-03-11,15.032
2022-03-12,15.032
2022-03-13,15.032
2022-03-14,15.032
2022-03-15,15.032
2022-03-16,15.032
2022-03-17,15.032
2022-03-18,15.032
2022-03-19,15.032
2022-03-20,15.032
2022-03-21,15.032
2022-03-22,15.032
2022-03-23,15.032
2022-03-24,15.032
2022-03-25,15.032
2022-03-26,15.032
2022-03-27,15.032
2022-03-28,15.032
2022-03-29,15.032
2022-03-30,15.032
2022-03-31,15.032
2022-04-01,15.032
2022-04-02,15.032
2022-04-03,15.032
2022-04-04,15.032
2022-04-05,15.032
2022-04-06,15.032
2022-04-07,15.032
2022-04-08,15.032
2022-04-09,15.032
2022-04-10,15.032
2022-04-11,15.032
2022-04-12,15.032
2022-04-13,15.032
2022-04-14,15.032
2022-04-15,15.032
2022-04-16,15.032
2022-04-17,15.032
2022-04-18,15.032
2022-04-19,15.032
2022-04-20,15.032
2022-04-21,15.032
2022-04-22,14.878
2022-04-23,14.878
2022-04-24,14.878
2022-04-25,14.878
2022-04-26,14.902
2022-04-27,14.658
2022-04-28,14.658
2022-04-29,14.658
2022-04-30,14.658
2022-05-01,14.658
2022-05-02,14.658
2022-05-03,14.658
2022-05-04,14.658
2022-05-05,14.658
2022-05-06,14.658
2022-05-07,14.658
2022-05-08,14.658
2022-05-09,14.658
2022-05-10,14.658
2022-05-11,14.658
2022-05-12,14.658
2022-05-13,14.658
2022-05-14,14.658
2022-05-15,14.658
2022-05-16,14.658
2022-05-17,14.658
2022-05-18,14.658
2022-05-19,14.658
2022-05-20,14.658
2022-05-21,14.658
2022-05-22,14.658
2022-05-23,14.658
2022-05-24,14.658
2022-05-25,14.658
2022-05-26,14.658
2022-05-27,14.658
2022-05-28,14.658
2022-05-29,14.658
2022-05-30,14.658
2022-05-31,14.658
2022-06-01,14.658
2022-06-02,14.628
2022-06-03,14.622
2022-06-04,14.622
2022-06-05,14.622
2022-06-06,14.622
2022-06-07,14.622
2022-06-08,14.622
2022-06-09,14.622
2022-06-10,14.612
2022-06-11,14.612
2022-06-12,14.612
2022-06-13,14.612
2022-06-14,14.612
2022-06-15,14.612
2022-06-16,14.612
2022-06-17,14.612
2022-06-18,14.612
2022-06-19,14.612
2022-06-20,14.612
2022-06-21,14.612
2022-06-22,14.612
2022-06-23,14.612
2022-06-24,14.612
2022-06-25,14.612
2022-06-26,14.612
2022-06-27,14.612
2022-06-28,14.596
2022-06-29,14.527
2022-06-30,14.596
2022-07-01,14.596
2022-07-02,14.596
2022-07-03,14.596
2022-07-04,14.596
2022-07-05,14.596
2022-07-06,14.596
2022-07-07,14.596
2022-07-08,14.596
2022-07-09,14.596
2022-07-10,14.596
2022-07-11,14.595
2022-07-12,14.595
2022-07-13,14.595
2022-07-14,14.595
2022-07-15,14.595
2022-07-16,14.595
2022-07-17,14.595
2022-07-18,14.595
2022-07-19,14.69
2022-07-20,14.69
2022-07-21,14.69
2022-07-22,14.69
2022-07-23,14.69
2022-07-24,14.69
2022-07-25,14.684
2022-07-26,14.477
2022-07-27,14.154
2022-07-28,14.178
2022-07-29,14.211
2022-07-30,14.211
2022-07-31,14.211
2022-08-01,14.211
2022-08-02,14.211
2022-08-03,14.211
2022-08-04,14.218
2022-08-05,14.218
2022-08-06,14.218
2022-08-07,14.218
2022-08-08,14.218
2022-08-09,14.218
2022-08-10,14.218
2022-08-11,14.179
2022-08-12,14.181
2022-08-13,14.181
2022-08-14,14.191
2022-08-15,14.191
2022-08-16,14.191
2022-08-17,14.191
2022-08-18,14.191
2022-08-19,14.19
2022-08-20,14.19
2022-08-21,14.19
2022-08-22,14.19
2022-08-23,14.19
2022-08-24,14.19
2022-08-25,14.19
2022-08-26,14.19
2022-08-27,14.19
2022-08-28,14.19
2022-08-29,14.19
2022-08-30,14.19
2022-08-31,14.19
2022-09-01,14.19
2022-09-02,14.19
2022-09-03,14.19
2022-09-04,14.19
2022-09-05,14.19
2022-09-06,14.19
2022-09-07,14.19
2022-09-08,14.19
2022-09-09,14.19
2022-09-10,14.19
2022-09-11,14.19
2022-09-12,14.19
2022-09-13,14.19
2022-09-14,14.19
2022-09-15,14.184
2022-09-16,14.184
2022-09-17,14.184
2022-09-18,14.184
2022-09-19,14.184
2022-09-20,14.184
2022-09-21,14.184
2022-09-22,14.165
2022-09-23,14.165
2022-09-24,14.165
2022-09-25,14.165
2022-09-26,14.136
2022-09-27,14.136
2022-09-28,14.136
2022-09-29,14.136
2022-09-30,14.136
2022-10-01,14.136
2022-10-02,14.136
2022-10-03,14.042
2022-10-04,14.042
2022-10-05,14.042
2022-10-06,14.042
2022-10-07,14.042
2022-10-08,14.042
2022-10-09,14.042
2022-10-10,14.042
2022-10-11,13.971
2022-10-12,13.971
2022-10-13,13.971
2022-10-14,13.925
2022-10-15,13.925
2022-10-16,13.925
2022-10-17,13.925
2022-10-18,13.908
2022-10-19,13.874
2022-10-20,13.867
2022-10-21,13.8
2022-10-22,13.8
2022-10-23,13.8
2022-10-24,13.8
2022-10-25,13.804
2022-10-26,13.432
2022-10-27,13.358
2022-10-28,13.305
2022-10-29,13.305
2022-10-30,13.305
2022-10-31,13.305
2022-11-01,13.305
2022-11-02,13.277
2022-11-03,13.277
2022-11-04,13.264
2022-11-05,13.264
2022-11-06,13.264
2022-11-07,13.274
2022-11-08,13.274
2022-11-09,13.274
2022-11-10,13.274
2022-11-11,13.274
2022-11-12,13.274
2022-11-13,13.274
2022-11-14,13.269
2022-11-15,13.269
2022-11-16,13.269
2022-11-17,13.269
2022-11-18,13.269
2022-11-19,13.269
2022-11-20,13.269
2022-11-21,13.268
2022-11-22,13.268
2022-11-23,13.268
2022-11-24,13.243
2022-11-25,13.243
2022-11-26,13.243
2022-11-27,13.243
2022-11-28,13.243
2022-11-29,13.243
2022-11-30,13.243
2022-12-01,13.243
2022-12-02,13.243
2022-12-03,13.243
2022-12-04,13.243
2022-12-05,13.243
2022-12-06,13.243
2022-12-07,13.243
2022-12-08,13.243
2022-12-09,13.243
2022-12-10,13.243
2022-12-11,13.243
2022-12-12,13.243
2022-12-13,13.243
2022-12-14,13.243
2022-12-15,13.243
2022-12-16,13.24
2022-12-17,13.24
2022-12-18,13.24
2022-12-19,13.24
2022-12-20,13.24
2022-12-21,13.24
2022-12-22,13.24
2022-12-23,13.24
2022-12-24,13.24
2022-12-25,13.24
2022-12-26,13.24
2022-12-27,13.24
2022-12-28,13.24
2022-12-29,13.24
2022-12-30,13.191
2022-12-31,13.191
2023-01-01,13.191
2023-01-02,13.191
2023-01-03,13.191
2023-01-04,13.197
2023-01-05,13.197
2023-01-06,13.197
2023-01-07,13.197
2023-01-08,13.197
2023-01-09,13.197
2023-01-10,13.181
2023-01-11,13.181
2023-01-12,13.181
2023-01-13,13.173
2023-01-14,13.173
2023-01-15,13.173
2023-01-16,13.173
2023-01-17,13.107
2023-01-18,13.071
2023-01-19,13.057
2023-01-20,13.057
2023-01-21,13.057
2023-01-22,13.051
2023-01-23,13.049
2023-01-24,12.883
2023-01-25,12.664
2023-01-26,12.619
2023-01-27,12.619
2023-01-28,12.619
2023-01-29,12.619
2023-01-30,12.603
2023-01-31,12.603
2023-02-01,12.598
2023-02-02,12.598
2023-02-03,12.594
2023-02-04,12.594
2023-02-05,12.594
2023-02-06,12.561
2023-02-07,12.54
2023-02-08,12.417
2023-02-09,12.417
2023-02-10,12.429
2023-02-11,12.429
2023-02-12,12.429
2023-02-13,12.431
2023-02-14,12.431
2023-02-15,12.431
2023-02-16,12.431
2023-02-17,12.431
2023-02-18,12.431
2023-02-19,12.431
2023-02-20,12.431
2023-02-21,12.431
2023-02-22,12.431
2023-02-23,12.431
2023-02-24,12.431
2023-02-25,12.431
2023-02-26,12.431
2023-02-27,12.431
2023-02-28,12.431
2023-03-01,12.431
2023-03-02,12.431
2023-03-03,12.434
2023-03-04,12.434
2023-03-05,12.434
2023-03-06,12.434
2023-03-07,12.434
2023-03-08,12.434
2023-03-09,12.434
2023-03-10,12.434
2023-03-11,12.434
2023-03-12,12.434
2023-03-13,12.434
2023-03-14,12.434
2023-03-15,12.434
2023-03-16,12.434
2023-03-17,12.441
2023-03-18,12.441
2023-03-19,12.441
2023-03-20,12.438
2023-03-21,12.438
2023-03-22,12.438
2023-03-23,12.438
2023-03-24,12.438
2023-03-25,12.438
2023-03-26,12.441
2023-03-27,12.426
2023-03-28,12.426
2023-03-29,12.426
2023-03-30,12.426
2023-03-31,12.426
2023-04-01,12.426
2023-04-02,12.426
2023-04-03,12.426
2023-04-04,12.431
2023-04-05,12.431
2023-04-06,12.431
2023-04-07,12.431
2023-04-08,12.431
2023-04-09,12.431
2023-04-10,12.431
2023-04-11,12.425
2023-04-12,12.425
2023-04-13,12.425
2023-04-14,12.43
2023-04-15,12.43
2023-04-16,12.433
2023-04-17,12.43
2023-04-18,12.436
2023-04-19,12.414
2023-04-20,12.414
2023-04-21,12.407
2023-04-22,12.407
2023-04-23,12.407
2023-04-24,12.407
2023-04-25,12.498
2023-04-26,12.608
2023-04-27,12.608
2023-04-28,12.608
2023-04-29,12.608
2023-04-30,12.616
2023-05-01,12.617
2023-05-02,12.613
2023-05-03,12.613
2023-05-04,12.613
2023-05-05,12.613
2023-05-06,12.613
2023-05-07,12.613
2023-05-08,12.613
2023-05-09,12.599
2023-05-10,12.609
2023-05-11,12.609
2023-05-12,12.609
2023-05-13,12.609
2023-05-14,12.609
2023-05-15,12.609
2023-05-16,12.609
2023-05-17,12.609
2023-05-18,12.608
2023-05-19,12.608
2023-05-20,12.608
2023-05-21,12.608
2023-05-22,12.579
2023-05-23,12.579
2023-05-24,12.587
2023-05-25,12.584
2023-05-26,12.584
2023-05-27,12.584
2023-05-28,12.584
2023-05-29,12.584
2023-05-30,12.619
2023-05-31,12.607
2023-06-01,12.607
2023-06-02,12.613
2023-06-03,12.613
2023-06-04,12.614
2023-06-05,12.614
2023-06-06,12.614
2023-06-07,12.614
2023-06-08,12.614
2023-06-09,12.614
2023-06-10,12.614
2023-06-11,12.614
2023-06-12,12.614
2023-06-13,12.614
2023-06-14,12.614
2023-06-15,12.614
2023-06-16,12.614
2023-06-17,12.614
2023-06-18,12.614
2023-06-19,12.614
2023-06-20,12.614
2023-06-21,12.616
2023-06-22,12.643
2023-06-23,12.643
2023-06-24,12.643
2023-06-25,12.643
2023-06-26,12.643
2023-06-27,12.643
2023-06-28,12.643
2023-06-29,12.643
2023-06-30,12.643
2023-07-01,12.643
2023-07-02,12.643
2023-07-03,12.643
2023-07-04,12.643
2023-07-05,12.643
2023-07-06,12.65
2023-07-07,12.65
2023-07-08,12.65
2023-07-09,12.65
2023-07-10,12.65
2023-07-11,12.65
2023-07-12,12.604
2023-07-13,12.6
2023-07-14,12.602
2023-07-15,12.602
2023-07-16,12.613
2023-07-17,12.613
2023-07-18,12.636
2023-07-19,12.686
2023-07-20,12.694
2023-07-21,12.69
2023-07-22,12.69
2023-07-23,12.69
2023-07-24,12.689
2023-07-25,12.711
2023-07-26,12.645
2023-07-27,12.626
2023-07-28,12.66
2023-07-29,12.65
2023-07-30,12.65
2023-07-31,12.624
2023-08-01,12.618
2023-08-02,12.618
2023-08-03,12.618
2023-08-04,12.614
2023-08-05,12.614
2023-08-06,12.614
2023-08-07,12.614
2023-08-08,12.632
2023-08-09,12.632
2023-08-10,12.632
2023-08-11,12.621
2023-08-12,12.621
2023-08-13,12.621
2023-08-14,12.616
2023-08-15,12.616
2023-08-16,12.616
2023-08-17,12.613
2023-08-18,12.613
2023-08-19,12.613
2023-08-20,12.613
2023-08-21,12.613
2023-08-22,12.613
2023-08-23,12.613
2023-08-24,12.613
2023-08-25,12.613
2023-08-26,12.613
2023-08-27,12.613
2023-08-28,12.613
2023-08-29,12.613
2023-08-30,12.612
2023-08-31,12.612
2023-09-01,12.618
2023-09-02,12.618
2023-09-03,12.618
2023-09-04,12.618
2023-09-05,12.618
2023-09-06,12.618
2023-09-07,12.618
2023-09-08,12.618
2023-09-09,12.618
2023-09-10,12.618
2023-09-11,12.618
2023-09-12,12.618
2023-09-13,12.618
2023-09-14,12.568
2023-09-15,12.568
2023-09-16,12.568
2023-09-17,12.568
2023-09-18,12.568
2023-09-19,12.572
2023-09-20,12.572
2023-09-21,12.572
2023-09-22,12.572
2023-09-23,12.572
2023-09-24,12.572
2023-09-25,12.584
2023-09-26,12.584
2023-09-27,12.584
2023-09-28,12.584
2023-09-29,12.584
2023-09-30,12.584
2023-10-01,12.584
2023-10-02,12.584
2023-10-03,12.584
2023-10-04,12.584
2023-10-05,12.584
2023-10-06,12.584
2023-10-07,12.584
2023-10-08,12.584
2023-10-09,12.584
2023-10-10,12.584
2023-10-11,12.612
2023-10-12,12.61
2023-10-13,12.61
2023-10-14,12.61
2023-10-15,12.618
2023-10-16,12.62
2023-10-17,12.619
2023-10-18,12.619
2023-10-19,12.629
2023-10-20,12.617
2023-10-21,12.617
2023-10-22,12.624
2023-10-23,12.632
2023-10-24,12.676
2023-10-25,12.799
2023-10-26,12.843
2023-10-27,12.859
2023-10-28,12.873
2023-10-29,12.873
2023-10-30,12.879
2023-10-31,12.9
2023-11-01,12.9
2023-11-02,12.978
2023-11-03,12.976
2023-11-04,12.976
2023-11-05,12.976
2023-11-06,12.963
2023-11-07,12.963
2023-11-08,12.963
2023-11-09,12.963
2023-11-10,12.963
2023-11-11,12.963
2023-11-12,12.963
2023-11-13,12.966
2023-11-14,12.992
2023-11-15,12.992
2023-11-16,12.963
2023-11-17,12.963
2023-11-18,12.963
2023-11-19,12.963
2023-11-20,12.961
2023-11-21,12.982
2023-11-22,12.982
2023-11-23,12.982
2023-11-24,12.982
2023-11-25,12.982
2023-11-26,12.982
2023-11-27,12.982
2023-11-28,12.982
2023-11-29,12.982
2023-11-30,12.982
2023-12-01,12.981
2023-12-02,12.981
2023-12-03,12.981
2023-12-04,12.989
2023-12-05,12.992
2023-12-06,12.992
2023-12-07,12.992
2023-12-08,12.992
2023-12-09,12.992
2023-12-10,12.992
2023-12-11,12.992
2023-12-12,12.992
2023-12-13,12.984
2023-12-14,12.984
2023-12-15,12.983
2023-12-16,12.983
2023-12-17,12.983
2023-12-18,12.983
2023-12-19,12.983
2023-12-20,12.983
2023-12-21,12.979
2023-12-22,12.979
2023-12-23,12.979
2023-12-24,12.979
2023-12-25,12.979
2023-12-26,12.979
2023-12-27,12.979
2023-12-28,12.979
2023-12-29,12.979
2023-12-30,12.979
2023-12-31,12.979
2024-01-01,12.979
2024-01-02,12.979
2024-01-03,12.979
2024-01-04,12.979
2024-01-05,12.979
2024-01-06,12.979
2024-01-07,12.979
2024-01-08,12.969
2024-01-09,12.969
2024-01-10,12.969
2024-01-11,12.971
2024-01-12,12.971
2024-01-13,12.971
2024-01-14,12.971
2024-01-15,12.972
2024-01-16,12.985
2024-01-17,12.989
2024-01-18,13.009
2024-01-19,13.009
2024-01-20,13.009
2024-01-21,13.039
2024-01-22,13.04
2024-01-23,13.04
2024-01-24,13.047
2024-01-25,13.046
2024-01-26,13.034
2024-01-27,13.034
2024-01-28,13.051
2024-01-29,13.051
2024-01-30,13.143
2024-01-31,13.29
2024-02-01,13.297
2024-02-02,13.312
2024-02-03,13.312
2024-02-04,13.312
2024-02-05,13.312
2024-02-06,13.317
2024-02-07,13.317
2024-02-08,13.319
2024-02-09,13.319
2024-02-10,13.319
2024-02-11,13.319
2024-02-12,13.319
2024-02-13,13.334
2024-02-14,13.334
2024-02-15,13.334
2024-02-16,13.334
2024-02-17,13.334
2024-02-18,13.334
2024-02-19,13.334
2024-02-20,13.336
2024-02-21,13.336
2024-02-22,13.336
2024-02-23,13.336
2024-02-24,13.336
2024-02-25,13.336
2024-02-26,13.336
2024-02-27,13.336
2024-02-28,13.337
2024-02-29,13.357
2024-03-01,13.357
2024-03-02,13.357
2024-03-03,13.357
2024-03-04,13.357
2024-03-05,13.337
2024-03-06,13.337
2024-03-07,13.355
2024-03-08,13.355
2024-03-09,13.355
2024-03-10,13.355
2024-03-11,13.355
2024-03-12,13.355
2024-03-13,13.356
2024-03-14,13.356
2024-03-15,13.356
2024-03-16,13.356
2024-03-17,13.356
2024-03-18,13.38
2024-03-19,13.38
2024-03-20,13.382
2024-03-21,13.393
2024-03-22,13.393
2024-03-23,13.393
2024-03-24,13.393
2024-03-25,13.369
2024-03-26,13.369
2024-03-27,13.369
2024-03-28,13.369
2024-03-29,13.369
2024-03-30,13.369
2024-03-31,13.369
2024-04-01,13.37
2024-04-02,13.37
2024-04-03,13.37
2024-04-04,13.363
2024-04-05,13.363
2024-04-06,13.363
2024-04-07,13.363
2024-04-08,13.363
2024-04-09,13.363
2024-04-10,13.363
2024-04-11,13.363
2024-04-12,13.363
2024-04-13,13.363
2024-04-14,13.363
2024-04-15,13.362
2024-04-16,13.362
2024-04-17,13.364
2024-04-18,13.362
2024-04-19,13.362
2024-04-20,13.362
2024-04-21,13.352
2024-04-22,13.351
2024-04-23,13.351
2024-04-24,13.373
2024-04-25,13.379
2024-04-26,13.363
2024-04-27,13.369
2024-04-28,13.369
2024-04-29,13.372
2024-04-30,13.372
2024-05-01,13.369
