,SMG US Equity
,BEST_EPS_NXT_YR
2019-01-01,
2019-01-02,
2019-01-03,
2019-01-04,
2019-01-05,
2019-01-06,
2019-01-07,
2019-01-08,
2019-01-09,
2019-01-10,
2019-01-11,
2019-01-12,
2019-01-13,
2019-01-14,
2019-01-15,
2019-01-16,
2019-01-17,
2019-01-18,
2019-01-19,
2019-01-20,
2019-01-21,
2019-01-22,
2019-01-23,
2019-01-24,
2019-01-25,
2019-01-26,
2019-01-27,
2019-01-28,
2019-01-29,
2019-01-30,
2019-01-31,
2019-02-01,
2019-02-02,
2019-02-03,
2019-02-04,
2019-02-05,
2019-02-06,
2019-02-07,
2019-02-08,
2019-02-09,
2019-02-10,
2019-02-11,
2019-02-12,
2019-02-13,
2019-02-14,
2019-02-15,
2019-02-16,
2019-02-17,
2019-02-18,
2019-02-19,
2019-02-20,
2019-02-21,
2019-02-22,
2019-02-23,
2019-02-24,
2019-02-25,
2019-02-26,
2019-02-27,
2019-02-28,
2019-03-01,
2019-03-02,
2019-03-03,
2019-03-04,
2019-03-05,
2019-03-06,
2019-03-07,
2019-03-08,
2019-03-09,
2019-03-10,
2019-03-11,
2019-03-12,
2019-03-13,
2019-03-14,
2019-03-15,
2019-03-16,
2019-03-17,
2019-03-18,
2019-03-19,
2019-03-20,
2019-03-21,
2019-03-22,
2019-03-23,
2019-03-24,
2019-03-25,
2019-03-26,
2019-03-27,
2019-03-28,
2019-03-29,
2019-03-30,
2019-03-31,
2019-04-01,
2019-04-02,
2019-04-03,
2019-04-04,
2019-04-05,
2019-04-06,
2019-04-07,
2019-04-08,
2019-04-09,
2019-04-10,
2019-04-11,
2019-04-12,
2019-04-13,
2019-04-14,
2019-04-15,
2019-04-16,
2019-04-17,
2019-04-18,
2019-04-19,
2019-04-20,
2019-04-21,
2019-04-22,
2019-04-23,
2019-04-24,
2019-04-25,
2019-04-26,
2019-04-27,
2019-04-28,
2019-04-29,
2019-04-30,
2019-05-01,
2019-05-02,
2019-05-03,
2019-05-04,
2019-05-05,
2019-05-06,
2019-05-07,
2019-05-08,
2019-05-09,
2019-05-10,
2019-05-11,
2019-05-12,
2019-05-13,
2019-05-14,
2019-05-15,
2019-05-16,
2019-05-17,
2019-05-18,
2019-05-19,
2019-05-20,
2019-05-21,
2019-05-22,
2019-05-23,
2019-05-24,
2019-05-25,
2019-05-26,
2019-05-27,
2019-05-28,
2019-05-29,
2019-05-30,
2019-05-31,
2019-06-01,
2019-06-02,
2019-06-03,
2019-06-04,
2019-06-05,
2019-06-06,
2019-06-07,
2019-06-08,
2019-06-09,
2019-06-10,
2019-06-11,
2019-06-12,
2019-06-13,
2019-06-14,
2019-06-15,
2019-06-16,
2019-06-17,
2019-06-18,
2019-06-19,
2019-06-20,
2019-06-21,
2019-06-22,
2019-06-23,
2019-06-24,
2019-06-25,
2019-06-26,
2019-06-27,
2019-06-28,
2019-06-29,
2019-06-30,
2019-07-01,
2019-07-02,
2019-07-03,
2019-07-04,
2019-07-05,
2019-07-06,
2019-07-07,
2019-07-08,
2019-07-09,
2019-07-10,
2019-07-11,
2019-07-12,
2019-07-13,
2019-07-14,
2019-07-15,
2019-07-16,
2019-07-17,
2019-07-18,
2019-07-19,
2019-07-20,
2019-07-21,
2019-07-22,
2019-07-23,
2019-07-24,
2019-07-25,
2019-07-26,
2019-07-27,
2019-07-28,
2019-07-29,
2019-07-30,
2019-07-31,
2019-08-01,
2019-08-02,
2019-08-03,
2019-08-04,
2019-08-05,
2019-08-06,
2019-08-07,
2019-08-08,
2019-08-09,
2019-08-10,
2019-08-11,
2019-08-12,
2019-08-13,
2019-08-14,
2019-08-15,
2019-08-16,
2019-08-17,
2019-08-18,
2019-08-19,
2019-08-20,
2019-08-21,
2019-08-22,
2019-08-23,
2019-08-24,
2019-08-25,
2019-08-26,
2019-08-27,
2019-08-28,
2019-08-29,
2019-08-30,
2019-08-31,
2019-09-01,
2019-09-02,
2019-09-03,
2019-09-04,
2019-09-05,
2019-09-06,
2019-09-07,
2019-09-08,
2019-09-09,
2019-09-10,
2019-09-11,
2019-09-12,
2019-09-13,
2019-09-14,
2019-09-15,
2019-09-16,
2019-09-17,
2019-09-18,
2019-09-19,
2019-09-20,
2019-09-21,
2019-09-22,
2019-09-23,
2019-09-24,
2019-09-25,
2019-09-26,
2019-09-27,
2019-09-28,
2019-09-29,
2019-09-30,
2019-10-01,
2019-10-02,
2019-10-03,
2019-10-04,
2019-10-05,
2019-10-06,
2019-10-07,
2019-10-08,
2019-10-09,
2019-10-10,
2019-10-11,
2019-10-12,
2019-10-13,
2019-10-14,
2019-10-15,
2019-10-16,
2019-10-17,
2019-10-18,
2019-10-19,
2019-10-20,
2019-10-21,
2019-10-22,
2019-10-23,
2019-10-24,
2019-10-25,
2019-10-26,
2019-10-27,
2019-10-28,
2019-10-29,
2019-10-30,
2019-10-31,
2019-11-01,
2019-11-02,
2019-11-03,
2019-11-04,
2019-11-05,
2019-11-06,
2019-11-07,
2019-11-08,
2019-11-09,
2019-11-10,
2019-11-11,
2019-11-12,
2019-11-13,
2019-11-14,
2019-11-15,
2019-11-16,
2019-11-17,
2019-11-18,
2019-11-19,
2019-11-20,
2019-11-21,
2019-11-22,
2019-11-23,
2019-11-24,
2019-11-25,
2019-11-26,
2019-11-27,
2019-11-28,
2019-11-29,
2019-11-30,
2019-12-01,
2019-12-02,
2019-12-03,
2019-12-04,
2019-12-05,
2019-12-06,
2019-12-07,
2019-12-08,
2019-12-09,
2019-12-10,
2019-12-11,
2019-12-12,
2019-12-13,
2019-12-14,
2019-12-15,
2019-12-16,
2019-12-17,
2019-12-18,
2019-12-19,
2019-12-20,
2019-12-21,
2019-12-22,
2019-12-23,
2019-12-24,
2019-12-25,
2019-12-26,
2019-12-27,
2019-12-28,
2019-12-29,
2019-12-30,
2019-12-31,
2020-01-01,
2020-01-02,
2020-01-03,
2020-01-04,
2020-01-05,
2020-01-06,
2020-01-07,
2020-01-08,
2020-01-09,
2020-01-10,
2020-01-11,
2020-01-12,
2020-01-13,
2020-01-14,
2020-01-15,
2020-01-16,
2020-01-17,
2020-01-18,
2020-01-19,
2020-01-20,
2020-01-21,
2020-01-22,
2020-01-23,
2020-01-24,
2020-01-25,
2020-01-26,
2020-01-27,
2020-01-28,
2020-01-29,
2020-01-30,
2020-01-31,
2020-02-01,
2020-02-02,
2020-02-03,
2020-02-04,
2020-02-05,
2020-02-06,
2020-02-07,
2020-02-08,
2020-02-09,
2020-02-10,
2020-02-11,
2020-02-12,
2020-02-13,
2020-02-14,
2020-02-15,
2020-02-16,
2020-02-17,
2020-02-18,
2020-02-19,
2020-02-20,
2020-02-21,
2020-02-22,
2020-02-23,
2020-02-24,
2020-02-25,
2020-02-26,
2020-02-27,
2020-02-28,
2020-02-29,
2020-03-01,
2020-03-02,
2020-03-03,
2020-03-04,
2020-03-05,
2020-03-06,
2020-03-07,
2020-03-08,
2020-03-09,
2020-03-10,
2020-03-11,
2020-03-12,
2020-03-13,
2020-03-14,
2020-03-15,
2020-03-16,
2020-03-17,
2020-03-18,
2020-03-19,
2020-03-20,
2020-03-21,
2020-03-22,
2020-03-23,
2020-03-24,
2020-03-25,
2020-03-26,
2020-03-27,
2020-03-28,
2020-03-29,
2020-03-30,
2020-03-31,
2020-04-01,
2020-04-02,
2020-04-03,
2020-04-04,
2020-04-05,
2020-04-06,
2020-04-07,
2020-04-08,
2020-04-09,
2020-04-10,
2020-04-11,
2020-04-12,
2020-04-13,
2020-04-14,
2020-04-15,
2020-04-16,
2020-04-17,
2020-04-18,
2020-04-19,
2020-04-20,
2020-04-21,
2020-04-22,
2020-04-23,
2020-04-24,
2020-04-25,
2020-04-26,
2020-04-27,
2020-04-28,
2020-04-29,
2020-04-30,
2020-05-01,
2020-05-02,
2020-05-03,
2020-05-04,
2020-05-05,
2020-05-06,
2020-05-07,
2020-05-08,
2020-05-09,
2020-05-10,
2020-05-11,
2020-05-12,
2020-05-13,
2020-05-14,
2020-05-15,
2020-05-16,
2020-05-17,
2020-05-18,
2020-05-19,
2020-05-20,
2020-05-21,
2020-05-22,
2020-05-23,
2020-05-24,
2020-05-25,
2020-05-26,
2020-05-27,
2020-05-28,
2020-05-29,4.44
2020-05-30,4.44
2020-05-31,4.44
2020-06-01,4.44
2020-06-02,4.44
2020-06-03,4.44
2020-06-04,4.44
2020-06-05,4.44
2020-06-06,4.44
2020-06-07,4.44
2020-06-08,4.44
2020-06-09,4.44
2020-06-10,7.623
2020-06-11,7.623
2020-06-12,7.623
2020-06-13,7.623
2020-06-14,7.623
2020-06-15,7.623
2020-06-16,7.623
2020-06-17,7.623
2020-06-18,7.623
2020-06-19,7.623
2020-06-20,7.623
2020-06-21,7.623
2020-06-22,7.623
2020-06-23,7.623
2020-06-24,7.623
2020-06-25,7.623
2020-06-26,7.623
2020-06-27,7.623
2020-06-28,7.623
2020-06-29,7.623
2020-06-30,7.623
2020-07-01,7.623
2020-07-02,7.623
2020-07-03,7.623
2020-07-04,7.623
2020-07-05,7.623
2020-07-06,7.623
2020-07-07,7.623
2020-07-08,7.623
2020-07-09,7.623
2020-07-10,7.623
2020-07-11,7.623
2020-07-12,7.623
2020-07-13,7.623
2020-07-14,7.623
2020-07-15,7.623
2020-07-16,7.623
2020-07-17,7.623
2020-07-18,7.623
2020-07-19,7.623
2020-07-20,7.623
2020-07-21,7.623
2020-07-22,7.623
2020-07-23,7.623
2020-07-24,7.623
2020-07-25,7.623
2020-07-26,7.623
2020-07-27,7.623
2020-07-28,7.623
2020-07-29,7.623
2020-07-30,9.073
2020-07-31,9.3
2020-08-01,9.3
2020-08-02,9.3
2020-08-03,9.3
2020-08-04,9.3
2020-08-05,9.3
2020-08-06,9.3
2020-08-07,9.3
2020-08-08,9.3
2020-08-09,9.3
2020-08-10,9.56
2020-08-11,9.56
2020-08-12,9.56
2020-08-13,9.56
2020-08-14,9.56
2020-08-15,9.56
2020-08-16,9.56
2020-08-17,9.56
2020-08-18,9.56
2020-08-19,9.56
2020-08-20,9.56
2020-08-21,9.56
2020-08-22,9.56
2020-08-23,9.56
2020-08-24,9.56
2020-08-25,9.56
2020-08-26,9.56
2020-08-27,9.56
2020-08-28,9.56
2020-08-29,9.56
2020-08-30,9.56
2020-08-31,9.56
2020-09-01,9.56
2020-09-02,9.56
2020-09-03,9.56
2020-09-04,9.56
2020-09-05,9.56
2020-09-06,9.56
2020-09-07,9.56
2020-09-08,9.56
2020-09-09,9.56
2020-09-10,9.56
2020-09-11,9.56
2020-09-12,9.56
2020-09-13,9.56
2020-09-14,9.56
2020-09-15,9.56
2020-09-16,9.56
2020-09-17,9.667
2020-09-18,9.667
2020-09-19,9.667
2020-09-20,9.667
2020-09-21,9.667
2020-09-22,9.667
2020-09-23,9.667
2020-09-24,9.667
2020-09-25,9.667
2020-09-26,9.667
2020-09-27,9.667
2020-09-28,9.667
2020-09-29,9.667
2020-09-30,9.667
2020-10-01,9.667
2020-10-02,9.667
2020-10-03,9.667
2020-10-04,9.667
2020-10-05,9.667
2020-10-06,9.667
2020-10-07,9.857
2020-10-08,9.857
2020-10-09,9.857
2020-10-10,9.857
2020-10-11,9.857
2020-10-12,9.857
2020-10-13,9.857
2020-10-14,9.857
2020-10-15,9.857
2020-10-16,9.857
2020-10-17,9.857
2020-10-18,9.857
2020-10-19,9.857
2020-10-20,9.857
2020-10-21,9.857
2020-10-22,9.857
2020-10-23,9.857
2020-10-24,9.857
2020-10-25,9.857
2020-10-26,9.857
2020-10-27,9.857
2020-10-28,9.857
2020-10-29,9.857
2020-10-30,9.857
2020-10-31,9.857
2020-11-01,9.857
2020-11-02,9.857
2020-11-03,9.857
2020-11-04,9.857
2020-11-05,9.86
2020-11-06,9.86
2020-11-07,9.86
2020-11-08,9.86
2020-11-09,9.86
2020-11-10,9.86
2020-11-11,9.86
2020-11-12,10.507
2020-11-13,10.507
2020-11-14,10.507
2020-11-15,10.507
2020-11-16,10.507
2020-11-17,10.507
2020-11-18,10.507
2020-11-19,10.507
2020-11-20,10.507
2020-11-21,10.507
2020-11-22,10.507
2020-11-23,10.507
2020-11-24,10.507
2020-11-25,10.507
2020-11-26,10.507
2020-11-27,10.507
2020-11-28,10.507
2020-11-29,10.507
2020-11-30,10.507
2020-12-01,10.507
2020-12-02,10.507
2020-12-03,10.507
2020-12-04,10.507
2020-12-05,10.507
2020-12-06,10.507
2020-12-07,10.507
2020-12-08,10.507
2020-12-09,10.507
2020-12-10,10.507
2020-12-11,10.507
2020-12-12,10.507
2020-12-13,10.507
2020-12-14,10.507
2020-12-15,10.507
2020-12-16,10.507
2020-12-17,10.507
2020-12-18,10.507
2020-12-19,10.507
2020-12-20,10.507
2020-12-21,10.507
2020-12-22,10.507
2020-12-23,10.507
2020-12-24,10.507
2020-12-25,10.507
2020-12-26,10.507
2020-12-27,10.507
2020-12-28,10.507
2020-12-29,10.507
2020-12-30,10.507
2020-12-31,10.507
2021-01-01,10.507
2021-01-02,10.507
2021-01-03,10.507
2021-01-04,10.507
2021-01-05,10.507
2021-01-06,10.507
2021-01-07,10.507
2021-01-08,10.553
2021-01-09,10.553
2021-01-10,10.553
2021-01-11,10.553
2021-01-12,10.553
2021-01-13,10.553
2021-01-14,10.553
2021-01-15,10.553
2021-01-16,10.553
2021-01-17,10.553
2021-01-18,10.553
2021-01-19,10.553
2021-01-20,10.553
2021-01-21,10.553
2021-01-22,10.553
2021-01-23,10.553
2021-01-24,10.553
2021-01-25,10.553
2021-01-26,10.553
2021-01-27,10.553
2021-01-28,10.553
2021-01-29,10.553
2021-01-30,10.553
2021-01-31,10.553
2021-02-01,10.553
2021-02-02,10.553
2021-02-03,10.553
2021-02-04,11.425
2021-02-05,11.445
2021-02-06,11.445
2021-02-07,11.445
2021-02-08,11.445
2021-02-09,11.445
2021-02-10,11.445
2021-02-11,11.445
2021-02-12,11.445
2021-02-13,11.445
2021-02-14,11.445
2021-02-15,11.445
2021-02-16,11.445
2021-02-17,11.445
2021-02-18,11.445
2021-02-19,11.445
2021-02-20,11.445
2021-02-21,11.445
2021-02-22,11.445
2021-02-23,11.445
2021-02-24,11.445
2021-02-25,11.445
2021-02-26,11.445
2021-02-27,11.445
2021-02-28,11.445
2021-03-01,11.445
2021-03-02,11.63
2021-03-03,11.63
2021-03-04,11.63
2021-03-05,11.63
2021-03-06,11.63
2021-03-07,11.63
2021-03-08,11.63
2021-03-09,11.63
2021-03-10,11.63
2021-03-11,11.63
2021-03-12,11.63
2021-03-13,11.63
2021-03-14,11.63
2021-03-15,11.63
2021-03-16,11.63
2021-03-17,11.63
2021-03-18,11.63
2021-03-19,11.63
2021-03-20,11.63
2021-03-21,11.63
2021-03-22,11.63
2021-03-23,11.63
2021-03-24,11.63
2021-03-25,11.63
2021-03-26,11.63
2021-03-27,11.63
2021-03-28,11.63
2021-03-29,11.63
2021-03-30,11.63
2021-03-31,11.63
2021-04-01,11.63
2021-04-02,11.63
2021-04-03,11.63
2021-04-04,11.63
2021-04-05,11.63
2021-04-06,11.63
2021-04-07,11.63
2021-04-08,11.63
2021-04-09,11.63
2021-04-10,11.63
2021-04-11,11.63
2021-04-12,11.63
2021-04-13,11.63
2021-04-14,11.965
2021-04-15,11.965
2021-04-16,11.965
2021-04-17,11.965
2021-04-18,11.965
2021-04-19,11.965
2021-04-20,11.965
2021-04-21,11.965
2021-04-22,11.965
2021-04-23,11.965
2021-04-24,11.965
2021-04-25,11.965
2021-04-26,11.965
2021-04-27,11.965
2021-04-28,11.965
2021-04-29,11.965
2021-04-30,11.965
2021-05-01,11.965
2021-05-02,11.965
2021-05-03,11.965
2021-05-04,11.965
2021-05-05,11.965
2021-05-06,12.51
2021-05-07,12.51
2021-05-08,12.51
2021-05-09,12.51
2021-05-10,13.09
2021-05-11,13.09
2021-05-12,13.09
2021-05-13,13.09
2021-05-14,13.09
2021-05-15,13.09
2021-05-16,13.09
2021-05-17,13.09
2021-05-18,13.09
2021-05-19,13.09
2021-05-20,13.09
2021-05-21,13.09
2021-05-22,13.09
2021-05-23,13.09
2021-05-24,13.09
2021-05-25,13.09
2021-05-26,13.09
2021-05-27,13.09
2021-05-28,13.09
2021-05-29,13.09
2021-05-30,13.09
2021-05-31,13.09
2021-06-01,13.09
2021-06-02,13.09
2021-06-03,13.09
2021-06-04,13.09
2021-06-05,13.09
2021-06-06,13.09
2021-06-07,13.09
2021-06-08,13.09
2021-06-09,12.985
2021-06-10,12.985
2021-06-11,12.985
2021-06-12,12.985
2021-06-13,12.985
2021-06-14,12.985
2021-06-15,12.985
2021-06-16,12.985
2021-06-17,12.985
2021-06-18,12.985
2021-06-19,12.985
2021-06-20,12.985
2021-06-21,12.985
2021-06-22,12.985
2021-06-23,11.89
2021-06-24,11.89
2021-06-25,11.89
2021-06-26,11.89
2021-06-27,11.89
2021-06-28,11.89
2021-06-29,11.89
2021-06-30,11.89
2021-07-01,11.89
2021-07-02,11.89
2021-07-03,11.89
2021-07-04,11.89
2021-07-05,11.89
2021-07-06,11.89
2021-07-07,11.89
2021-07-08,11.89
2021-07-09,11.89
2021-07-10,11.89
2021-07-11,11.89
2021-07-12,11.89
2021-07-13,11.89
2021-07-14,11.89
2021-07-15,11.89
2021-07-16,11.89
2021-07-17,11.89
2021-07-18,11.89
2021-07-19,11.89
2021-07-20,11.89
2021-07-21,11.89
2021-07-22,11.89
2021-07-23,11.89
2021-07-24,11.89
2021-07-25,11.89
2021-07-26,11.89
2021-07-27,11.89
2021-07-28,11.89
2021-07-29,11.89
2021-07-30,11.89
2021-07-31,11.89
2021-08-01,11.89
2021-08-02,11.89
2021-08-03,11.89
2021-08-04,11.883
2021-08-05,11.787
2021-08-06,11.787
2021-08-07,11.787
2021-08-08,11.787
2021-08-09,11.787
2021-08-10,11.787
2021-08-11,11.787
2021-08-12,11.787
2021-08-13,11.787
2021-08-14,11.787
2021-08-15,11.787
2021-08-16,11.787
2021-08-17,11.787
2021-08-18,11.787
2021-08-19,11.787
2021-08-20,11.787
2021-08-21,11.787
2021-08-22,11.787
2021-08-23,11.787
2021-08-24,11.787
2021-08-25,11.787
2021-08-26,11.787
2021-08-27,11.787
2021-08-28,11.787
2021-08-29,11.787
2021-08-30,11.787
2021-08-31,11.787
2021-09-01,11.543
2021-09-02,11.543
2021-09-03,11.543
2021-09-04,11.543
2021-09-05,11.543
2021-09-06,11.543
2021-09-07,11.543
2021-09-08,11.543
2021-09-09,11.543
2021-09-10,11.543
2021-09-11,11.543
2021-09-12,11.543
2021-09-13,11.543
2021-09-14,11.543
2021-09-15,11.543
2021-09-16,11.543
2021-09-17,11.543
2021-09-18,11.543
2021-09-19,11.543
2021-09-20,11.543
2021-09-21,11.543
2021-09-22,11.543
2021-09-23,11.543
2021-09-24,11.543
2021-09-25,11.543
2021-09-26,11.543
2021-09-27,11.543
2021-09-28,11.543
2021-09-29,11.543
2021-09-30,11.543
2021-10-01,11.543
2021-10-02,11.543
2021-10-03,11.543
2021-10-04,11.543
2021-10-05,11.543
2021-10-06,11.543
2021-10-07,11.543
2021-10-08,11.543
2021-10-09,11.543
2021-10-10,11.543
2021-10-11,11.543
2021-10-12,11.543
2021-10-13,11.543
2021-10-14,11.543
2021-10-15,11.543
2021-10-16,11.543
2021-10-17,11.543
2021-10-18,11.543
2021-10-19,11.543
2021-10-20,11.543
2021-10-21,11.543
2021-10-22,11.543
2021-10-23,11.543
2021-10-24,11.543
2021-10-25,11.543
2021-10-26,11.543
2021-10-27,11.543
2021-10-28,11.543
2021-10-29,11.543
2021-10-30,11.543
2021-10-31,11.543
2021-11-01,11.543
2021-11-02,11.543
2021-11-03,11.433
2021-11-04,11.537
2021-11-05,11.537
2021-11-06,11.537
2021-11-07,11.537
2021-11-08,11.537
2021-11-09,11.537
2021-11-10,11.537
2021-11-11,11.537
2021-11-12,11.537
2021-11-13,11.537
2021-11-14,11.537
2021-11-15,11.5
2021-11-16,11.5
2021-11-17,11.5
2021-11-18,11.59
2021-11-19,11.59
2021-11-20,11.59
2021-11-21,11.59
2021-11-22,11.59
2021-11-23,11.59
2021-11-24,11.59
2021-11-25,11.59
2021-11-26,11.59
2021-11-27,11.59
2021-11-28,11.59
2021-11-29,11.59
2021-11-30,11.59
2021-12-01,11.59
2021-12-02,11.59
2021-12-03,11.59
2021-12-04,11.59
2021-12-05,11.59
2021-12-06,11.624
2021-12-07,11.624
2021-12-08,11.624
2021-12-09,11.624
2021-12-10,11.624
2021-12-11,11.624
2021-12-12,11.624
2021-12-13,11.624
2021-12-14,11.624
2021-12-15,11.624
2021-12-16,11.624
2021-12-17,11.624
2021-12-18,11.624
2021-12-19,11.624
2021-12-20,11.624
2021-12-21,11.624
2021-12-22,11.624
2021-12-23,11.624
2021-12-24,11.624
2021-12-25,11.624
2021-12-26,11.624
2021-12-27,11.624
2021-12-28,11.624
2021-12-29,11.624
2021-12-30,11.624
2021-12-31,11.624
2022-01-01,11.624
2022-01-02,11.624
2022-01-03,11.624
2022-01-04,11.604
2022-01-05,11.616
2022-01-06,11.618
2022-01-07,11.618
2022-01-08,11.618
2022-01-09,11.618
2022-01-10,11.618
2022-01-11,11.618
2022-01-12,11.618
2022-01-13,11.618
2022-01-14,11.618
2022-01-15,11.618
2022-01-16,11.618
2022-01-17,11.618
2022-01-18,11.618
2022-01-19,11.618
2022-01-20,11.618
2022-01-21,11.618
2022-01-22,11.618
2022-01-23,11.618
2022-01-24,11.618
2022-01-25,11.618
2022-01-26,11.618
2022-01-27,11.618
2022-01-28,11.618
2022-01-29,11.618
2022-01-30,11.618
2022-01-31,11.618
2022-02-01,11.688
2022-02-02,11.696
2022-02-03,11.696
2022-02-04,11.696
2022-02-05,11.696
2022-02-06,11.696
2022-02-07,11.696
2022-02-08,11.794
2022-02-09,11.794
2022-02-10,11.794
2022-02-11,11.794
2022-02-12,11.794
2022-02-13,11.794
2022-02-14,11.794
2022-02-15,11.794
2022-02-16,11.798
2022-02-17,11.798
2022-02-18,11.798
2022-02-19,11.798
2022-02-20,11.798
2022-02-21,11.798
2022-02-22,11.798
2022-02-23,11.798
2022-02-24,11.798
2022-02-25,11.798
2022-02-26,11.798
2022-02-27,11.798
2022-02-28,11.798
2022-03-01,11.798
2022-03-02,11.798
2022-03-03,11.798
2022-03-04,11.798
2022-03-05,11.798
2022-03-06,11.798
2022-03-07,11.798
2022-03-08,11.698
2022-03-09,11.462
2022-03-10,11.462
2022-03-11,11.462
2022-03-12,11.462
2022-03-13,11.462
2022-03-14,11.462
2022-03-15,11.316
2022-03-16,11.316
2022-03-17,11.184
2022-03-18,11.184
2022-03-19,11.184
2022-03-20,11.184
2022-03-21,11.184
2022-03-22,11.184
2022-03-23,11.184
2022-03-24,11.184
2022-03-25,11.184
2022-03-26,11.184
2022-03-27,11.184
2022-03-28,11.184
2022-03-29,11.184
2022-03-30,11.184
2022-03-31,11.184
2022-04-01,11.184
2022-04-02,11.184
2022-04-03,11.184
2022-04-04,11.184
2022-04-05,11.184
2022-04-06,11.184
2022-04-07,11.184
2022-04-08,11.184
2022-04-09,11.184
2022-04-10,11.184
2022-04-11,11.184
2022-04-12,11.184
2022-04-13,11.184
2022-04-14,11.184
2022-04-15,11.184
2022-04-16,11.184
2022-04-17,11.184
2022-04-18,11.184
2022-04-19,11.184
2022-04-20,11.184
2022-04-21,10.93
2022-04-22,10.93
2022-04-23,10.93
2022-04-24,10.93
2022-04-25,10.93
2022-04-26,10.93
2022-04-27,10.93
2022-04-28,10.93
2022-04-29,10.93
2022-04-30,10.93
2022-05-01,10.93
2022-05-02,10.93
2022-05-03,10.71
2022-05-04,10.71
2022-05-05,10.314
2022-05-06,10.314
2022-05-07,10.314
2022-05-08,10.314
2022-05-09,10.314
2022-05-10,10.128
2022-05-11,10.128
2022-05-12,10.128
2022-05-13,10.128
2022-05-14,10.128
2022-05-15,10.128
2022-05-16,10.128
2022-05-17,10.128
2022-05-18,10.128
2022-05-19,10.128
2022-05-20,10.128
2022-05-21,10.128
2022-05-22,10.128
2022-05-23,10.128
2022-05-24,10.128
2022-05-25,10.128
2022-05-26,10.128
2022-05-27,10.128
2022-05-28,10.128
2022-05-29,10.128
2022-05-30,10.128
2022-05-31,10.128
2022-06-01,9.996
2022-06-02,9.72
2022-06-03,9.72
2022-06-04,9.72
2022-06-05,9.72
2022-06-06,9.72
2022-06-07,9.72
2022-06-08,9.558
2022-06-09,8.97
2022-06-10,8.698
2022-06-11,8.698
2022-06-12,8.698
2022-06-13,8.698
2022-06-14,8.698
2022-06-15,8.698
2022-06-16,8.698
2022-06-17,8.698
2022-06-18,8.698
2022-06-19,8.698
2022-06-20,8.698
2022-06-21,8.698
2022-06-22,8.698
2022-06-23,8.698
2022-06-24,8.698
2022-06-25,8.698
2022-06-26,8.698
2022-06-27,8.698
2022-06-28,8.698
2022-06-29,8.698
2022-06-30,8.698
2022-07-01,8.698
2022-07-02,8.698
2022-07-03,8.698
2022-07-04,8.698
2022-07-05,8.698
2022-07-06,8.698
2022-07-07,8.698
2022-07-08,8.698
2022-07-09,8.698
2022-07-10,8.698
2022-07-11,8.698
2022-07-12,8.698
2022-07-13,8.698
2022-07-14,8.698
2022-07-15,8.698
2022-07-16,8.698
2022-07-17,8.698
2022-07-18,8.698
2022-07-19,8.698
2022-07-20,8.045
2022-07-21,8.045
2022-07-22,8.045
2022-07-23,8.045
2022-07-24,8.045
2022-07-25,8.045
2022-07-26,8.045
2022-07-27,8.045
2022-07-28,8.045
2022-07-29,8.045
2022-07-30,8.045
2022-07-31,8.045
2022-08-01,8.045
2022-08-02,8.045
2022-08-03,7.505
2022-08-04,7.123
2022-08-05,6.588
2022-08-06,6.588
2022-08-07,6.588
2022-08-08,6.588
2022-08-09,6.588
2022-08-10,6.588
2022-08-11,6.588
2022-08-12,6.588
2022-08-13,6.588
2022-08-14,6.588
2022-08-15,6.588
2022-08-16,6.588
2022-08-17,6.588
2022-08-18,6.588
2022-08-19,6.588
2022-08-20,6.588
2022-08-21,6.588
2022-08-22,6.588
2022-08-23,6.588
2022-08-24,6.588
2022-08-25,6.588
2022-08-26,6.588
2022-08-27,6.588
2022-08-28,6.588
2022-08-29,6.588
2022-08-30,6.588
2022-08-31,6.573
2022-09-01,6.573
2022-09-02,6.573
2022-09-03,6.573
2022-09-04,6.573
2022-09-05,6.573
2022-09-06,6.573
2022-09-07,6.423
2022-09-08,6.423
2022-09-09,6.423
2022-09-10,6.423
2022-09-11,6.423
2022-09-12,6.423
2022-09-13,6.423
2022-09-14,6.423
2022-09-15,6.423
2022-09-16,6.423
2022-09-17,6.423
2022-09-18,6.423
2022-09-19,6.423
2022-09-20,6.423
2022-09-21,6.423
2022-09-22,6.423
2022-09-23,6.423
2022-09-24,6.423
2022-09-25,6.423
2022-09-26,6.423
2022-09-27,6.423
2022-09-28,6.423
2022-09-29,6.423
2022-09-30,6.423
2022-10-01,6.423
2022-10-02,6.42
2022-10-03,6.42
2022-10-04,6.42
2022-10-05,6.42
2022-10-06,6.087
2022-10-07,6.087
2022-10-08,6.087
2022-10-09,6.087
2022-10-10,6.087
2022-10-11,6.087
2022-10-12,6.087
2022-10-13,6.087
2022-10-14,6.087
2022-10-15,6.087
2022-10-16,6.087
2022-10-17,6.087
2022-10-18,6.087
2022-10-19,6.087
2022-10-20,6.087
2022-10-21,6.087
2022-10-22,6.087
2022-10-23,6.087
2022-10-24,6.087
2022-10-25,6.087
2022-10-26,6.087
2022-10-27,6.087
2022-10-28,6.087
2022-10-29,6.087
2022-10-30,6.087
2022-10-31,6.087
2022-11-01,6.087
2022-11-02,6.078
2022-11-03,5.722
2022-11-04,5.722
2022-11-05,5.722
2022-11-06,5.722
2022-11-07,5.722
2022-11-08,5.356
2022-11-09,5.356
2022-11-10,5.356
2022-11-11,5.356
2022-11-12,5.356
2022-11-13,5.356
2022-11-14,5.356
2022-11-15,5.356
2022-11-16,5.356
2022-11-17,5.356
2022-11-18,5.356
2022-11-19,5.356
2022-11-20,5.356
2022-11-21,5.356
2022-11-22,5.356
2022-11-23,5.356
2022-11-24,5.356
2022-11-25,5.356
2022-11-26,5.356
2022-11-27,5.356
2022-11-28,5.356
2022-11-29,5.356
2022-11-30,5.356
2022-12-01,5.356
2022-12-02,5.356
2022-12-03,5.356
2022-12-04,5.356
2022-12-05,5.356
2022-12-06,5.356
2022-12-07,5.356
2022-12-08,5.356
2022-12-09,5.356
2022-12-10,5.356
2022-12-11,5.356
2022-12-12,5.356
2022-12-13,5.356
2022-12-14,5.356
2022-12-15,5.356
2022-12-16,5.356
2022-12-17,5.356
2022-12-18,5.356
2022-12-19,5.356
2022-12-20,5.356
2022-12-21,5.356
2022-12-22,5.356
2022-12-23,5.356
2022-12-24,5.356
2022-12-25,5.356
2022-12-26,5.356
2022-12-27,5.356
2022-12-28,5.356
2022-12-29,5.356
2022-12-30,5.356
2022-12-31,5.356
2023-01-01,5.356
2023-01-02,5.356
2023-01-03,5.354
2023-01-04,5.354
2023-01-05,5.354
2023-01-06,5.354
2023-01-07,5.354
2023-01-08,5.354
2023-01-09,5.354
2023-01-10,5.354
2023-01-11,5.354
2023-01-12,5.354
2023-01-13,5.354
2023-01-14,5.354
2023-01-15,5.354
2023-01-16,5.354
2023-01-17,5.354
2023-01-18,5.354
2023-01-19,5.354
2023-01-20,5.354
2023-01-21,5.354
2023-01-22,5.354
2023-01-23,5.354
2023-01-24,5.354
2023-01-25,5.354
2023-01-26,5.354
2023-01-27,5.242
2023-01-28,5.242
2023-01-29,5.242
2023-01-30,5.243
2023-01-31,5.383
2023-02-01,5.557
2023-02-02,5.557
2023-02-03,5.547
2023-02-04,5.547
2023-02-05,5.547
2023-02-06,5.547
2023-02-07,5.547
2023-02-08,5.547
2023-02-09,5.547
2023-02-10,5.547
2023-02-11,5.547
2023-02-12,5.547
2023-02-13,5.547
2023-02-14,5.547
2023-02-15,5.542
2023-02-16,5.542
2023-02-17,5.542
2023-02-18,5.542
2023-02-19,5.542
2023-02-20,5.542
2023-02-21,5.557
2023-02-22,5.484
2023-02-23,5.484
2023-02-24,5.484
2023-02-25,5.484
2023-02-26,5.484
2023-02-27,5.484
2023-02-28,5.484
2023-03-01,5.48
2023-03-02,5.48
2023-03-03,5.48
2023-03-04,5.48
2023-03-05,5.48
2023-03-06,5.48
2023-03-07,5.48
2023-03-08,5.48
2023-03-09,5.48
2023-03-10,5.48
2023-03-11,5.48
2023-03-12,5.48
2023-03-13,5.48
2023-03-14,5.48
2023-03-15,5.48
2023-03-16,5.48
2023-03-17,5.48
2023-03-18,5.48
2023-03-19,5.48
2023-03-20,5.48
2023-03-21,5.48
2023-03-22,5.48
2023-03-23,5.437
2023-03-24,5.437
2023-03-25,5.437
2023-03-26,5.437
2023-03-27,5.437
2023-03-28,5.437
2023-03-29,5.437
2023-03-30,5.437
2023-03-31,4.633
2023-04-01,4.633
2023-04-02,4.633
2023-04-03,4.633
2023-04-04,4.633
2023-04-05,4.633
2023-04-06,4.639
2023-04-07,4.639
2023-04-08,4.639
2023-04-09,4.639
2023-04-10,4.639
2023-04-11,4.639
2023-04-12,4.639
2023-04-13,4.639
2023-04-14,4.639
2023-04-15,4.639
2023-04-16,4.639
2023-04-17,4.639
2023-04-18,4.639
2023-04-19,4.64
2023-04-20,4.64
2023-04-21,4.64
2023-04-22,4.64
2023-04-23,4.64
2023-04-24,4.64
2023-04-25,4.64
2023-04-26,4.55
2023-04-27,4.55
2023-04-28,4.55
2023-04-29,4.55
2023-04-30,4.578
2023-05-01,4.611
2023-05-02,4.611
2023-05-03,4.609
2023-05-04,4.599
2023-05-05,4.666
2023-05-06,4.666
2023-05-07,4.666
2023-05-08,4.632
2023-05-09,4.632
2023-05-10,4.632
2023-05-11,4.632
2023-05-12,4.632
2023-05-13,4.632
2023-05-14,4.632
2023-05-15,4.632
2023-05-16,4.632
2023-05-17,5.42
2023-05-18,5.42
2023-05-19,5.42
2023-05-20,5.42
2023-05-21,5.42
2023-05-22,5.42
2023-05-23,5.42
2023-05-24,5.42
2023-05-25,5.42
2023-05-26,5.42
2023-05-27,5.42
2023-05-28,5.42
2023-05-29,5.42
2023-05-30,5.42
2023-05-31,5.42
2023-06-01,5.42
2023-06-02,5.42
2023-06-03,5.42
2023-06-04,5.42
2023-06-05,5.42
2023-06-06,5.42
2023-06-07,5.42
2023-06-08,5.42
2023-06-09,5.42
2023-06-10,5.42
2023-06-11,5.42
2023-06-12,5.42
2023-06-13,5.42
2023-06-14,5.392
2023-06-15,5.392
2023-06-16,5.392
2023-06-17,5.392
2023-06-18,5.392
2023-06-19,5.392
2023-06-20,5.392
2023-06-21,5.392
2023-06-22,5.392
2023-06-23,5.392
2023-06-24,5.392
2023-06-25,5.392
2023-06-26,5.392
2023-06-27,5.392
2023-06-28,5.392
2023-06-29,5.392
2023-06-30,5.392
2023-07-01,5.392
2023-07-02,5.392
2023-07-03,5.392
2023-07-04,5.392
2023-07-05,5.392
2023-07-06,5.392
2023-07-07,5.392
2023-07-08,5.392
2023-07-09,5.392
2023-07-10,5.392
2023-07-11,5.392
2023-07-12,5.324
2023-07-13,5.324
2023-07-14,5.324
2023-07-15,5.324
2023-07-16,5.324
2023-07-17,5.324
2023-07-18,5.212
2023-07-19,5.212
2023-07-20,5.212
2023-07-21,5.212
2023-07-22,5.212
2023-07-23,5.212
2023-07-24,5.212
2023-07-25,5.212
2023-07-26,5.212
2023-07-27,5.212
2023-07-28,5.212
2023-07-29,5.212
2023-07-30,5.212
2023-07-31,5.212
2023-08-01,5.212
2023-08-02,5.068
2023-08-03,4.837
2023-08-04,4.837
2023-08-05,4.82
2023-08-06,4.82
2023-08-07,4.82
2023-08-08,4.82
2023-08-09,4.82
2023-08-10,4.82
2023-08-11,4.82
2023-08-12,4.82
2023-08-13,4.82
2023-08-14,4.82
2023-08-15,4.82
2023-08-16,4.563
2023-08-17,4.563
2023-08-18,4.563
2023-08-19,4.563
2023-08-20,4.563
2023-08-21,4.613
2023-08-22,4.613
2023-08-23,4.613
2023-08-24,4.613
2023-08-25,4.613
2023-08-26,4.613
2023-08-27,4.613
2023-08-28,4.613
2023-08-29,4.613
2023-08-30,4.613
2023-08-31,4.613
2023-09-01,4.613
2023-09-02,4.613
2023-09-03,4.613
2023-09-04,4.613
2023-09-05,4.606
2023-09-06,4.606
2023-09-07,4.606
2023-09-08,4.606
2023-09-09,4.606
2023-09-10,4.606
2023-09-11,4.606
2023-09-12,4.606
2023-09-13,4.606
2023-09-14,4.606
2023-09-15,4.606
2023-09-16,4.606
2023-09-17,4.606
2023-09-18,4.606
2023-09-19,4.606
2023-09-20,4.606
2023-09-21,4.606
2023-09-22,4.606
2023-09-23,4.606
2023-09-24,4.606
2023-09-25,4.606
2023-09-26,4.504
2023-09-27,4.41
2023-09-28,4.41
2023-09-29,4.423
2023-09-30,4.423
2023-10-01,4.423
2023-10-02,4.423
2023-10-03,4.423
2023-10-04,4.423
2023-10-05,4.423
2023-10-06,4.423
2023-10-07,4.423
2023-10-08,4.423
2023-10-09,4.423
2023-10-10,4.423
2023-10-11,4.419
2023-10-12,4.405
2023-10-13,4.405
2023-10-14,4.405
2023-10-15,4.405
2023-10-16,4.405
2023-10-17,4.405
2023-10-18,4.34
2023-10-19,4.34
2023-10-20,4.34
2023-10-21,4.34
2023-10-22,4.34
2023-10-23,4.34
2023-10-24,4.34
2023-10-25,4.34
2023-10-26,4.34
2023-10-27,4.34
2023-10-28,4.34
2023-10-29,4.35
2023-10-30,4.35
2023-10-31,4.349
2023-11-01,4.042
2023-11-02,3.844
2023-11-03,3.844
2023-11-04,3.844
2023-11-05,3.844
2023-11-06,3.844
2023-11-07,3.838
2023-11-08,3.838
2023-11-09,3.838
2023-11-10,3.838
2023-11-11,3.838
2023-11-12,3.838
2023-11-13,3.834
2023-11-14,3.834
2023-11-15,3.834
2023-11-16,3.834
2023-11-17,3.834
2023-11-18,3.834
2023-11-19,3.834
2023-11-20,3.834
2023-11-21,3.834
2023-11-22,3.834
2023-11-23,3.834
2023-11-24,3.834
2023-11-25,3.834
2023-11-26,3.834
2023-11-27,3.834
2023-11-28,3.834
2023-11-29,3.834
2023-11-30,3.834
2023-12-01,3.833
2023-12-02,3.833
2023-12-03,3.833
2023-12-04,3.833
2023-12-05,3.833
2023-12-06,3.833
2023-12-07,3.833
2023-12-08,3.833
2023-12-09,3.833
2023-12-10,3.833
2023-12-11,3.833
2023-12-12,3.833
2023-12-13,3.833
2023-12-14,3.833
2023-12-15,3.833
2023-12-16,3.833
2023-12-17,3.833
2023-12-18,3.847
2023-12-19,3.847
2023-12-20,3.847
2023-12-21,3.847
2023-12-22,3.847
2023-12-23,3.847
2023-12-24,3.847
2023-12-25,3.847
2023-12-26,3.847
2023-12-27,3.847
2023-12-28,3.847
2023-12-29,3.847
2023-12-30,3.847
2023-12-31,3.847
2024-01-01,3.847
2024-01-02,3.847
2024-01-03,3.847
2024-01-04,3.847
2024-01-05,3.873
2024-01-06,3.873
2024-01-07,3.873
2024-01-08,3.873
2024-01-09,3.873
2024-01-10,3.873
2024-01-11,3.873
2024-01-12,3.873
2024-01-13,3.873
2024-01-14,3.873
2024-01-15,3.873
2024-01-16,3.858
2024-01-17,3.858
2024-01-18,3.858
2024-01-19,3.858
2024-01-20,3.858
2024-01-21,3.858
2024-01-22,3.858
2024-01-23,3.858
2024-01-24,3.858
2024-01-25,3.858
2024-01-26,3.858
2024-01-27,3.858
2024-01-28,3.858
2024-01-29,3.858
2024-01-30,3.858
2024-01-31,3.858
2024-02-01,3.858
2024-02-02,3.854
2024-02-03,3.854
2024-02-04,3.853
2024-02-05,3.853
2024-02-06,3.853
2024-02-07,3.848
2024-02-08,3.875
2024-02-09,3.875
2024-02-10,3.875
2024-02-11,3.875
2024-02-12,3.875
2024-02-13,3.875
2024-02-14,3.875
2024-02-15,3.875
2024-02-16,3.875
2024-02-17,3.875
2024-02-18,3.875
2024-02-19,3.875
2024-02-20,3.875
2024-02-21,3.875
2024-02-22,3.875
2024-02-23,3.878
2024-02-24,3.878
2024-02-25,3.878
2024-02-26,3.878
2024-02-27,3.878
2024-02-28,3.878
2024-02-29,3.878
2024-03-01,3.863
2024-03-02,3.863
2024-03-03,3.863
2024-03-04,3.863
2024-03-05,3.863
2024-03-06,3.863
2024-03-07,3.863
2024-03-08,3.863
2024-03-09,3.863
2024-03-10,3.863
2024-03-11,3.863
2024-03-12,3.863
2024-03-13,3.863
2024-03-14,3.863
2024-03-15,3.863
2024-03-16,3.863
2024-03-17,3.863
2024-03-18,3.863
2024-03-19,3.863
2024-03-20,3.863
2024-03-21,3.863
2024-03-22,3.863
2024-03-23,3.863
2024-03-24,3.863
2024-03-25,3.863
2024-03-26,3.863
2024-03-27,3.863
2024-03-28,3.863
2024-03-29,3.863
2024-03-30,3.863
2024-03-31,3.863
2024-04-01,3.863
2024-04-02,3.863
2024-04-03,3.863
2024-04-04,3.922
2024-04-05,3.991
2024-04-06,3.991
2024-04-07,3.991
2024-04-08,3.991
2024-04-09,3.991
2024-04-10,3.991
2024-04-11,3.991
2024-04-12,3.991
2024-04-13,3.991
2024-04-14,3.991
2024-04-15,3.97
2024-04-16,3.97
2024-04-17,3.97
2024-04-18,3.97
2024-04-19,3.97
2024-04-20,3.97
2024-04-21,3.97
2024-04-22,3.97
2024-04-23,3.97
2024-04-24,3.97
2024-04-25,3.97
2024-04-26,3.966
2024-04-27,3.966
2024-04-28,3.966
2024-04-29,3.982
2024-04-30,3.982
2024-05-01,3.964
