,TJX US Equity
,BEST_EPS_NXT_YR
2019-01-01,
2019-01-02,
2019-01-03,
2019-01-04,
2019-01-05,
2019-01-06,
2019-01-07,
2019-01-08,
2019-01-09,
2019-01-10,
2019-01-11,
2019-01-12,
2019-01-13,
2019-01-14,
2019-01-15,
2019-01-16,
2019-01-17,
2019-01-18,
2019-01-19,
2019-01-20,
2019-01-21,
2019-01-22,
2019-01-23,
2019-01-24,
2019-01-25,
2019-01-26,
2019-01-27,
2019-01-28,
2019-01-29,
2019-01-30,
2019-01-31,
2019-02-01,
2019-02-02,
2019-02-03,
2019-02-04,
2019-02-05,
2019-02-06,
2019-02-07,
2019-02-08,
2019-02-09,
2019-02-10,
2019-02-11,
2019-02-12,
2019-02-13,
2019-02-14,
2019-02-15,
2019-02-16,
2019-02-17,
2019-02-18,
2019-02-19,
2019-02-20,
2019-02-21,
2019-02-22,
2019-02-23,
2019-02-24,
2019-02-25,
2019-02-26,
2019-02-27,
2019-02-28,
2019-03-01,
2019-03-02,
2019-03-03,
2019-03-04,
2019-03-05,
2019-03-06,
2019-03-07,
2019-03-08,
2019-03-09,
2019-03-10,
2019-03-11,
2019-03-12,
2019-03-13,
2019-03-14,
2019-03-15,
2019-03-16,
2019-03-17,
2019-03-18,
2019-03-19,
2019-03-20,
2019-03-21,
2019-03-22,
2019-03-23,
2019-03-24,
2019-03-25,
2019-03-26,
2019-03-27,
2019-03-28,
2019-03-29,
2019-03-30,
2019-03-31,
2019-04-01,
2019-04-02,
2019-04-03,
2019-04-04,
2019-04-05,
2019-04-06,
2019-04-07,
2019-04-08,
2019-04-09,
2019-04-10,
2019-04-11,
2019-04-12,
2019-04-13,
2019-04-14,
2019-04-15,
2019-04-16,
2019-04-17,
2019-04-18,
2019-04-19,
2019-04-20,
2019-04-21,
2019-04-22,
2019-04-23,
2019-04-24,
2019-04-25,
2019-04-26,
2019-04-27,
2019-04-28,
2019-04-29,
2019-04-30,
2019-05-01,
2019-05-02,
2019-05-03,
2019-05-04,
2019-05-05,
2019-05-06,
2019-05-07,
2019-05-08,
2019-05-09,
2019-05-10,
2019-05-11,
2019-05-12,
2019-05-13,
2019-05-14,
2019-05-15,
2019-05-16,
2019-05-17,
2019-05-18,
2019-05-19,
2019-05-20,
2019-05-21,
2019-05-22,
2019-05-23,
2019-05-24,
2019-05-25,
2019-05-26,
2019-05-27,
2019-05-28,
2019-05-29,
2019-05-30,
2019-05-31,
2019-06-01,
2019-06-02,
2019-06-03,
2019-06-04,
2019-06-05,
2019-06-06,
2019-06-07,
2019-06-08,
2019-06-09,
2019-06-10,
2019-06-11,
2019-06-12,
2019-06-13,
2019-06-14,
2019-06-15,
2019-06-16,
2019-06-17,
2019-06-18,
2019-06-19,
2019-06-20,
2019-06-21,
2019-06-22,
2019-06-23,
2019-06-24,
2019-06-25,
2019-06-26,
2019-06-27,
2019-06-28,
2019-06-29,
2019-06-30,
2019-07-01,
2019-07-02,
2019-07-03,
2019-07-04,
2019-07-05,
2019-07-06,
2019-07-07,
2019-07-08,
2019-07-09,
2019-07-10,
2019-07-11,
2019-07-12,
2019-07-13,
2019-07-14,
2019-07-15,
2019-07-16,
2019-07-17,
2019-07-18,
2019-07-19,
2019-07-20,
2019-07-21,
2019-07-22,
2019-07-23,
2019-07-24,
2019-07-25,
2019-07-26,
2019-07-27,
2019-07-28,
2019-07-29,
2019-07-30,
2019-07-31,
2019-08-01,
2019-08-02,
2019-08-03,
2019-08-04,
2019-08-05,
2019-08-06,
2019-08-07,
2019-08-08,
2019-08-09,
2019-08-10,
2019-08-11,
2019-08-12,
2019-08-13,
2019-08-14,
2019-08-15,
2019-08-16,
2019-08-17,
2019-08-18,
2019-08-19,
2019-08-20,
2019-08-21,
2019-08-22,
2019-08-23,
2019-08-24,
2019-08-25,
2019-08-26,
2019-08-27,
2019-08-28,
2019-08-29,
2019-08-30,
2019-08-31,
2019-09-01,
2019-09-02,
2019-09-03,
2019-09-04,
2019-09-05,
2019-09-06,
2019-09-07,
2019-09-08,
2019-09-09,
2019-09-10,
2019-09-11,
2019-09-12,
2019-09-13,
2019-09-14,
2019-09-15,
2019-09-16,
2019-09-17,
2019-09-18,
2019-09-19,
2019-09-20,
2019-09-21,
2019-09-22,
2019-09-23,
2019-09-24,
2019-09-25,
2019-09-26,
2019-09-27,
2019-09-28,
2019-09-29,
2019-09-30,
2019-10-01,
2019-10-02,
2019-10-03,
2019-10-04,
2019-10-05,
2019-10-06,
2019-10-07,
2019-10-08,
2019-10-09,
2019-10-10,
2019-10-11,
2019-10-12,
2019-10-13,
2019-10-14,
2019-10-15,
2019-10-16,
2019-10-17,
2019-10-18,
2019-10-19,
2019-10-20,
2019-10-21,
2019-10-22,
2019-10-23,
2019-10-24,
2019-10-25,
2019-10-26,
2019-10-27,
2019-10-28,
2019-10-29,
2019-10-30,
2019-10-31,
2019-11-01,
2019-11-02,
2019-11-03,
2019-11-04,
2019-11-05,
2019-11-06,
2019-11-07,
2019-11-08,
2019-11-09,
2019-11-10,
2019-11-11,
2019-11-12,
2019-11-13,
2019-11-14,
2019-11-15,
2019-11-16,
2019-11-17,
2019-11-18,
2019-11-19,
2019-11-20,
2019-11-21,
2019-11-22,
2019-11-23,
2019-11-24,
2019-11-25,
2019-11-26,
2019-11-27,
2019-11-28,
2019-11-29,
2019-11-30,
2019-12-01,
2019-12-02,
2019-12-03,
2019-12-04,
2019-12-05,
2019-12-06,
2019-12-07,
2019-12-08,
2019-12-09,
2019-12-10,
2019-12-11,
2019-12-12,
2019-12-13,
2019-12-14,
2019-12-15,
2019-12-16,
2019-12-17,
2019-12-18,
2019-12-19,
2019-12-20,
2019-12-21,
2019-12-22,
2019-12-23,
2019-12-24,
2019-12-25,
2019-12-26,
2019-12-27,
2019-12-28,
2019-12-29,
2019-12-30,
2019-12-31,
2020-01-01,
2020-01-02,
2020-01-03,
2020-01-04,
2020-01-05,
2020-01-06,
2020-01-07,
2020-01-08,
2020-01-09,
2020-01-10,
2020-01-11,
2020-01-12,
2020-01-13,
2020-01-14,
2020-01-15,
2020-01-16,
2020-01-17,
2020-01-18,
2020-01-19,
2020-01-20,
2020-01-21,
2020-01-22,
2020-01-23,
2020-01-24,
2020-01-25,
2020-01-26,
2020-01-27,
2020-01-28,
2020-01-29,
2020-01-30,
2020-01-31,
2020-02-01,
2020-02-02,
2020-02-03,
2020-02-04,
2020-02-05,
2020-02-06,
2020-02-07,
2020-02-08,
2020-02-09,
2020-02-10,
2020-02-11,
2020-02-12,
2020-02-13,
2020-02-14,
2020-02-15,
2020-02-16,
2020-02-17,
2020-02-18,
2020-02-19,
2020-02-20,
2020-02-21,
2020-02-22,
2020-02-23,
2020-02-24,
2020-02-25,
2020-02-26,
2020-02-27,
2020-02-28,
2020-02-29,
2020-03-01,
2020-03-02,
2020-03-03,
2020-03-04,
2020-03-05,
2020-03-06,
2020-03-07,
2020-03-08,
2020-03-09,
2020-03-10,
2020-03-11,
2020-03-12,
2020-03-13,
2020-03-14,
2020-03-15,
2020-03-16,
2020-03-17,
2020-03-18,
2020-03-19,
2020-03-20,
2020-03-21,
2020-03-22,
2020-03-23,
2020-03-24,
2020-03-25,
2020-03-26,
2020-03-27,
2020-03-28,
2020-03-29,
2020-03-30,
2020-03-31,
2020-04-01,
2020-04-02,
2020-04-03,
2020-04-04,
2020-04-05,
2020-04-06,
2020-04-07,
2020-04-08,
2020-04-09,
2020-04-10,
2020-04-11,
2020-04-12,
2020-04-13,
2020-04-14,
2020-04-15,
2020-04-16,
2020-04-17,
2020-04-18,
2020-04-19,
2020-04-20,
2020-04-21,
2020-04-22,
2020-04-23,
2020-04-24,
2020-04-25,
2020-04-26,
2020-04-27,
2020-04-28,
2020-04-29,
2020-04-30,
2020-05-01,
2020-05-02,
2020-05-03,
2020-05-04,
2020-05-05,
2020-05-06,
2020-05-07,
2020-05-08,
2020-05-09,
2020-05-10,
2020-05-11,
2020-05-12,
2020-05-13,
2020-05-14,
2020-05-15,
2020-05-16,
2020-05-17,
2020-05-18,
2020-05-19,
2020-05-20,
2020-05-21,3.21
2020-05-22,3.21
2020-05-23,3.21
2020-05-24,3.21
2020-05-25,3.21
2020-05-26,3.21
2020-05-27,3.21
2020-05-28,3.21
2020-05-29,3.21
2020-05-30,3.21
2020-05-31,3.21
2020-06-01,3.21
2020-06-02,3.21
2020-06-03,3.21
2020-06-04,3.21
2020-06-05,3.21
2020-06-06,3.21
2020-06-07,3.21
2020-06-08,3.21
2020-06-09,3.21
2020-06-10,3.21
2020-06-11,3.21
2020-06-12,3.21
2020-06-13,3.21
2020-06-14,3.21
2020-06-15,3.21
2020-06-16,3.7
2020-06-17,3.7
2020-06-18,3.7
2020-06-19,3.7
2020-06-20,3.7
2020-06-21,3.7
2020-06-22,3.7
2020-06-23,3.7
2020-06-24,3.7
2020-06-25,3.7
2020-06-26,3.7
2020-06-27,3.7
2020-06-28,3.7
2020-06-29,3.7
2020-06-30,3.7
2020-07-01,3.7
2020-07-02,3.7
2020-07-03,3.7
2020-07-04,3.7
2020-07-05,3.7
2020-07-06,3.7
2020-07-07,3.7
2020-07-08,3.7
2020-07-09,3.7
2020-07-10,3.7
2020-07-11,3.7
2020-07-12,3.7
2020-07-13,3.7
2020-07-14,3.7
2020-07-15,3.7
2020-07-16,3.7
2020-07-17,3.7
2020-07-18,3.7
2020-07-19,3.7
2020-07-20,3.7
2020-07-21,3.7
2020-07-22,3.7
2020-07-23,3.7
2020-07-24,3.7
2020-07-25,3.7
2020-07-26,3.7
2020-07-27,3.7
2020-07-28,3.7
2020-07-29,3.7
2020-07-30,3.7
2020-07-31,3.7
2020-08-01,3.7
2020-08-02,3.7
2020-08-03,3.7
2020-08-04,3.7
2020-08-05,3.7
2020-08-06,3.7
2020-08-07,3.7
2020-08-08,3.7
2020-08-09,3.7
2020-08-10,3.7
2020-08-11,3.7
2020-08-12,3.7
2020-08-13,3.7
2020-08-14,3.7
2020-08-15,3.7
2020-08-16,3.7
2020-08-17,3.7
2020-08-18,3.7
2020-08-19,3.655
2020-08-20,3.655
2020-08-21,3.655
2020-08-22,3.655
2020-08-23,3.655
2020-08-24,3.655
2020-08-25,3.655
2020-08-26,3.655
2020-08-27,3.655
2020-08-28,3.655
2020-08-29,3.655
2020-08-30,3.655
2020-08-31,3.483
2020-09-01,3.483
2020-09-02,3.483
2020-09-03,3.483
2020-09-04,3.483
2020-09-05,3.483
2020-09-06,3.483
2020-09-07,3.483
2020-09-08,3.483
2020-09-09,3.483
2020-09-10,3.483
2020-09-11,3.483
2020-09-12,3.483
2020-09-13,3.483
2020-09-14,3.483
2020-09-15,3.483
2020-09-16,3.483
2020-09-17,3.483
2020-09-18,3.473
2020-09-19,3.473
2020-09-20,3.473
2020-09-21,3.473
2020-09-22,3.473
2020-09-23,3.473
2020-09-24,3.473
2020-09-25,3.473
2020-09-26,3.473
2020-09-27,3.473
2020-09-28,3.473
2020-09-29,3.473
2020-09-30,3.473
2020-10-01,3.473
2020-10-02,3.473
2020-10-03,3.473
2020-10-04,3.473
2020-10-05,3.473
2020-10-06,3.473
2020-10-07,3.59
2020-10-08,3.59
2020-10-09,3.59
2020-10-10,3.59
2020-10-11,3.59
2020-10-12,3.59
2020-10-13,3.587
2020-10-14,3.587
2020-10-15,3.587
2020-10-16,3.587
2020-10-17,3.587
2020-10-18,3.587
2020-10-19,3.587
2020-10-20,3.587
2020-10-21,3.587
2020-10-22,3.587
2020-10-23,3.587
2020-10-24,3.587
2020-10-25,3.587
2020-10-26,3.587
2020-10-27,3.587
2020-10-28,3.587
2020-10-29,3.587
2020-10-30,3.587
2020-10-31,3.587
2020-11-01,3.587
2020-11-02,3.587
2020-11-03,3.587
2020-11-04,3.587
2020-11-05,3.587
2020-11-06,3.587
2020-11-07,3.587
2020-11-08,3.587
2020-11-09,3.587
2020-11-10,3.587
2020-11-11,3.587
2020-11-12,3.587
2020-11-13,3.587
2020-11-14,3.587
2020-11-15,3.587
2020-11-16,3.587
2020-11-17,3.587
2020-11-18,3.633
2020-11-19,3.633
2020-11-20,3.633
2020-11-21,3.633
2020-11-22,3.633
2020-11-23,3.885
2020-11-24,3.885
2020-11-25,3.885
2020-11-26,3.885
2020-11-27,3.885
2020-11-28,3.885
2020-11-29,3.885
2020-11-30,3.885
2020-12-01,3.885
2020-12-02,3.885
2020-12-03,3.885
2020-12-04,3.885
2020-12-05,3.885
2020-12-06,3.885
2020-12-07,3.885
2020-12-08,3.61
2020-12-09,3.61
2020-12-10,3.61
2020-12-11,3.61
2020-12-12,3.61
2020-12-13,3.61
2020-12-14,3.61
2020-12-15,3.61
2020-12-16,3.61
2020-12-17,3.61
2020-12-18,3.61
2020-12-19,3.61
2020-12-20,3.61
2020-12-21,3.61
2020-12-22,3.61
2020-12-23,3.61
2020-12-24,3.61
2020-12-25,3.61
2020-12-26,3.61
2020-12-27,3.61
2020-12-28,3.61
2020-12-29,3.61
2020-12-30,3.61
2020-12-31,3.61
2021-01-01,3.61
2021-01-02,3.61
2021-01-03,3.61
2021-01-04,3.61
2021-01-05,3.61
2021-01-06,3.61
2021-01-07,3.77
2021-01-08,3.77
2021-01-09,3.77
2021-01-10,3.77
2021-01-11,3.77
2021-01-12,3.77
2021-01-13,3.77
2021-01-14,3.77
2021-01-15,3.77
2021-01-16,3.77
2021-01-17,3.77
2021-01-18,3.77
2021-01-19,3.77
2021-01-20,3.77
2021-01-21,3.77
2021-01-22,3.77
2021-01-23,3.77
2021-01-24,3.77
2021-01-25,3.77
2021-01-26,3.77
2021-01-27,3.77
2021-01-28,3.77
2021-01-29,3.77
2021-01-30,3.77
2021-01-31,3.77
2021-02-01,3.77
2021-02-02,3.77
2021-02-03,3.77
2021-02-04,3.77
2021-02-05,3.77
2021-02-06,3.77
2021-02-07,3.77
2021-02-08,3.77
2021-02-09,3.77
2021-02-10,3.77
2021-02-11,3.77
2021-02-12,3.77
2021-02-13,3.77
2021-02-14,3.77
2021-02-15,3.77
2021-02-16,3.77
2021-02-17,3.77
2021-02-18,3.77
2021-02-19,3.77
2021-02-20,3.77
2021-02-21,3.77
2021-02-22,3.77
2021-02-23,3.77
2021-02-24,4.13
2021-02-25,4.107
2021-02-26,4.107
2021-02-27,4.107
2021-02-28,4.107
2021-03-01,4.107
2021-03-02,4.107
2021-03-03,4.107
2021-03-04,4.107
2021-03-05,4.107
2021-03-06,4.107
2021-03-07,4.107
2021-03-08,4.107
2021-03-09,4.107
2021-03-10,4.107
2021-03-11,4.107
2021-03-12,4.107
2021-03-13,4.107
2021-03-14,4.107
2021-03-15,4.107
2021-03-16,4.107
2021-03-17,4.107
2021-03-18,4.107
2021-03-19,4.107
2021-03-20,4.107
2021-03-21,4.107
2021-03-22,4.107
2021-03-23,4.107
2021-03-24,4.107
2021-03-25,4.107
2021-03-26,4.107
2021-03-27,4.107
2021-03-28,4.107
2021-03-29,4.107
2021-03-30,4.107
2021-03-31,4.107
2021-04-01,4.107
2021-04-02,4.107
2021-04-03,4.107
2021-04-04,4.107
2021-04-05,4.107
2021-04-06,4.107
2021-04-07,4.107
2021-04-08,4.107
2021-04-09,4.107
2021-04-10,4.107
2021-04-11,4.107
2021-04-12,4.107
2021-04-13,4.107
2021-04-14,4.107
2021-04-15,4.107
2021-04-16,4.12
2021-04-17,4.12
2021-04-18,4.12
2021-04-19,4.12
2021-04-20,4.12
2021-04-21,3.94
2021-04-22,3.94
2021-04-23,3.94
2021-04-24,3.94
2021-04-25,3.94
2021-04-26,3.94
2021-04-27,3.94
2021-04-28,3.94
2021-04-29,3.94
2021-04-30,3.94
2021-05-01,3.94
2021-05-02,3.94
2021-05-03,3.94
2021-05-04,3.94
2021-05-05,3.94
2021-05-06,3.94
2021-05-07,3.94
2021-05-08,3.94
2021-05-09,3.94
2021-05-10,3.94
2021-05-11,3.94
2021-05-12,3.94
2021-05-13,3.94
2021-05-14,3.94
2021-05-15,3.94
2021-05-16,3.94
2021-05-17,3.94
2021-05-18,3.94
2021-05-19,4.1
2021-05-20,4.146
2021-05-21,4.146
2021-05-22,4.146
2021-05-23,4.146
2021-05-24,4.146
2021-05-25,4.146
2021-05-26,4.146
2021-05-27,4.146
2021-05-28,4.146
2021-05-29,4.146
2021-05-30,4.146
2021-05-31,4.146
2021-06-01,4.378
2021-06-02,4.378
2021-06-03,4.378
2021-06-04,4.378
2021-06-05,4.378
2021-06-06,4.378
2021-06-07,4.378
2021-06-08,4.378
2021-06-09,4.378
2021-06-10,4.378
2021-06-11,4.378
2021-06-12,4.378
2021-06-13,4.378
2021-06-14,4.378
2021-06-15,4.313
2021-06-16,4.313
2021-06-17,4.313
2021-06-18,4.313
2021-06-19,4.313
2021-06-20,4.313
2021-06-21,4.313
2021-06-22,4.313
2021-06-23,4.313
2021-06-24,4.313
2021-06-25,4.313
2021-06-26,4.313
2021-06-27,4.313
2021-06-28,4.313
2021-06-29,4.313
2021-06-30,4.313
2021-07-01,4.313
2021-07-02,4.313
2021-07-03,4.313
2021-07-04,4.313
2021-07-05,4.313
2021-07-06,4.313
2021-07-07,4.313
2021-07-08,4.313
2021-07-09,4.313
2021-07-10,4.313
2021-07-11,4.313
2021-07-12,4.313
2021-07-13,4.313
2021-07-14,4.313
2021-07-15,4.313
2021-07-16,4.313
2021-07-17,4.313
2021-07-18,4.313
2021-07-19,4.313
2021-07-20,4.313
2021-07-21,4.313
2021-07-22,4.313
2021-07-23,4.313
2021-07-24,4.313
2021-07-25,4.313
2021-07-26,4.313
2021-07-27,4.313
2021-07-28,4.313
2021-07-29,4.313
2021-07-30,4.313
2021-07-31,4.313
2021-08-01,4.313
2021-08-02,4.313
2021-08-03,4.313
2021-08-04,4.313
2021-08-05,4.313
2021-08-06,4.313
2021-08-07,4.313
2021-08-08,4.313
2021-08-09,4.313
2021-08-10,4.313
2021-08-11,4.35
2021-08-12,4.35
2021-08-13,4.35
2021-08-14,4.35
2021-08-15,4.35
2021-08-16,4.35
2021-08-17,4.433
2021-08-18,4.46
2021-08-19,4.61
2021-08-20,4.61
2021-08-21,4.61
2021-08-22,4.61
2021-08-23,4.61
2021-08-24,4.61
2021-08-25,4.61
2021-08-26,4.61
2021-08-27,4.61
2021-08-28,4.61
2021-08-29,4.61
2021-08-30,4.61
2021-08-31,4.61
2021-09-01,4.61
2021-09-02,4.61
2021-09-03,4.61
2021-09-04,4.61
2021-09-05,4.61
2021-09-06,4.61
2021-09-07,4.61
2021-09-08,4.61
2021-09-09,4.61
2021-09-10,4.61
2021-09-11,4.61
2021-09-12,4.61
2021-09-13,4.61
2021-09-14,4.61
2021-09-15,4.61
2021-09-16,4.61
2021-09-17,4.61
2021-09-18,4.61
2021-09-19,4.61
2021-09-20,4.61
2021-09-21,4.61
2021-09-22,4.61
2021-09-23,4.61
2021-09-24,4.61
2021-09-25,4.61
2021-09-26,4.61
2021-09-27,4.61
2021-09-28,4.61
2021-09-29,4.61
2021-09-30,4.61
2021-10-01,4.61
2021-10-02,4.61
2021-10-03,4.61
2021-10-04,4.61
2021-10-05,4.61
2021-10-06,4.61
2021-10-07,4.61
2021-10-08,4.61
2021-10-09,4.61
2021-10-10,4.61
2021-10-11,4.61
2021-10-12,4.61
2021-10-13,4.61
2021-10-14,4.557
2021-10-15,4.557
2021-10-16,4.557
2021-10-17,4.557
2021-10-18,4.557
2021-10-19,4.557
2021-10-20,4.557
2021-10-21,4.557
2021-10-22,4.557
2021-10-23,4.557
2021-10-24,4.557
2021-10-25,4.557
2021-10-26,4.557
2021-10-27,4.557
2021-10-28,4.557
2021-10-29,4.557
2021-10-30,4.557
2021-10-31,4.573
2021-11-01,4.573
2021-11-02,4.573
2021-11-03,4.573
2021-11-04,4.573
2021-11-05,4.573
2021-11-06,4.573
2021-11-07,4.438
2021-11-08,4.438
2021-11-09,4.438
2021-11-10,4.438
2021-11-11,4.438
2021-11-12,4.438
2021-11-13,4.438
2021-11-14,4.438
2021-11-15,4.438
2021-11-16,4.443
2021-11-17,4.458
2021-11-18,4.458
2021-11-19,4.458
2021-11-20,4.458
2021-11-21,4.458
2021-11-22,4.458
2021-11-23,4.458
2021-11-24,4.458
2021-11-25,4.458
2021-11-26,4.458
2021-11-27,4.468
2021-11-28,4.468
2021-11-29,4.468
2021-11-30,4.468
2021-12-01,4.468
2021-12-02,4.468
2021-12-03,4.468
2021-12-04,4.468
2021-12-05,4.468
2021-12-06,4.468
2021-12-07,4.468
2021-12-08,4.468
2021-12-09,4.468
2021-12-10,4.468
2021-12-11,4.468
2021-12-12,4.468
2021-12-13,4.468
2021-12-14,4.468
2021-12-15,4.468
2021-12-16,4.468
2021-12-17,4.468
2021-12-18,4.468
2021-12-19,4.468
2021-12-20,4.468
2021-12-21,4.468
2021-12-22,4.468
2021-12-23,4.498
2021-12-24,4.498
2021-12-25,4.498
2021-12-26,4.498
2021-12-27,4.498
2021-12-28,4.498
2021-12-29,4.498
2021-12-30,4.498
2021-12-31,4.498
2022-01-01,4.498
2022-01-02,4.498
2022-01-03,4.498
2022-01-04,4.498
2022-01-05,4.498
2022-01-06,4.498
2022-01-07,4.498
2022-01-08,4.498
2022-01-09,4.498
2022-01-10,4.498
2022-01-11,4.498
2022-01-12,4.498
2022-01-13,4.498
2022-01-14,4.498
2022-01-15,4.498
2022-01-16,4.498
2022-01-17,4.498
2022-01-18,4.498
2022-01-19,4.498
2022-01-20,4.498
2022-01-21,4.498
2022-01-22,4.498
2022-01-23,4.498
2022-01-24,4.498
2022-01-25,4.498
2022-01-26,4.498
2022-01-27,4.498
2022-01-28,4.498
2022-01-29,4.498
2022-01-30,4.498
2022-01-31,4.498
2022-02-01,4.498
2022-02-02,4.498
2022-02-03,4.498
2022-02-04,4.498
2022-02-05,4.498
2022-02-06,4.498
2022-02-07,4.498
2022-02-08,4.498
2022-02-09,4.498
2022-02-10,4.498
2022-02-11,4.498
2022-02-12,4.498
2022-02-13,4.498
2022-02-14,4.498
2022-02-15,4.498
2022-02-16,4.498
2022-02-17,4.498
2022-02-18,4.498
2022-02-19,4.498
2022-02-20,4.498
2022-02-21,4.498
2022-02-22,4.486
2022-02-23,4.474
2022-02-24,4.388
2022-02-25,4.388
2022-02-26,4.388
2022-02-27,4.388
2022-02-28,4.348
2022-03-01,4.348
2022-03-02,4.348
2022-03-03,4.348
2022-03-04,4.348
2022-03-05,4.348
2022-03-06,4.348
2022-03-07,4.348
2022-03-08,4.348
2022-03-09,4.348
2022-03-10,4.348
2022-03-11,4.348
2022-03-12,4.348
2022-03-13,4.348
2022-03-14,4.317
2022-03-15,4.317
2022-03-16,4.317
2022-03-17,4.317
2022-03-18,4.317
2022-03-19,4.317
2022-03-20,4.317
2022-03-21,4.317
2022-03-22,4.317
2022-03-23,4.317
2022-03-24,4.317
2022-03-25,4.317
2022-03-26,4.317
2022-03-27,4.317
2022-03-28,4.317
2022-03-29,4.317
2022-03-30,4.317
2022-03-31,4.317
2022-04-01,4.256
2022-04-02,4.256
2022-04-03,4.256
2022-04-04,4.256
2022-04-05,4.256
2022-04-06,4.256
2022-04-07,4.317
2022-04-08,4.317
2022-04-09,4.317
2022-04-10,4.317
2022-04-11,4.317
2022-04-12,4.317
2022-04-13,4.337
2022-04-14,4.337
2022-04-15,4.337
2022-04-16,4.337
2022-04-17,4.337
2022-04-18,4.337
2022-04-19,4.337
2022-04-20,4.337
2022-04-21,4.337
2022-04-22,4.337
2022-04-23,4.337
2022-04-24,4.337
2022-04-25,4.337
2022-04-26,4.31
2022-04-27,4.31
2022-04-28,4.31
2022-04-29,4.31
2022-04-30,4.31
2022-05-01,4.31
2022-05-02,4.31
2022-05-03,4.31
2022-05-04,4.31
2022-05-05,4.31
2022-05-06,4.31
2022-05-07,4.31
2022-05-08,4.31
2022-05-09,4.312
2022-05-10,4.312
2022-05-11,4.312
2022-05-12,4.312
2022-05-13,4.312
2022-05-14,4.312
2022-05-15,4.312
2022-05-16,4.312
2022-05-17,4.312
2022-05-18,4.387
2022-05-19,4.367
2022-05-20,4.367
2022-05-21,4.367
2022-05-22,4.367
2022-05-23,4.367
2022-05-24,4.367
2022-05-25,4.367
2022-05-26,4.367
2022-05-27,4.367
2022-05-28,4.367
2022-05-29,4.367
2022-05-30,4.367
2022-05-31,4.367
2022-06-01,4.367
2022-06-02,4.367
2022-06-03,4.367
2022-06-04,4.367
2022-06-05,4.367
2022-06-06,4.367
2022-06-07,4.367
2022-06-08,4.367
2022-06-09,4.367
2022-06-10,4.355
2022-06-11,4.355
2022-06-12,4.355
2022-06-13,4.355
2022-06-14,4.355
2022-06-15,4.355
2022-06-16,4.355
2022-06-17,4.355
2022-06-18,4.355
2022-06-19,4.355
2022-06-20,4.355
2022-06-21,4.355
2022-06-22,4.355
2022-06-23,4.355
2022-06-24,4.355
2022-06-25,4.355
2022-06-26,4.355
2022-06-27,4.355
2022-06-28,4.355
2022-06-29,4.355
2022-06-30,4.355
2022-07-01,4.355
2022-07-02,4.355
2022-07-03,4.355
2022-07-04,4.355
2022-07-05,4.355
2022-07-06,4.355
2022-07-07,4.355
2022-07-08,4.355
2022-07-09,4.355
2022-07-10,4.355
2022-07-11,4.355
2022-07-12,4.355
2022-07-13,4.355
2022-07-14,4.355
2022-07-15,4.355
2022-07-16,4.355
2022-07-17,4.355
2022-07-18,4.355
2022-07-19,4.355
2022-07-20,4.355
2022-07-21,4.355
2022-07-22,4.327
2022-07-23,4.327
2022-07-24,4.327
2022-07-25,4.327
2022-07-26,4.327
2022-07-27,4.327
2022-07-28,4.327
2022-07-29,4.327
2022-07-30,4.327
2022-07-31,4.327
2022-08-01,4.327
2022-08-02,4.327
2022-08-03,4.327
2022-08-04,4.332
2022-08-05,4.332
2022-08-06,4.332
2022-08-07,4.305
2022-08-08,4.305
2022-08-09,4.305
2022-08-10,4.305
2022-08-11,4.305
2022-08-12,4.305
2022-08-13,4.305
2022-08-14,4.305
2022-08-15,4.305
2022-08-16,4.305
2022-08-17,4.203
2022-08-18,4.171
2022-08-19,4.171
2022-08-20,4.171
2022-08-21,4.171
2022-08-22,4.171
2022-08-23,4.171
2022-08-24,4.171
2022-08-25,4.171
2022-08-26,4.171
2022-08-27,4.171
2022-08-28,4.171
2022-08-29,4.171
2022-08-30,4.171
2022-08-31,4.171
2022-09-01,4.171
2022-09-02,4.171
2022-09-03,4.171
2022-09-04,4.171
2022-09-05,4.171
2022-09-06,4.171
2022-09-07,4.171
2022-09-08,4.171
2022-09-09,4.171
2022-09-10,4.171
2022-09-11,4.171
2022-09-12,4.171
2022-09-13,4.171
2022-09-14,4.143
2022-09-15,4.143
2022-09-16,4.143
2022-09-17,4.143
2022-09-18,4.143
2022-09-19,4.143
2022-09-20,4.143
2022-09-21,4.143
2022-09-22,4.143
2022-09-23,4.143
2022-09-24,4.143
2022-09-25,4.143
2022-09-26,4.194
2022-09-27,4.194
2022-09-28,4.194
2022-09-29,4.194
2022-09-30,4.194
2022-10-01,4.194
2022-10-02,4.194
2022-10-03,4.194
2022-10-04,4.194
2022-10-05,4.194
2022-10-06,4.194
2022-10-07,4.194
2022-10-08,4.194
2022-10-09,4.194
2022-10-10,4.194
2022-10-11,4.221
2022-10-12,4.221
2022-10-13,4.221
2022-10-14,4.221
2022-10-15,4.221
2022-10-16,4.221
2022-10-17,4.221
2022-10-18,4.221
2022-10-19,4.221
2022-10-20,4.221
2022-10-21,4.221
2022-10-22,4.221
2022-10-23,4.221
2022-10-24,4.221
2022-10-25,4.221
2022-10-26,4.221
2022-10-27,4.221
2022-10-28,4.221
2022-10-29,4.221
2022-10-30,4.221
2022-10-31,4.221
2022-11-01,4.221
2022-11-02,4.221
2022-11-03,4.221
2022-11-04,4.22
2022-11-05,4.22
2022-11-06,4.22
2022-11-07,4.22
2022-11-08,4.22
2022-11-09,4.228
2022-11-10,4.228
2022-11-11,4.228
2022-11-12,4.228
2022-11-13,4.228
2022-11-14,4.228
2022-11-15,4.228
2022-11-16,4.177
2022-11-17,4.209
2022-11-18,4.223
2022-11-19,4.223
2022-11-20,4.223
2022-11-21,4.223
2022-11-22,4.223
2022-11-23,4.223
2022-11-24,4.223
2022-11-25,4.223
2022-11-26,4.223
2022-11-27,4.223
2022-11-28,4.263
2022-11-29,4.244
2022-11-30,4.244
2022-12-01,4.244
2022-12-02,4.244
2022-12-03,4.244
2022-12-04,4.244
2022-12-05,4.244
2022-12-06,4.244
2022-12-07,4.244
2022-12-08,4.244
2022-12-09,4.244
2022-12-10,4.244
2022-12-11,4.244
2022-12-12,4.244
2022-12-13,4.244
2022-12-14,4.244
2022-12-15,4.258
2022-12-16,4.258
2022-12-17,4.258
2022-12-18,4.258
2022-12-19,4.258
2022-12-20,4.258
2022-12-21,4.258
2022-12-22,4.258
2022-12-23,4.258
2022-12-24,4.258
2022-12-25,4.258
2022-12-26,4.258
2022-12-27,4.258
2022-12-28,4.258
2022-12-29,4.258
2022-12-30,4.258
2022-12-31,4.258
2023-01-01,4.258
2023-01-02,4.258
2023-01-03,4.279
2023-01-04,4.279
2023-01-05,4.279
2023-01-06,4.279
2023-01-07,4.279
2023-01-08,4.279
2023-01-09,4.236
2023-01-10,4.236
2023-01-11,4.236
2023-01-12,4.236
2023-01-13,4.236
2023-01-14,4.236
2023-01-15,4.236
2023-01-16,4.236
2023-01-17,4.236
2023-01-18,4.236
2023-01-19,4.236
2023-01-20,4.236
2023-01-21,4.236
2023-01-22,4.236
2023-01-23,4.236
2023-01-24,4.236
2023-01-25,4.236
2023-01-26,4.236
2023-01-27,4.236
2023-01-28,4.236
2023-01-29,4.236
2023-01-30,4.236
2023-01-31,4.254
2023-02-01,4.254
2023-02-02,4.254
2023-02-03,4.254
2023-02-04,4.254
2023-02-05,4.254
2023-02-06,4.254
2023-02-07,4.254
2023-02-08,4.254
2023-02-09,4.254
2023-02-10,4.257
2023-02-11,4.257
2023-02-12,4.257
2023-02-13,4.257
2023-02-14,4.294
2023-02-15,4.294
2023-02-16,4.294
2023-02-17,4.294
2023-02-18,4.294
2023-02-19,4.294
2023-02-20,4.294
2023-02-21,4.294
2023-02-22,4.304
2023-02-23,4.334
2023-02-24,4.334
2023-02-25,4.334
2023-02-26,4.334
2023-02-27,4.334
2023-02-28,4.335
2023-03-01,4.335
2023-03-02,4.335
2023-03-03,4.335
2023-03-04,4.335
2023-03-05,4.335
2023-03-06,4.335
2023-03-07,4.335
2023-03-08,4.335
2023-03-09,4.335
2023-03-10,4.335
2023-03-11,4.335
2023-03-12,4.335
2023-03-13,4.335
2023-03-14,4.335
2023-03-15,4.335
2023-03-16,4.333
2023-03-17,4.333
2023-03-18,4.333
2023-03-19,4.333
2023-03-20,4.333
2023-03-21,4.333
2023-03-22,4.333
2023-03-23,4.333
2023-03-24,4.333
2023-03-25,4.333
2023-03-26,4.333
2023-03-27,4.333
2023-03-28,4.333
2023-03-29,4.325
2023-03-30,4.325
2023-03-31,4.325
2023-04-01,4.325
2023-04-02,4.325
2023-04-03,4.325
2023-04-04,4.325
2023-04-05,4.325
2023-04-06,4.324
2023-04-07,4.324
2023-04-08,4.324
2023-04-09,4.324
2023-04-10,4.324
2023-04-11,4.324
2023-04-12,4.324
2023-04-13,4.324
2023-04-14,4.324
2023-04-15,4.324
2023-04-16,4.324
2023-04-17,4.324
2023-04-18,4.324
2023-04-19,4.324
2023-04-20,4.324
2023-04-21,4.324
2023-04-22,4.324
2023-04-23,4.324
2023-04-24,4.324
2023-04-25,4.324
2023-04-26,4.324
2023-04-27,4.324
2023-04-28,4.326
2023-04-29,4.326
2023-04-30,4.326
2023-05-01,4.326
2023-05-02,4.326
2023-05-03,4.322
2023-05-04,4.322
2023-05-05,4.322
2023-05-06,4.322
2023-05-07,4.322
2023-05-08,4.322
2023-05-09,4.322
2023-05-10,4.324
2023-05-11,4.324
2023-05-12,4.329
2023-05-13,4.329
2023-05-14,4.329
2023-05-15,4.304
2023-05-16,4.304
2023-05-17,4.327
2023-05-18,4.326
2023-05-19,4.326
2023-05-20,4.326
2023-05-21,4.326
2023-05-22,4.326
2023-05-23,4.326
2023-05-24,4.326
2023-05-25,4.326
2023-05-26,4.326
2023-05-27,4.326
2023-05-28,4.326
2023-05-29,4.326
2023-05-30,4.326
2023-05-31,4.326
2023-06-01,4.326
2023-06-02,4.326
2023-06-03,4.326
2023-06-04,4.326
2023-06-05,4.326
2023-06-06,4.36
2023-06-07,4.36
2023-06-08,4.36
2023-06-09,4.36
2023-06-10,4.36
2023-06-11,4.36
2023-06-12,4.361
2023-06-13,4.361
2023-06-14,4.361
2023-06-15,4.361
2023-06-16,4.361
2023-06-17,4.361
2023-06-18,4.361
2023-06-19,4.361
2023-06-20,4.361
2023-06-21,4.361
2023-06-22,4.361
2023-06-23,4.361
2023-06-24,4.361
2023-06-25,4.361
2023-06-26,4.361
2023-06-27,4.358
2023-06-28,4.358
2023-06-29,4.364
2023-06-30,4.364
2023-07-01,4.364
2023-07-02,4.364
2023-07-03,4.364
2023-07-04,4.364
2023-07-05,4.364
2023-07-06,4.364
2023-07-07,4.364
2023-07-08,4.364
2023-07-09,4.364
2023-07-10,4.364
2023-07-11,4.371
2023-07-12,4.371
2023-07-13,4.371
2023-07-14,4.371
2023-07-15,4.371
2023-07-16,4.371
2023-07-17,4.371
2023-07-18,4.371
2023-07-19,4.371
2023-07-20,4.371
2023-07-21,4.371
2023-07-22,4.371
2023-07-23,4.371
2023-07-24,4.371
2023-07-25,4.371
2023-07-26,4.371
2023-07-27,4.371
2023-07-28,4.371
2023-07-29,4.371
2023-07-30,4.371
2023-07-31,4.371
2023-08-01,4.371
2023-08-02,4.371
2023-08-03,4.371
2023-08-04,4.371
2023-08-05,4.371
2023-08-06,4.371
2023-08-07,4.388
2023-08-08,4.388
2023-08-09,4.4
2023-08-10,4.4
2023-08-11,4.4
2023-08-12,4.4
2023-08-13,4.398
2023-08-14,4.407
2023-08-15,4.407
2023-08-16,4.475
2023-08-17,4.48
2023-08-18,4.48
2023-08-19,4.48
2023-08-20,4.48
2023-08-21,4.48
2023-08-22,4.48
2023-08-23,4.48
2023-08-24,4.484
2023-08-25,4.484
2023-08-26,4.484
2023-08-27,4.484
2023-08-28,4.495
2023-08-29,4.496
2023-08-30,4.525
2023-08-31,4.525
2023-09-01,4.539
2023-09-02,4.539
2023-09-03,4.539
2023-09-04,4.539
2023-09-05,4.539
2023-09-06,4.533
2023-09-07,4.533
2023-09-08,4.522
2023-09-09,4.522
2023-09-10,4.522
2023-09-11,4.522
2023-09-12,4.522
2023-09-13,4.522
2023-09-14,4.522
2023-09-15,4.522
2023-09-16,4.522
2023-09-17,4.522
2023-09-18,4.522
2023-09-19,4.522
2023-09-20,4.522
2023-09-21,4.522
2023-09-22,4.522
2023-09-23,4.522
2023-09-24,4.522
2023-09-25,4.522
2023-09-26,4.522
2023-09-27,4.522
2023-09-28,4.522
2023-09-29,4.522
2023-09-30,4.522
2023-10-01,4.522
2023-10-02,4.522
2023-10-03,4.522
2023-10-04,4.522
2023-10-05,4.522
2023-10-06,4.522
2023-10-07,4.522
2023-10-08,4.522
2023-10-09,4.522
2023-10-10,4.522
2023-10-11,4.522
2023-10-12,4.522
2023-10-13,4.522
2023-10-14,4.522
2023-10-15,4.522
2023-10-16,4.522
2023-10-17,4.522
2023-10-18,4.522
2023-10-19,4.522
2023-10-20,4.522
2023-10-21,4.522
2023-10-22,4.522
2023-10-23,4.522
2023-10-24,4.522
2023-10-25,4.522
2023-10-26,4.522
2023-10-27,4.522
2023-10-28,4.522
2023-10-29,4.522
2023-10-30,4.522
2023-10-31,4.522
2023-11-01,4.522
2023-11-02,4.522
2023-11-03,4.522
2023-11-04,4.522
2023-11-05,4.522
2023-11-06,4.537
2023-11-07,4.537
2023-11-08,4.537
2023-11-09,4.537
2023-11-10,4.537
2023-11-11,4.537
2023-11-12,4.537
2023-11-13,4.54
2023-11-14,4.54
2023-11-15,4.554
2023-11-16,4.549
2023-11-17,4.549
2023-11-18,4.549
2023-11-19,4.549
2023-11-20,4.549
2023-11-21,4.549
2023-11-22,4.549
2023-11-23,4.549
2023-11-24,4.549
2023-11-25,4.549
2023-11-26,4.549
2023-11-27,4.549
2023-11-28,4.552
2023-11-29,4.552
2023-11-30,4.552
2023-12-01,4.555
2023-12-02,4.555
2023-12-03,4.555
2023-12-04,4.555
2023-12-05,4.555
2023-12-06,4.555
2023-12-07,4.555
2023-12-08,4.555
2023-12-09,4.555
2023-12-10,4.555
2023-12-11,4.555
2023-12-12,4.555
2023-12-13,4.548
2023-12-14,4.548
2023-12-15,4.548
2023-12-16,4.548
2023-12-17,4.548
2023-12-18,4.548
2023-12-19,4.548
2023-12-20,4.546
2023-12-21,4.548
2023-12-22,4.548
2023-12-23,4.548
2023-12-24,4.548
2023-12-25,4.548
2023-12-26,4.548
2023-12-27,4.548
2023-12-28,4.548
2023-12-29,4.548
2023-12-30,4.548
2023-12-31,4.548
2024-01-01,4.548
2024-01-02,4.548
2024-01-03,4.559
2024-01-04,4.549
2024-01-05,4.559
2024-01-06,4.559
2024-01-07,4.559
2024-01-08,4.559
2024-01-09,4.559
2024-01-10,4.559
2024-01-11,4.559
2024-01-12,4.559
2024-01-13,4.559
2024-01-14,4.559
2024-01-15,4.559
2024-01-16,4.562
2024-01-17,4.562
2024-01-18,4.562
2024-01-19,4.562
2024-01-20,4.562
2024-01-21,4.562
2024-01-22,4.562
2024-01-23,4.562
2024-01-24,4.562
2024-01-25,4.571
2024-01-26,4.571
2024-01-27,4.571
2024-01-28,4.571
2024-01-29,4.571
2024-01-30,4.571
2024-01-31,4.571
2024-02-01,4.571
2024-02-02,4.571
2024-02-03,4.571
2024-02-04,4.571
2024-02-05,4.556
2024-02-06,4.556
2024-02-07,4.556
2024-02-08,4.551
2024-02-09,4.551
2024-02-10,4.551
2024-02-11,4.551
2024-02-12,4.551
2024-02-13,4.551
2024-02-14,4.551
2024-02-15,4.551
2024-02-16,4.551
2024-02-17,4.551
2024-02-18,4.551
2024-02-19,4.551
2024-02-20,4.551
2024-02-21,4.551
2024-02-22,4.551
2024-02-23,4.551
2024-02-24,4.551
2024-02-25,4.551
2024-02-26,4.544
2024-02-27,4.544
2024-02-28,4.521
2024-02-29,4.512
2024-03-01,4.518
2024-03-02,4.514
2024-03-03,4.514
2024-03-04,4.514
2024-03-05,4.514
2024-03-06,4.514
2024-03-07,4.514
2024-03-08,4.514
2024-03-09,4.514
2024-03-10,4.514
2024-03-11,4.518
2024-03-12,4.518
2024-03-13,4.517
2024-03-14,4.517
2024-03-15,4.517
2024-03-16,4.517
2024-03-17,4.517
2024-03-18,4.518
2024-03-19,4.518
2024-03-20,4.518
2024-03-21,4.518
2024-03-22,4.518
2024-03-23,4.518
2024-03-24,4.518
2024-03-25,4.518
2024-03-26,4.518
2024-03-27,4.518
2024-03-28,4.518
2024-03-29,4.518
2024-03-30,4.518
2024-03-31,4.518
2024-04-01,4.518
2024-04-02,4.518
2024-04-03,4.518
2024-04-04,4.518
2024-04-05,4.518
2024-04-06,4.518
2024-04-07,4.518
2024-04-08,4.517
2024-04-09,4.517
2024-04-10,4.517
2024-04-11,4.517
2024-04-12,4.517
2024-04-13,4.517
2024-04-14,4.517
2024-04-15,4.517
2024-04-16,4.517
2024-04-17,4.517
2024-04-18,4.517
2024-04-19,4.517
2024-04-20,4.517
2024-04-21,4.517
2024-04-22,4.517
2024-04-23,4.517
2024-04-24,4.517
2024-04-25,4.52
2024-04-26,4.52
2024-04-27,4.52
2024-04-28,4.52
2024-04-29,4.52
2024-04-30,4.52
2024-05-01,4.52
