,INTC US Equity
,BEST_EPS
2020-01-01,
2020-01-02,
2020-01-03,
2020-01-04,
2020-01-05,
2020-01-06,
2020-01-07,
2020-01-08,
2020-01-09,
2020-01-10,
2020-01-11,
2020-01-12,
2020-01-13,
2020-01-14,
2020-01-15,
2020-01-16,
2020-01-17,
2020-01-18,
2020-01-19,
2020-01-20,
2020-01-21,
2020-01-22,
2020-01-23,
2020-01-24,
2020-01-25,
2020-01-26,
2020-01-27,
2020-01-28,
2020-01-29,
2020-01-30,
2020-01-31,
2020-02-01,
2020-02-02,
2020-02-03,
2020-02-04,
2020-02-05,
2020-02-06,
2020-02-07,
2020-02-08,
2020-02-09,
2020-02-10,
2020-02-11,
2020-02-12,
2020-02-13,
2020-02-14,
2020-02-15,
2020-02-16,
2020-02-17,
2020-02-18,
2020-02-19,
2020-02-20,
2020-02-21,
2020-02-22,
2020-02-23,
2020-02-24,
2020-02-25,
2020-02-26,
2020-02-27,
2020-02-28,
2020-02-29,
2020-03-01,
2020-03-02,
2020-03-03,
2020-03-04,
2020-03-05,
2020-03-06,
2020-03-07,
2020-03-08,
2020-03-09,
2020-03-10,
2020-03-11,
2020-03-12,
2020-03-13,
2020-03-14,
2020-03-15,
2020-03-16,
2020-03-17,
2020-03-18,
2020-03-19,
2020-03-20,
2020-03-21,
2020-03-22,
2020-03-23,
2020-03-24,
2020-03-25,
2020-03-26,
2020-03-27,
2020-03-28,
2020-03-29,
2020-03-30,
2020-03-31,
2020-04-01,
2020-04-02,
2020-04-03,
2020-04-04,
2020-04-05,
2020-04-06,
2020-04-07,
2020-04-08,
2020-04-09,
2020-04-10,
2020-04-11,
2020-04-12,
2020-04-13,
2020-04-14,
2020-04-15,
2020-04-16,
2020-04-17,
2020-04-18,
2020-04-19,
2020-04-20,
2020-04-21,
2020-04-22,
2020-04-23,
2020-04-24,
2020-04-25,
2020-04-26,
2020-04-27,
2020-04-28,
2020-04-29,
2020-04-30,
2020-05-01,
2020-05-02,
2020-05-03,
2020-05-04,
2020-05-05,
2020-05-06,
2020-05-07,
2020-05-08,
2020-05-09,
2020-05-10,
2020-05-11,
2020-05-12,
2020-05-13,
2020-05-14,
2020-05-15,
2020-05-16,
2020-05-17,
2020-05-18,
2020-05-19,
2020-05-20,
2020-05-21,
2020-05-22,
2020-05-23,
2020-05-24,
2020-05-25,
2020-05-26,
2020-05-27,
2020-05-28,
2020-05-29,
2020-05-30,
2020-05-31,
2020-06-01,
2020-06-02,
2020-06-03,
2020-06-04,
2020-06-05,
2020-06-06,
2020-06-07,
2020-06-08,
2020-06-09,
2020-06-10,
2020-06-11,
2020-06-12,
2020-06-13,
2020-06-14,
2020-06-15,
2020-06-16,
2020-06-17,
2020-06-18,
2020-06-19,
2020-06-20,
2020-06-21,
2020-06-22,
2020-06-23,
2020-06-24,
2020-06-25,
2020-06-26,
2020-06-27,
2020-06-28,
2020-06-29,
2020-06-30,
2020-07-01,
2020-07-02,
2020-07-03,
2020-07-04,
2020-07-05,
2020-07-06,
2020-07-07,
2020-07-08,
2020-07-09,
2020-07-10,
2020-07-11,
2020-07-12,
2020-07-13,
2020-07-14,
2020-07-15,
2020-07-16,
2020-07-17,
2020-07-18,
2020-07-19,
2020-07-20,
2020-07-21,
2020-07-22,
2020-07-23,
2020-07-24,6.53
2020-07-25,6.53
2020-07-26,6.53
2020-07-27,6.53
2020-07-28,6.53
2020-07-29,6.53
2020-07-30,6.53
2020-07-31,6.53
2020-08-01,6.53
2020-08-02,6.53
2020-08-03,6.53
2020-08-04,6.53
2020-08-05,6.53
2020-08-06,6.53
2020-08-07,6.53
2020-08-08,6.53
2020-08-09,6.53
2020-08-10,6.53
2020-08-11,6.53
2020-08-12,6.53
2020-08-13,6.53
2020-08-14,6.53
2020-08-15,6.53
2020-08-16,6.53
2020-08-17,6.53
2020-08-18,6.53
2020-08-19,6.53
2020-08-20,6.53
2020-08-21,6.53
2020-08-22,6.53
2020-08-23,6.53
2020-08-24,6.53
2020-08-25,6.53
2020-08-26,6.53
2020-08-27,6.53
2020-08-28,6.53
2020-08-29,6.53
2020-08-30,6.53
2020-08-31,6.53
2020-09-01,6.53
2020-09-02,6.53
2020-09-03,6.53
2020-09-04,6.53
2020-09-05,6.53
2020-09-06,6.53
2020-09-07,6.53
2020-09-08,6.53
2020-09-09,6.53
2020-09-10,6.53
2020-09-11,6.53
2020-09-12,6.53
2020-09-13,6.53
2020-09-14,6.53
2020-09-15,6.53
2020-09-16,6.53
2020-09-17,6.53
2020-09-18,6.53
2020-09-19,6.53
2020-09-20,6.53
2020-09-21,6.53
2020-09-22,6.53
2020-09-23,6.53
2020-09-24,6.53
2020-09-25,6.53
2020-09-26,6.53
2020-09-27,6.53
2020-09-28,6.53
2020-09-29,6.53
2020-09-30,6.53
2020-10-01,6.53
2020-10-02,6.53
2020-10-03,6.53
2020-10-04,6.53
2020-10-05,6.53
2020-10-06,6.53
2020-10-07,6.53
2020-10-08,6.53
2020-10-09,6.53
2020-10-10,6.53
2020-10-11,6.53
2020-10-12,6.53
2020-10-13,6.53
2020-10-14,6.53
2020-10-15,6.53
2020-10-16,6.53
2020-10-17,6.53
2020-10-18,6.53
2020-10-19,6.53
2020-10-20,6.53
2020-10-21,6.53
2020-10-22,6.53
2020-10-23,6.47
2020-10-24,6.47
2020-10-25,6.47
2020-10-26,6.47
2020-10-27,6.47
2020-10-28,6.47
2020-10-29,6.47
2020-10-30,6.47
2020-10-31,6.47
2020-11-01,6.47
2020-11-02,6.47
2020-11-03,6.47
2020-11-04,6.47
2020-11-05,6.47
2020-11-06,6.47
2020-11-07,6.47
2020-11-08,6.47
2020-11-09,6.47
2020-11-10,6.47
2020-11-11,6.47
2020-11-12,6.47
2020-11-13,6.47
2020-11-14,6.47
2020-11-15,6.47
2020-11-16,6.47
2020-11-17,6.47
2020-11-18,6.47
2020-11-19,6.47
2020-11-20,6.47
2020-11-21,6.47
2020-11-22,6.47
2020-11-23,6.47
2020-11-24,6.47
2020-11-25,6.47
2020-11-26,6.47
2020-11-27,6.47
2020-11-28,6.47
2020-11-29,6.47
2020-11-30,6.47
2020-12-01,6.47
2020-12-02,6.47
2020-12-03,6.47
2020-12-04,6.47
2020-12-05,6.47
2020-12-06,6.47
2020-12-07,6.47
2020-12-08,6.47
2020-12-09,6.47
2020-12-10,6.47
2020-12-11,6.47
2020-12-12,6.47
2020-12-13,6.47
2020-12-14,6.47
2020-12-15,6.47
2020-12-16,6.47
2020-12-17,6.47
2020-12-18,6.47
2020-12-19,6.47
2020-12-20,6.47
2020-12-21,6.47
2020-12-22,6.47
2020-12-23,6.47
2020-12-24,6.47
2020-12-25,6.47
2020-12-26,6.47
2020-12-27,6.47
2020-12-28,6.47
2020-12-29,6.47
2020-12-30,6.47
2020-12-31,6.47
2021-01-01,6.47
2021-01-02,6.47
2021-01-03,6.47
2021-01-04,6.47
2021-01-05,6.03
2021-01-06,6.03
2021-01-07,6.03
2021-01-08,6.03
2021-01-09,6.03
2021-01-10,6.03
2021-01-11,6.03
2021-01-12,6.03
2021-01-13,6.03
2021-01-14,6.03
2021-01-15,6.03
2021-01-16,6.03
2021-01-17,6.03
2021-01-18,6.03
2021-01-19,6.03
2021-01-20,6.03
2021-01-21,6.03
2021-01-22,5.855
2021-01-23,5.35
2021-01-24,5.35
2021-01-25,5.35
2021-01-26,5.35
2021-01-27,5.35
2021-01-28,5.35
2021-01-29,5.35
2021-01-30,5.35
2021-01-31,5.35
2021-02-01,5.35
2021-02-02,5.35
2021-02-03,5.35
2021-02-04,5.35
2021-02-05,5.35
2021-02-06,5.35
2021-02-07,5.35
2021-02-08,5.35
2021-02-09,5.35
2021-02-10,5.35
2021-02-11,5.35
2021-02-12,5.35
2021-02-13,5.35
2021-02-14,5.35
2021-02-15,5.35
2021-02-16,5.35
2021-02-17,5.35
2021-02-18,5.35
2021-02-19,5.35
2021-02-20,5.35
2021-02-21,5.35
2021-02-22,5.35
2021-02-23,5.35
2021-02-24,5.35
2021-02-25,5.35
2021-02-26,5.35
2021-02-27,5.35
2021-02-28,5.35
2021-03-01,5.35
2021-03-02,5.35
2021-03-03,5.35
2021-03-04,5.35
2021-03-05,5.35
2021-03-06,5.35
2021-03-07,5.35
2021-03-08,5.35
2021-03-09,5.35
2021-03-10,5.35
2021-03-11,5.35
2021-03-12,5.35
2021-03-13,5.35
2021-03-14,5.35
2021-03-15,5.35
2021-03-16,5.35
2021-03-17,5.35
2021-03-18,5.35
2021-03-19,5.35
2021-03-20,5.35
2021-03-21,5.35
2021-03-22,5.35
2021-03-23,5.35
2021-03-24,5.35
2021-03-25,5.35
2021-03-26,5.35
2021-03-27,5.35
2021-03-28,5.35
2021-03-29,5.35
2021-03-30,5.35
2021-03-31,5.35
2021-04-01,5.35
2021-04-02,5.35
2021-04-03,5.35
2021-04-04,5.35
2021-04-05,5.35
2021-04-06,5.35
2021-04-07,5.35
2021-04-08,5.35
2021-04-09,5.35
2021-04-10,5.35
2021-04-11,5.35
2021-04-12,5.35
2021-04-13,5.35
2021-04-14,5.35
2021-04-15,5.385
2021-04-16,5.385
2021-04-17,5.385
2021-04-18,5.385
2021-04-19,5.385
2021-04-20,5.385
2021-04-21,5.385
2021-04-22,5.385
2021-04-23,4.91
2021-04-24,4.91
2021-04-25,4.91
2021-04-26,4.91
2021-04-27,4.91
2021-04-28,4.91
2021-04-29,4.91
2021-04-30,4.99
2021-05-01,4.99
2021-05-02,4.99
2021-05-03,4.99
2021-05-04,4.99
2021-05-05,4.99
2021-05-06,4.99
2021-05-07,4.99
2021-05-08,4.99
2021-05-09,4.99
2021-05-10,4.99
2021-05-11,4.99
2021-05-12,4.99
2021-05-13,4.99
2021-05-14,4.99
2021-05-15,4.99
2021-05-16,4.99
2021-05-17,4.99
2021-05-18,4.99
2021-05-19,4.99
2021-05-20,4.99
2021-05-21,4.99
2021-05-22,4.99
2021-05-23,4.99
2021-05-24,4.99
2021-05-25,4.99
2021-05-26,4.99
2021-05-27,4.99
2021-05-28,4.99
2021-05-29,4.99
2021-05-30,4.99
2021-05-31,4.99
2021-06-01,4.99
2021-06-02,4.99
2021-06-03,4.99
2021-06-04,4.99
2021-06-05,4.99
2021-06-06,4.99
2021-06-07,4.99
2021-06-08,4.99
2021-06-09,4.99
2021-06-10,4.99
2021-06-11,4.99
2021-06-12,4.99
2021-06-13,4.99
2021-06-14,4.99
2021-06-15,4.99
2021-06-16,4.99
2021-06-17,4.99
2021-06-18,4.99
2021-06-19,4.99
2021-06-20,4.99
2021-06-21,4.99
2021-06-22,4.99
2021-06-23,4.99
2021-06-24,4.99
2021-06-25,4.99
2021-06-26,4.99
2021-06-27,4.99
2021-06-28,4.99
2021-06-29,4.99
2021-06-30,4.493
2021-07-01,4.493
2021-07-02,4.493
2021-07-03,4.493
2021-07-04,4.493
2021-07-05,4.493
2021-07-06,4.493
2021-07-07,4.493
2021-07-08,4.493
2021-07-09,4.493
2021-07-10,4.493
2021-07-11,4.493
2021-07-12,4.493
2021-07-13,4.493
2021-07-14,4.493
2021-07-15,4.493
2021-07-16,4.493
2021-07-17,4.493
2021-07-18,4.493
2021-07-19,4.493
2021-07-20,4.493
2021-07-21,4.493
2021-07-22,4.493
2021-07-23,4.37
2021-07-24,4.363
2021-07-25,4.363
2021-07-26,4.363
2021-07-27,4.363
2021-07-28,4.363
2021-07-29,4.363
2021-07-30,4.363
2021-07-31,4.363
2021-08-01,4.363
2021-08-02,4.363
2021-08-03,4.363
2021-08-04,4.363
2021-08-05,4.363
2021-08-06,4.363
2021-08-07,4.363
2021-08-08,4.363
2021-08-09,4.363
2021-08-10,4.363
2021-08-11,4.363
2021-08-12,4.363
2021-08-13,4.363
2021-08-14,4.377
2021-08-15,4.377
2021-08-16,4.377
2021-08-17,4.377
2021-08-18,4.377
2021-08-19,4.377
2021-08-20,4.377
2021-08-21,4.377
2021-08-22,4.377
2021-08-23,4.377
2021-08-24,4.377
2021-08-25,4.377
2021-08-26,4.377
2021-08-27,4.377
2021-08-28,4.377
2021-08-29,4.377
2021-08-30,4.377
2021-08-31,4.377
2021-09-01,4.377
2021-09-02,4.377
2021-09-03,4.377
2021-09-04,4.377
2021-09-05,4.377
2021-09-06,4.377
2021-09-07,4.377
2021-09-08,4.377
2021-09-09,4.377
2021-09-10,4.377
2021-09-11,4.377
2021-09-12,4.377
2021-09-13,4.377
2021-09-14,4.377
2021-09-15,4.377
2021-09-16,4.377
2021-09-17,4.377
2021-09-18,4.377
2021-09-19,4.377
2021-09-20,4.377
2021-09-21,4.377
2021-09-22,4.377
2021-09-23,4.377
2021-09-24,4.377
2021-09-25,4.377
2021-09-26,4.377
2021-09-27,4.377
2021-09-28,4.377
2021-09-29,4.377
2021-09-30,4.377
2021-10-01,4.377
2021-10-02,4.377
2021-10-03,4.377
2021-10-04,4.377
2021-10-05,4.377
2021-10-06,4.377
2021-10-07,4.377
2021-10-08,4.377
2021-10-09,4.377
2021-10-10,4.377
2021-10-11,4.377
2021-10-12,4.377
2021-10-13,4.377
2021-10-14,4.377
2021-10-15,4.377
2021-10-16,4.377
2021-10-17,4.377
2021-10-18,4.377
2021-10-19,4.377
2021-10-20,4.377
2021-10-21,4.197
2021-10-22,4.063
2021-10-23,4.063
2021-10-24,4.063
2021-10-25,4.063
2021-10-26,4.063
2021-10-27,4.063
2021-10-28,4.063
2021-10-29,4.063
2021-10-30,4.063
2021-10-31,4.063
2021-11-01,4.063
2021-11-02,4.063
2021-11-03,4.063
2021-11-04,4.063
2021-11-05,4.063
2021-11-06,4.063
2021-11-07,4.063
2021-11-08,4.063
2021-11-09,4.063
2021-11-10,4.063
2021-11-11,4.063
2021-11-12,4.063
2021-11-13,4.063
2021-11-14,4.063
2021-11-15,4.063
2021-11-16,4.063
2021-11-17,4.063
2021-11-18,4.063
2021-11-19,4.063
2021-11-20,4.063
2021-11-21,4.063
2021-11-22,4.063
2021-11-23,4.063
2021-11-24,4.063
2021-11-25,4.063
2021-11-26,4.063
2021-11-27,4.063
2021-11-28,4.063
2021-11-29,4.063
2021-11-30,4.063
2021-12-01,4.063
2021-12-02,4.063
2021-12-03,4.063
2021-12-04,4.063
2021-12-05,4.063
2021-12-06,4.063
2021-12-07,4.063
2021-12-08,4.063
2021-12-09,4.063
2021-12-10,4.063
2021-12-11,4.063
2021-12-12,4.063
2021-12-13,4.063
2021-12-14,4.063
2021-12-15,4.063
2021-12-16,4.063
2021-12-17,4.063
2021-12-18,4.063
2021-12-19,4.063
2021-12-20,4.063
2021-12-21,4.063
2021-12-22,4.063
2021-12-23,4.063
2021-12-24,4.063
2021-12-25,4.063
2021-12-26,4.063
2021-12-27,4.063
2021-12-28,4.063
2021-12-29,4.063
2021-12-30,4.063
2021-12-31,4.063
2022-01-01,4.063
2022-01-02,4.063
2022-01-03,4.063
2022-01-04,4.063
2022-01-05,4.063
2022-01-06,4.063
2022-01-07,4.063
2022-01-08,4.063
2022-01-09,4.063
2022-01-10,4.063
2022-01-11,4.063
2022-01-12,4.063
2022-01-13,4.063
2022-01-14,4.063
2022-01-15,4.063
2022-01-16,4.063
2022-01-17,4.063
2022-01-18,4.063
2022-01-19,4.063
2022-01-20,4.063
2022-01-21,4.063
2022-01-22,4.063
2022-01-23,4.063
2022-01-24,4.063
2022-01-25,4.063
2022-01-26,3.95
2022-01-27,4.041
2022-01-28,4.008
2022-01-29,4.008
2022-01-30,4.008
2022-01-31,4.008
2022-02-01,4.008
2022-02-02,4.008
2022-02-03,4.008
2022-02-04,4.008
2022-02-05,4.008
2022-02-06,4.008
2022-02-07,4.008
2022-02-08,4.008
2022-02-09,4.008
2022-02-10,4.008
2022-02-11,4.008
2022-02-12,4.008
2022-02-13,4.008
2022-02-14,4.008
2022-02-15,4.008
2022-02-16,4.008
2022-02-17,4.008
2022-02-18,3.981
2022-02-19,3.981
2022-02-20,3.981
2022-02-21,3.969
2022-02-22,3.969
2022-02-23,3.913
2022-02-24,3.913
2022-02-25,3.913
2022-02-26,3.913
2022-02-27,3.913
2022-02-28,3.913
2022-03-01,3.913
2022-03-02,3.913
2022-03-03,3.938
2022-03-04,3.938
2022-03-05,3.938
2022-03-06,3.938
2022-03-07,3.938
2022-03-08,3.938
2022-03-09,3.938
2022-03-10,3.938
2022-03-11,3.938
2022-03-12,3.938
2022-03-13,3.938
2022-03-14,3.938
2022-03-15,3.938
2022-03-16,3.936
2022-03-17,3.936
2022-03-18,3.936
2022-03-19,3.936
2022-03-20,3.936
2022-03-21,3.936
2022-03-22,3.936
2022-03-23,3.936
2022-03-24,3.936
2022-03-25,3.936
2022-03-26,3.936
2022-03-27,3.875
2022-03-28,3.875
2022-03-29,3.875
2022-03-30,3.875
2022-03-31,3.875
2022-04-01,3.875
2022-04-02,3.875
2022-04-03,3.875
2022-04-04,3.875
2022-04-05,3.875
2022-04-06,3.875
2022-04-07,3.875
2022-04-08,3.875
2022-04-09,3.875
2022-04-10,3.875
2022-04-11,3.875
2022-04-12,3.875
2022-04-13,3.875
2022-04-14,3.875
2022-04-15,3.875
2022-04-16,3.875
2022-04-17,3.875
2022-04-18,3.759
2022-04-19,3.759
2022-04-20,3.759
2022-04-21,3.759
2022-04-22,3.761
2022-04-23,3.761
2022-04-24,3.761
2022-04-25,3.761
2022-04-26,3.761
2022-04-27,3.761
2022-04-28,3.751
2022-04-29,3.666
2022-04-30,3.634
2022-05-01,3.634
2022-05-02,3.634
2022-05-03,3.631
2022-05-04,3.631
2022-05-05,3.631
2022-05-06,3.631
2022-05-07,3.631
2022-05-08,3.631
2022-05-09,3.631
2022-05-10,3.631
2022-05-11,3.641
2022-05-12,3.641
2022-05-13,3.641
2022-05-14,3.641
2022-05-15,3.641
2022-05-16,3.641
2022-05-17,3.641
2022-05-18,3.641
2022-05-19,3.641
2022-05-20,3.641
2022-05-21,3.641
2022-05-22,3.641
2022-05-23,3.641
2022-05-24,3.641
2022-05-25,3.641
2022-05-26,3.641
2022-05-27,3.641
2022-05-28,3.641
2022-05-29,3.641
2022-05-30,3.641
2022-05-31,3.641
2022-06-01,3.641
2022-06-02,3.641
2022-06-03,3.641
2022-06-04,3.599
2022-06-05,3.599
2022-06-06,3.598
2022-06-07,3.598
2022-06-08,3.598
2022-06-09,3.598
2022-06-10,3.598
2022-06-11,3.598
2022-06-12,3.598
2022-06-13,3.694
2022-06-14,3.694
2022-06-15,3.694
2022-06-16,3.694
2022-06-17,3.694
2022-06-18,3.694
2022-06-19,3.694
2022-06-20,3.694
2022-06-21,3.694
2022-06-22,3.694
2022-06-23,3.694
2022-06-24,3.694
2022-06-25,3.694
2022-06-26,3.694
2022-06-27,3.694
2022-06-28,3.694
2022-06-29,3.694
2022-06-30,3.694
2022-07-01,3.675
2022-07-02,3.675
2022-07-03,3.675
2022-07-04,3.675
2022-07-05,3.675
2022-07-06,3.675
2022-07-07,3.675
2022-07-08,3.675
2022-07-09,3.675
2022-07-10,3.675
2022-07-11,3.675
2022-07-12,3.675
2022-07-13,3.675
2022-07-14,3.675
2022-07-15,3.603
2022-07-16,3.603
2022-07-17,3.603
2022-07-18,3.603
2022-07-19,3.586
2022-07-20,3.586
2022-07-21,3.566
2022-07-22,3.566
2022-07-23,3.566
2022-07-24,3.566
2022-07-25,3.572
2022-07-26,3.572
2022-07-27,3.572
2022-07-28,3.382
2022-07-29,3.037
2022-07-30,2.953
2022-07-31,2.953
2022-08-01,2.906
2022-08-02,2.906
2022-08-03,2.906
2022-08-04,2.906
2022-08-05,2.906
2022-08-06,2.906
2022-08-07,2.906
2022-08-08,2.906
2022-08-09,2.906
2022-08-10,2.906
2022-08-11,2.906
2022-08-12,2.901
2022-08-13,2.901
2022-08-14,2.901
2022-08-15,2.901
2022-08-16,2.901
2022-08-17,2.901
2022-08-18,2.901
2022-08-19,2.901
2022-08-20,2.901
2022-08-21,2.901
2022-08-22,2.901
2022-08-23,2.901
2022-08-24,2.901
2022-08-25,2.901
2022-08-26,2.901
2022-08-27,2.901
2022-08-28,2.901
2022-08-29,2.901
2022-08-30,2.759
2022-08-31,2.759
2022-09-01,2.641
2022-09-02,2.641
2022-09-03,2.641
2022-09-04,2.641
2022-09-05,2.641
2022-09-06,2.641
2022-09-07,2.61
2022-09-08,2.61
2022-09-09,2.61
2022-09-10,2.61
2022-09-11,2.61
2022-09-12,2.61
2022-09-13,2.61
2022-09-14,2.61
2022-09-15,2.61
2022-09-16,2.61
2022-09-17,2.61
2022-09-18,2.61
2022-09-19,2.61
2022-09-20,2.61
2022-09-21,2.61
2022-09-22,2.61
2022-09-23,2.61
2022-09-24,2.61
2022-09-25,2.61
2022-09-26,2.61
2022-09-27,2.61
2022-09-28,2.61
2022-09-29,2.61
2022-09-30,2.61
2022-10-01,2.61
2022-10-02,2.61
2022-10-03,2.581
2022-10-04,2.581
2022-10-05,2.581
2022-10-06,2.581
2022-10-07,2.574
2022-10-08,2.574
2022-10-09,2.508
2022-10-10,2.544
2022-10-11,2.526
2022-10-12,2.515
2022-10-13,2.517
2022-10-14,2.542
2022-10-15,2.542
2022-10-16,2.542
2022-10-17,2.504
2022-10-18,2.504
2022-10-19,2.504
2022-10-20,2.504
2022-10-21,2.504
2022-10-22,2.504
2022-10-23,2.507
2022-10-24,2.453
2022-10-25,2.453
2022-10-26,2.453
2022-10-27,2.49
2022-10-28,2.51
2022-10-29,2.51
2022-10-30,2.51
2022-10-31,2.506
2022-11-01,2.506
2022-11-02,2.506
2022-11-03,2.506
2022-11-04,2.55
2022-11-05,2.55
2022-11-06,2.547
2022-11-07,2.547
2022-11-08,2.547
2022-11-09,2.547
2022-11-10,2.547
2022-11-11,2.547
2022-11-12,2.547
2022-11-13,2.547
2022-11-14,2.547
2022-11-15,2.55
2022-11-16,2.55
2022-11-17,2.55
2022-11-18,2.55
2022-11-19,2.55
2022-11-20,2.55
2022-11-21,2.458
2022-11-22,2.426
2022-11-23,2.44
2022-11-24,2.44
2022-11-25,2.44
2022-11-26,2.44
2022-11-27,2.44
2022-11-28,2.44
2022-11-29,2.44
2022-11-30,2.44
2022-12-01,2.44
2022-12-02,2.44
2022-12-03,2.44
2022-12-04,2.44
2022-12-05,2.44
2022-12-06,2.44
2022-12-07,2.44
2022-12-08,2.44
2022-12-09,2.44
2022-12-10,2.44
2022-12-11,2.44
2022-12-12,2.423
2022-12-13,2.417
2022-12-14,2.417
2022-12-15,2.481
2022-12-16,2.481
2022-12-17,2.481
2022-12-18,2.481
2022-12-19,2.481
2022-12-20,2.481
2022-12-21,2.481
2022-12-22,2.481
2022-12-23,2.481
2022-12-24,2.481
2022-12-25,2.481
2022-12-26,2.481
2022-12-27,2.481
2022-12-28,2.481
2022-12-29,2.481
2022-12-30,2.481
2022-12-31,2.481
2023-01-01,2.481
2023-01-02,2.481
2023-01-03,2.481
2023-01-04,2.481
2023-01-05,2.481
2023-01-06,2.481
2023-01-07,2.481
2023-01-08,2.481
2023-01-09,2.481
2023-01-10,2.481
2023-01-11,2.481
2023-01-12,2.451
2023-01-13,2.45
2023-01-14,2.45
2023-01-15,2.45
2023-01-16,2.445
2023-01-17,2.438
2023-01-18,2.435
2023-01-19,2.418
2023-01-20,2.405
2023-01-21,2.405
2023-01-22,2.395
2023-01-23,2.371
2023-01-24,2.368
2023-01-25,2.368
2023-01-26,2.016
2023-01-27,1.883
2023-01-28,1.883
2023-01-29,1.883
2023-01-30,1.861
2023-01-31,1.814
2023-02-01,1.793
2023-02-02,1.792
2023-02-03,1.792
2023-02-04,1.792
2023-02-05,1.792
2023-02-06,1.792
2023-02-07,1.792
2023-02-08,1.753
2023-02-09,1.753
2023-02-10,1.753
2023-02-11,1.753
2023-02-12,1.771
2023-02-13,1.771
2023-02-14,1.771
2023-02-15,1.771
2023-02-16,1.771
2023-02-17,1.771
2023-02-18,1.771
2023-02-19,1.771
2023-02-20,1.771
2023-02-21,1.771
2023-02-22,1.772
2023-02-23,1.767
2023-02-24,1.767
2023-02-25,1.767
2023-02-26,1.767
2023-02-27,1.767
2023-02-28,1.767
2023-03-01,1.767
2023-03-02,1.772
2023-03-03,1.772
2023-03-04,1.772
2023-03-05,1.772
2023-03-06,1.772
2023-03-07,1.772
2023-03-08,1.772
2023-03-09,1.772
2023-03-10,1.772
2023-03-11,1.766
2023-03-12,1.766
2023-03-13,1.766
2023-03-14,1.766
2023-03-15,1.766
2023-03-16,1.766
2023-03-17,1.766
2023-03-18,1.766
2023-03-19,1.766
2023-03-20,1.766
2023-03-21,1.766
2023-03-22,1.766
2023-03-23,1.766
2023-03-24,1.766
2023-03-25,1.766
2023-03-26,1.766
2023-03-27,1.766
2023-03-28,1.766
2023-03-29,1.766
2023-03-30,1.77
2023-03-31,1.768
2023-04-01,1.768
2023-04-02,1.768
2023-04-03,1.768
2023-04-04,1.79
2023-04-05,1.79
2023-04-06,1.79
2023-04-07,1.79
2023-04-08,1.79
2023-04-09,1.79
2023-04-10,1.79
2023-04-11,1.787
2023-04-12,1.784
2023-04-13,1.784
2023-04-14,1.784
2023-04-15,1.784
2023-04-16,1.784
2023-04-17,1.785
2023-04-18,1.785
2023-04-19,1.784
2023-04-20,1.784
2023-04-21,1.784
2023-04-22,1.784
2023-04-23,1.784
2023-04-24,1.803
2023-04-25,1.803
2023-04-26,1.784
2023-04-27,1.676
2023-04-28,1.662
2023-04-29,1.662
2023-04-30,1.662
2023-05-01,1.65
2023-05-02,1.65
2023-05-03,1.647
2023-05-04,1.655
2023-05-05,1.647
2023-05-06,1.647
2023-05-07,1.647
2023-05-08,1.647
2023-05-09,1.653
2023-05-10,1.655
2023-05-11,1.655
2023-05-12,1.655
2023-05-13,1.655
2023-05-14,1.655
2023-05-15,1.655
2023-05-16,1.655
2023-05-17,1.655
2023-05-18,1.655
2023-05-19,1.634
2023-05-20,1.634
2023-05-21,1.634
2023-05-22,1.634
2023-05-23,1.634
2023-05-24,1.616
2023-05-25,1.616
2023-05-26,1.616
2023-05-27,1.616
2023-05-28,1.616
2023-05-29,1.616
2023-05-30,1.616
2023-05-31,1.616
2023-06-01,1.616
2023-06-02,1.616
2023-06-03,1.616
2023-06-04,1.616
2023-06-05,1.616
2023-06-06,1.616
2023-06-07,1.643
2023-06-08,1.643
2023-06-09,1.643
2023-06-10,1.643
2023-06-11,1.643
2023-06-12,1.641
2023-06-13,1.642
2023-06-14,1.642
2023-06-15,1.642
2023-06-16,1.642
2023-06-17,1.642
2023-06-18,1.642
2023-06-19,1.642
2023-06-20,1.644
2023-06-21,1.648
2023-06-22,1.648
2023-06-23,1.648
2023-06-24,1.648
2023-06-25,1.648
2023-06-26,1.648
2023-06-27,1.648
2023-06-28,1.648
2023-06-29,1.648
2023-06-30,1.648
2023-07-01,1.648
2023-07-02,1.648
2023-07-03,1.648
2023-07-04,1.648
2023-07-05,1.648
2023-07-06,1.648
2023-07-07,1.648
2023-07-08,1.648
2023-07-09,1.648
2023-07-10,1.648
2023-07-11,1.648
2023-07-12,1.648
2023-07-13,1.675
2023-07-14,1.675
2023-07-15,1.675
2023-07-16,1.679
2023-07-17,1.679
2023-07-18,1.68
2023-07-19,1.663
2023-07-20,1.664
2023-07-21,1.664
2023-07-22,1.664
2023-07-23,1.663
2023-07-24,1.663
2023-07-25,1.66
2023-07-26,1.66
2023-07-27,1.695
2023-07-28,1.682
2023-07-29,1.682
2023-07-30,1.682
2023-07-31,1.695
2023-08-01,1.696
2023-08-02,1.696
2023-08-03,1.696
2023-08-04,1.696
2023-08-05,1.696
2023-08-06,1.696
2023-08-07,1.696
2023-08-08,1.696
2023-08-09,1.696
2023-08-10,1.692
2023-08-11,1.692
2023-08-12,1.692
2023-08-13,1.692
2023-08-14,1.692
2023-08-15,1.692
2023-08-16,1.692
2023-08-17,1.692
2023-08-18,1.692
2023-08-19,1.692
2023-08-20,1.692
2023-08-21,1.692
2023-08-22,1.692
2023-08-23,1.702
2023-08-24,1.702
2023-08-25,1.702
2023-08-26,1.702
2023-08-27,1.702
2023-08-28,1.702
2023-08-29,1.702
2023-08-30,1.702
2023-08-31,1.702
2023-09-01,1.745
2023-09-02,1.745
2023-09-03,1.745
2023-09-04,1.745
2023-09-05,1.745
2023-09-06,1.745
2023-09-07,1.745
2023-09-08,1.745
2023-09-09,1.745
2023-09-10,1.745
2023-09-11,1.745
2023-09-12,1.744
2023-09-13,1.744
2023-09-14,1.744
2023-09-15,1.744
2023-09-16,1.744
2023-09-17,1.744
2023-09-18,1.744
2023-09-19,1.744
2023-09-20,1.744
2023-09-21,1.741
2023-09-22,1.741
2023-09-23,1.741
2023-09-24,1.741
2023-09-25,1.741
2023-09-26,1.741
2023-09-27,1.734
2023-09-28,1.734
2023-09-29,1.734
2023-09-30,1.734
2023-10-01,1.734
2023-10-02,1.727
2023-10-03,1.727
2023-10-04,1.727
2023-10-05,1.721
2023-10-06,1.721
2023-10-07,1.721
2023-10-08,1.721
2023-10-09,1.721
2023-10-10,1.721
2023-10-11,1.721
2023-10-12,1.717
2023-10-13,1.717
2023-10-14,1.717
2023-10-15,1.717
2023-10-16,1.717
2023-10-17,1.717
2023-10-18,1.712
2023-10-19,1.712
2023-10-20,1.715
2023-10-21,1.715
2023-10-22,1.715
2023-10-23,1.715
2023-10-24,1.705
2023-10-25,1.71
2023-10-26,1.809
2023-10-27,1.813
2023-10-28,1.813
2023-10-29,1.813
2023-10-30,1.862
2023-10-31,1.862
2023-11-01,1.867
2023-11-02,1.867
2023-11-03,1.867
2023-11-04,1.867
2023-11-05,1.867
2023-11-06,1.867
2023-11-07,1.867
2023-11-08,1.867
2023-11-09,1.867
2023-11-10,1.867
2023-11-11,1.867
2023-11-12,1.867
2023-11-13,1.874
2023-11-14,1.874
2023-11-15,1.874
2023-11-16,1.874
2023-11-17,1.874
2023-11-18,1.874
2023-11-19,1.874
2023-11-20,1.874
2023-11-21,1.874
2023-11-22,1.874
2023-11-23,1.874
2023-11-24,1.874
2023-11-25,1.874
2023-11-26,1.874
2023-11-27,1.874
2023-11-28,1.874
2023-11-29,1.874
2023-11-30,1.874
2023-12-01,1.837
2023-12-02,1.837
2023-12-03,1.837
2023-12-04,1.837
2023-12-05,1.837
2023-12-06,1.845
2023-12-07,1.845
2023-12-08,1.845
2023-12-09,1.845
2023-12-10,1.845
2023-12-11,1.845
2023-12-12,1.841
2023-12-13,1.841
2023-12-14,1.841
2023-12-15,1.842
2023-12-16,1.842
2023-12-17,1.842
2023-12-18,1.842
2023-12-19,1.828
2023-12-20,1.839
2023-12-21,1.839
2023-12-22,1.839
2023-12-23,1.839
2023-12-24,1.839
2023-12-25,1.839
2023-12-26,1.839
2023-12-27,1.839
2023-12-28,1.839
2023-12-29,1.839
2023-12-30,1.839
2023-12-31,1.839
2024-01-01,1.839
2024-01-02,1.839
2024-01-03,1.839
2024-01-04,1.839
2024-01-05,1.832
2024-01-06,1.832
2024-01-07,1.832
2024-01-08,1.832
2024-01-09,1.832
2024-01-10,1.834
2024-01-11,1.834
2024-01-12,1.834
2024-01-13,1.834
2024-01-14,1.834
2024-01-15,1.828
2024-01-16,1.825
2024-01-17,1.821
2024-01-18,1.819
2024-01-19,1.81
2024-01-20,1.81
2024-01-21,1.81
2024-01-22,1.815
2024-01-23,1.816
2024-01-24,1.812
2024-01-25,1.573
2024-01-26,1.415
2024-01-27,1.415
2024-01-28,1.415
2024-01-29,1.415
2024-01-30,1.401
2024-01-31,1.317
2024-02-01,1.306
2024-02-02,1.306
2024-02-03,1.306
2024-02-04,1.306
2024-02-05,1.306
2024-02-06,1.306
2024-02-07,1.306
2024-02-08,1.306
2024-02-09,1.306
2024-02-10,1.306
2024-02-11,1.306
2024-02-12,1.316
2024-02-13,1.314
2024-02-14,1.314
2024-02-15,1.314
2024-02-16,1.314
2024-02-17,1.314
2024-02-18,1.314
2024-02-19,1.314
2024-02-20,1.314
2024-02-21,1.314
2024-02-22,1.314
2024-02-23,1.314
2024-02-24,1.314
2024-02-25,1.314
2024-02-26,1.314
2024-02-27,1.314
2024-02-28,1.314
2024-02-29,1.314
2024-03-01,1.314
2024-03-02,1.314
2024-03-03,1.314
2024-03-04,1.315
2024-03-05,1.315
2024-03-06,1.315
2024-03-07,1.317
2024-03-08,1.317
2024-03-09,1.317
2024-03-10,1.317
2024-03-11,1.317
2024-03-12,1.317
2024-03-13,1.317
2024-03-14,1.317
2024-03-15,1.317
2024-03-16,1.317
2024-03-17,1.317
2024-03-18,1.317
2024-03-19,1.317
2024-03-20,1.317
2024-03-21,1.317
2024-03-22,1.317
2024-03-23,1.317
2024-03-24,1.317
2024-03-25,1.317
2024-03-26,1.317
2024-03-27,1.317
2024-03-28,1.317
2024-03-29,1.317
2024-03-30,1.317
2024-03-31,1.317
2024-04-01,1.318
2024-04-02,1.318
2024-04-03,1.317
2024-04-04,1.314
2024-04-05,1.314
2024-04-06,1.314
2024-04-07,1.314
2024-04-08,1.314
