,SSE LN Equity
,BEST_PE_RATIO
2010-01-01,
2010-01-02,
2010-01-03,
2010-01-04,
2010-01-05,
2010-01-06,
2010-01-07,
2010-01-08,
2010-01-09,
2010-01-10,
2010-01-11,
2010-01-12,
2010-01-13,
2010-01-14,
2010-01-15,
2010-01-16,
2010-01-17,
2010-01-18,
2010-01-19,
2010-01-20,
2010-01-21,
2010-01-22,
2010-01-23,
2010-01-24,
2010-01-25,
2010-01-26,
2010-01-27,
2010-01-28,
2010-01-29,
2010-01-30,
2010-01-31,
2010-02-01,
2010-02-02,
2010-02-03,
2010-02-04,
2010-02-05,
2010-02-06,
2010-02-07,
2010-02-08,
2010-02-09,
2010-02-10,
2010-02-11,
2010-02-12,
2010-02-13,
2010-02-14,
2010-02-15,
2010-02-16,
2010-02-17,
2010-02-18,
2010-02-19,
2010-02-20,
2010-02-21,
2010-02-22,
2010-02-23,
2010-02-24,
2010-02-25,
2010-02-26,
2010-02-27,
2010-02-28,
2010-03-01,
2010-03-02,
2010-03-03,
2010-03-04,
2010-03-05,
2010-03-06,
2010-03-07,
2010-03-08,
2010-03-09,
2010-03-10,
2010-03-11,
2010-03-12,
2010-03-13,
2010-03-14,
2010-03-15,
2010-03-16,
2010-03-17,
2010-03-18,
2010-03-19,
2010-03-20,
2010-03-21,
2010-03-22,
2010-03-23,
2010-03-24,
2010-03-25,
2010-03-26,
2010-03-27,
2010-03-28,
2010-03-29,
2010-03-30,
2010-03-31,
2010-04-01,
2010-04-02,
2010-04-03,
2010-04-04,
2010-04-05,
2010-04-06,
2010-04-07,
2010-04-08,
2010-04-09,
2010-04-10,
2010-04-11,
2010-04-12,
2010-04-13,
2010-04-14,
2010-04-15,
2010-04-16,
2010-04-17,
2010-04-18,
2010-04-19,
2010-04-20,
2010-04-21,
2010-04-22,
2010-04-23,
2010-04-24,
2010-04-25,
2010-04-26,
2010-04-27,
2010-04-28,
2010-04-29,
2010-04-30,
2010-05-01,
2010-05-02,
2010-05-03,
2010-05-04,
2010-05-05,
2010-05-06,
2010-05-07,
2010-05-08,
2010-05-09,
2010-05-10,
2010-05-11,
2010-05-12,
2010-05-13,
2010-05-14,
2010-05-15,
2010-05-16,
2010-05-17,
2010-05-18,
2010-05-19,
2010-05-20,
2010-05-21,
2010-05-22,
2010-05-23,
2010-05-24,
2010-05-25,
2010-05-26,
2010-05-27,
2010-05-28,
2010-05-29,
2010-05-30,
2010-05-31,
2010-06-01,
2010-06-02,
2010-06-03,
2010-06-04,
2010-06-05,
2010-06-06,
2010-06-07,
2010-06-08,
2010-06-09,
2010-06-10,
2010-06-11,
2010-06-12,
2010-06-13,
2010-06-14,
2010-06-15,
2010-06-16,
2010-06-17,
2010-06-18,
2010-06-19,
2010-06-20,
2010-06-21,
2010-06-22,
2010-06-23,
2010-06-24,
2010-06-25,
2010-06-26,
2010-06-27,
2010-06-28,
2010-06-29,
2010-06-30,
2010-07-01,
2010-07-02,
2010-07-03,
2010-07-04,
2010-07-05,
2010-07-06,
2010-07-07,
2010-07-08,
2010-07-09,
2010-07-10,
2010-07-11,
2010-07-12,
2010-07-13,
2010-07-14,
2010-07-15,
2010-07-16,
2010-07-17,
2010-07-18,
2010-07-19,
2010-07-20,
2010-07-21,
2010-07-22,
2010-07-23,
2010-07-24,
2010-07-25,
2010-07-26,
2010-07-27,
2010-07-28,
2010-07-29,
2010-07-30,
2010-07-31,
2010-08-01,
2010-08-02,
2010-08-03,
2010-08-04,
2010-08-05,
2010-08-06,
2010-08-07,
2010-08-08,
2010-08-09,
2010-08-10,
2010-08-11,
2010-08-12,
2010-08-13,
2010-08-14,
2010-08-15,
2010-08-16,
2010-08-17,
2010-08-18,
2010-08-19,
2010-08-20,
2010-08-21,
2010-08-22,
2010-08-23,
2010-08-24,
2010-08-25,
2010-08-26,
2010-08-27,
2010-08-28,
2010-08-29,
2010-08-30,
2010-08-31,
2010-09-01,
2010-09-02,
2010-09-03,
2010-09-04,
2010-09-05,
2010-09-06,
2010-09-07,
2010-09-08,
2010-09-09,
2010-09-10,
2010-09-11,
2010-09-12,
2010-09-13,
2010-09-14,
2010-09-15,
2010-09-16,
2010-09-17,
2010-09-18,
2010-09-19,
2010-09-20,
2010-09-21,
2010-09-22,
2010-09-23,
2010-09-24,
2010-09-25,
2010-09-26,
2010-09-27,
2010-09-28,
2010-09-29,
2010-09-30,
2010-10-01,
2010-10-02,
2010-10-03,
2010-10-04,
2010-10-05,
2010-10-06,
2010-10-07,
2010-10-08,
2010-10-09,
2010-10-10,
2010-10-11,
2010-10-12,
2010-10-13,
2010-10-14,
2010-10-15,
2010-10-16,
2010-10-17,
2010-10-18,
2010-10-19,
2010-10-20,
2010-10-21,
2010-10-22,
2010-10-23,
2010-10-24,
2010-10-25,
2010-10-26,
2010-10-27,
2010-10-28,
2010-10-29,
2010-10-30,
2010-10-31,
2010-11-01,
2010-11-02,
2010-11-03,
2010-11-04,
2010-11-05,
2010-11-06,
2010-11-07,
2010-11-08,
2010-11-09,
2010-11-10,
2010-11-11,
2010-11-12,
2010-11-13,
2010-11-14,
2010-11-15,
2010-11-16,
2010-11-17,
2010-11-18,
2010-11-19,
2010-11-20,
2010-11-21,
2010-11-22,
2010-11-23,
2010-11-24,
2010-11-25,
2010-11-26,
2010-11-27,
2010-11-28,
2010-11-29,
2010-11-30,
2010-12-01,
2010-12-02,
2010-12-03,
2010-12-04,
2010-12-05,
2010-12-06,
2010-12-07,
2010-12-08,
2010-12-09,
2010-12-10,
2010-12-11,
2010-12-12,
2010-12-13,
2010-12-14,
2010-12-15,
2010-12-16,
2010-12-17,
2010-12-18,
2010-12-19,
2010-12-20,
2010-12-21,
2010-12-22,
2010-12-23,
2010-12-24,
2010-12-25,
2010-12-26,
2010-12-27,
2010-12-28,
2010-12-29,
2010-12-30,
2010-12-31,
2011-01-01,
2011-01-02,
2011-01-03,
2011-01-04,
2011-01-05,
2011-01-06,
2011-01-07,
2011-01-08,
2011-01-09,
2011-01-10,
2011-01-11,
2011-01-12,
2011-01-13,
2011-01-14,
2011-01-15,
2011-01-16,
2011-01-17,
2011-01-18,
2011-01-19,
2011-01-20,
2011-01-21,
2011-01-22,
2011-01-23,
2011-01-24,
2011-01-25,
2011-01-26,
2011-01-27,
2011-01-28,
2011-01-29,
2011-01-30,
2011-01-31,
2011-02-01,
2011-02-02,
2011-02-03,
2011-02-04,
2011-02-05,
2011-02-06,
2011-02-07,
2011-02-08,
2011-02-09,
2011-02-10,
2011-02-11,
2011-02-12,
2011-02-13,
2011-02-14,
2011-02-15,
2011-02-16,
2011-02-17,
2011-02-18,
2011-02-19,
2011-02-20,
2011-02-21,
2011-02-22,
2011-02-23,
2011-02-24,
2011-02-25,
2011-02-26,
2011-02-27,
2011-02-28,
2011-03-01,
2011-03-02,
2011-03-03,
2011-03-04,
2011-03-05,
2011-03-06,
2011-03-07,
2011-03-08,
2011-03-09,
2011-03-10,
2011-03-11,
2011-03-12,
2011-03-13,
2011-03-14,
2011-03-15,
2011-03-16,
2011-03-17,
2011-03-18,
2011-03-19,
2011-03-20,
2011-03-21,
2011-03-22,
2011-03-23,
2011-03-24,
2011-03-25,
2011-03-26,
2011-03-27,
2011-03-28,
2011-03-29,
2011-03-30,
2011-03-31,
2011-04-01,
2011-04-02,
2011-04-03,
2011-04-04,
2011-04-05,
2011-04-06,
2011-04-07,
2011-04-08,
2011-04-09,
2011-04-10,
2011-04-11,
2011-04-12,
2011-04-13,
2011-04-14,
2011-04-15,
2011-04-16,
2011-04-17,
2011-04-18,
2011-04-19,
2011-04-20,
2011-04-21,
2011-04-22,
2011-04-23,
2011-04-24,
2011-04-25,
2011-04-26,
2011-04-27,
2011-04-28,
2011-04-29,
2011-04-30,
2011-05-01,
2011-05-02,
2011-05-03,
2011-05-04,
2011-05-05,
2011-05-06,
2011-05-07,
2011-05-08,
2011-05-09,
2011-05-10,
2011-05-11,
2011-05-12,
2011-05-13,
2011-05-14,
2011-05-15,
2011-05-16,
2011-05-17,
2011-05-18,
2011-05-19,
2011-05-20,
2011-05-21,
2011-05-22,
2011-05-23,
2011-05-24,
2011-05-25,
2011-05-26,
2011-05-27,
2011-05-28,
2011-05-29,
2011-05-30,
2011-05-31,
2011-06-01,
2011-06-02,
2011-06-03,
2011-06-04,
2011-06-05,
2011-06-06,
2011-06-07,
2011-06-08,
2011-06-09,
2011-06-10,
2011-06-11,
2011-06-12,
2011-06-13,
2011-06-14,
2011-06-15,
2011-06-16,
2011-06-17,
2011-06-18,
2011-06-19,
2011-06-20,
2011-06-21,
2011-06-22,
2011-06-23,
2011-06-24,
2011-06-25,
2011-06-26,
2011-06-27,
2011-06-28,
2011-06-29,
2011-06-30,
2011-07-01,
2011-07-02,
2011-07-03,
2011-07-04,
2011-07-05,
2011-07-06,
2011-07-07,
2011-07-08,
2011-07-09,
2011-07-10,
2011-07-11,
2011-07-12,
2011-07-13,
2011-07-14,
2011-07-15,
2011-07-16,
2011-07-17,
2011-07-18,
2011-07-19,
2011-07-20,
2011-07-21,
2011-07-22,
2011-07-23,
2011-07-24,
2011-07-25,
2011-07-26,
2011-07-27,
2011-07-28,
2011-07-29,
2011-07-30,
2011-07-31,
2011-08-01,
2011-08-02,
2011-08-03,
2011-08-04,
2011-08-05,
2011-08-06,
2011-08-07,
2011-08-08,
2011-08-09,
2011-08-10,
2011-08-11,
2011-08-12,
2011-08-13,
2011-08-14,
2011-08-15,
2011-08-16,
2011-08-17,
2011-08-18,
2011-08-19,
2011-08-20,
2011-08-21,
2011-08-22,
2011-08-23,
2011-08-24,
2011-08-25,
2011-08-26,
2011-08-27,
2011-08-28,
2011-08-29,
2011-08-30,
2011-08-31,
2011-09-01,
2011-09-02,
2011-09-03,
2011-09-04,
2011-09-05,
2011-09-06,
2011-09-07,
2011-09-08,
2011-09-09,
2011-09-10,
2011-09-11,
2011-09-12,
2011-09-13,
2011-09-14,
2011-09-15,
2011-09-16,
2011-09-17,
2011-09-18,
2011-09-19,
2011-09-20,
2011-09-21,
2011-09-22,
2011-09-23,
2011-09-24,
2011-09-25,
2011-09-26,
2011-09-27,
2011-09-28,
2011-09-29,
2011-09-30,
2011-10-01,
2011-10-02,
2011-10-03,
2011-10-04,
2011-10-05,
2011-10-06,
2011-10-07,
2011-10-08,
2011-10-09,
2011-10-10,
2011-10-11,
2011-10-12,
2011-10-13,
2011-10-14,
2011-10-15,
2011-10-16,
2011-10-17,
2011-10-18,
2011-10-19,
2011-10-20,
2011-10-21,
2011-10-22,
2011-10-23,
2011-10-24,
2011-10-25,
2011-10-26,
2011-10-27,
2011-10-28,
2011-10-29,
2011-10-30,
2011-10-31,
2011-11-01,
2011-11-02,
2011-11-03,
2011-11-04,
2011-11-05,
2011-11-06,
2011-11-07,
2011-11-08,
2011-11-09,
2011-11-10,
2011-11-11,
2011-11-12,
2011-11-13,
2011-11-14,
2011-11-15,
2011-11-16,
2011-11-17,
2011-11-18,
2011-11-19,
2011-11-20,
2011-11-21,
2011-11-22,
2011-11-23,
2011-11-24,
2011-11-25,
2011-11-26,
2011-11-27,
2011-11-28,
2011-11-29,
2011-11-30,
2011-12-01,
2011-12-02,
2011-12-03,
2011-12-04,
2011-12-05,
2011-12-06,
2011-12-07,
2011-12-08,
2011-12-09,
2011-12-10,
2011-12-11,
2011-12-12,
2011-12-13,
2011-12-14,
2011-12-15,
2011-12-16,
2011-12-17,
2011-12-18,
2011-12-19,
2011-12-20,
2011-12-21,
2011-12-22,
2011-12-23,
2011-12-24,
2011-12-25,
2011-12-26,
2011-12-27,
2011-12-28,
2011-12-29,
2011-12-30,
2011-12-31,
2012-01-01,
2012-01-02,
2012-01-03,
2012-01-04,
2012-01-05,
2012-01-06,
2012-01-07,
2012-01-08,
2012-01-09,
2012-01-10,
2012-01-11,
2012-01-12,
2012-01-13,
2012-01-14,
2012-01-15,
2012-01-16,
2012-01-17,
2012-01-18,
2012-01-19,
2012-01-20,
2012-01-21,
2012-01-22,
2012-01-23,
2012-01-24,
2012-01-25,
2012-01-26,
2012-01-27,
2012-01-28,
2012-01-29,
2012-01-30,
2012-01-31,
2012-02-01,
2012-02-02,
2012-02-03,
2012-02-04,
2012-02-05,
2012-02-06,
2012-02-07,
2012-02-08,
2012-02-09,
2012-02-10,
2012-02-11,
2012-02-12,
2012-02-13,
2012-02-14,
2012-02-15,
2012-02-16,
2012-02-17,
2012-02-18,
2012-02-19,
2012-02-20,
2012-02-21,
2012-02-22,
2012-02-23,
2012-02-24,
2012-02-25,
2012-02-26,
2012-02-27,
2012-02-28,
2012-02-29,
2012-03-01,
2012-03-02,
2012-03-03,
2012-03-04,
2012-03-05,
2012-03-06,
2012-03-07,
2012-03-08,
2012-03-09,
2012-03-10,
2012-03-11,
2012-03-12,
2012-03-13,
2012-03-14,
2012-03-15,
2012-03-16,
2012-03-17,
2012-03-18,
2012-03-19,
2012-03-20,
2012-03-21,
2012-03-22,
2012-03-23,
2012-03-24,
2012-03-25,
2012-03-26,
2012-03-27,
2012-03-28,
2012-03-29,
2012-03-30,
2012-03-31,
2012-04-01,
2012-04-02,
2012-04-03,
2012-04-04,
2012-04-05,
2012-04-06,
2012-04-07,
2012-04-08,
2012-04-09,
2012-04-10,
2012-04-11,
2012-04-12,
2012-04-13,
2012-04-14,
2012-04-15,
2012-04-16,
2012-04-17,
2012-04-18,
2012-04-19,
2012-04-20,
2012-04-21,
2012-04-22,
2012-04-23,
2012-04-24,
2012-04-25,
2012-04-26,
2012-04-27,
2012-04-28,
2012-04-29,
2012-04-30,
2012-05-01,
2012-05-02,
2012-05-03,
2012-05-04,
2012-05-05,
2012-05-06,
2012-05-07,
2012-05-08,
2012-05-09,
2012-05-10,
2012-05-11,
2012-05-12,
2012-05-13,
2012-05-14,
2012-05-15,
2012-05-16,
2012-05-17,
2012-05-18,
2012-05-19,
2012-05-20,
2012-05-21,
2012-05-22,
2012-05-23,
2012-05-24,
2012-05-25,
2012-05-26,
2012-05-27,
2012-05-28,
2012-05-29,
2012-05-30,
2012-05-31,
2012-06-01,
2012-06-02,
2012-06-03,
2012-06-04,
2012-06-05,
2012-06-06,
2012-06-07,
2012-06-08,
2012-06-09,
2012-06-10,
2012-06-11,
2012-06-12,
2012-06-13,
2012-06-14,
2012-06-15,
2012-06-16,
2012-06-17,
2012-06-18,
2012-06-19,
2012-06-20,
2012-06-21,
2012-06-22,
2012-06-23,
2012-06-24,
2012-06-25,
2012-06-26,
2012-06-27,
2012-06-28,
2012-06-29,
2012-06-30,
2012-07-01,
2012-07-02,
2012-07-03,
2012-07-04,
2012-07-05,
2012-07-06,
2012-07-07,
2012-07-08,
2012-07-09,
2012-07-10,
2012-07-11,
2012-07-12,
2012-07-13,
2012-07-14,
2012-07-15,
2012-07-16,
2012-07-17,
2012-07-18,
2012-07-19,
2012-07-20,
2012-07-21,
2012-07-22,
2012-07-23,
2012-07-24,
2012-07-25,
2012-07-26,
2012-07-27,
2012-07-28,
2012-07-29,
2012-07-30,
2012-07-31,
2012-08-01,
2012-08-02,
2012-08-03,
2012-08-04,
2012-08-05,
2012-08-06,
2012-08-07,
2012-08-08,
2012-08-09,
2012-08-10,
2012-08-11,
2012-08-12,
2012-08-13,
2012-08-14,
2012-08-15,
2012-08-16,
2012-08-17,
2012-08-18,
2012-08-19,
2012-08-20,
2012-08-21,
2012-08-22,
2012-08-23,
2012-08-24,
2012-08-25,
2012-08-26,
2012-08-27,
2012-08-28,
2012-08-29,
2012-08-30,
2012-08-31,
2012-09-01,
2012-09-02,
2012-09-03,
2012-09-04,
2012-09-05,
2012-09-06,
2012-09-07,
2012-09-08,
2012-09-09,
2012-09-10,
2012-09-11,
2012-09-12,
2012-09-13,
2012-09-14,
2012-09-15,
2012-09-16,
2012-09-17,
2012-09-18,
2012-09-19,
2012-09-20,
2012-09-21,
2012-09-22,
2012-09-23,
2012-09-24,
2012-09-25,
2012-09-26,
2012-09-27,
2012-09-28,
2012-09-29,
2012-09-30,
2012-10-01,
2012-10-02,
2012-10-03,
2012-10-04,
2012-10-05,
2012-10-06,
2012-10-07,
2012-10-08,
2012-10-09,
2012-10-10,
2012-10-11,
2012-10-12,
2012-10-13,
2012-10-14,
2012-10-15,
2012-10-16,
2012-10-17,
2012-10-18,
2012-10-19,
2012-10-20,
2012-10-21,
2012-10-22,
2012-10-23,
2012-10-24,
2012-10-25,
2012-10-26,
2012-10-27,
2012-10-28,
2012-10-29,
2012-10-30,
2012-10-31,
2012-11-01,
2012-11-02,
2012-11-03,
2012-11-04,
2012-11-05,
2012-11-06,
2012-11-07,
2012-11-08,
2012-11-09,
2012-11-10,
2012-11-11,
2012-11-12,
2012-11-13,
2012-11-14,
2012-11-15,
2012-11-16,
2012-11-17,
2012-11-18,
2012-11-19,
2012-11-20,
2012-11-21,
2012-11-22,
2012-11-23,
2012-11-24,
2012-11-25,
2012-11-26,
2012-11-27,
2012-11-28,
2012-11-29,
2012-11-30,
2012-12-01,
2012-12-02,
2012-12-03,
2012-12-04,
2012-12-05,
2012-12-06,
2012-12-07,
2012-12-08,
2012-12-09,
2012-12-10,
2012-12-11,
2012-12-12,
2012-12-13,
2012-12-14,
2012-12-15,
2012-12-16,
2012-12-17,
2012-12-18,
2012-12-19,
2012-12-20,
2012-12-21,
2012-12-22,
2012-12-23,
2012-12-24,
2012-12-25,
2012-12-26,
2012-12-27,
2012-12-28,
2012-12-29,
2012-12-30,
2012-12-31,
2013-01-01,
2013-01-02,
2013-01-03,
2013-01-04,
2013-01-05,
2013-01-06,
2013-01-07,
2013-01-08,
2013-01-09,
2013-01-10,
2013-01-11,
2013-01-12,
2013-01-13,
2013-01-14,
2013-01-15,
2013-01-16,
2013-01-17,
2013-01-18,
2013-01-19,
2013-01-20,
2013-01-21,
2013-01-22,
2013-01-23,
2013-01-24,
2013-01-25,
2013-01-26,
2013-01-27,
2013-01-28,
2013-01-29,
2013-01-30,
2013-01-31,
2013-02-01,
2013-02-02,
2013-02-03,
2013-02-04,
2013-02-05,
2013-02-06,
2013-02-07,
2013-02-08,
2013-02-09,
2013-02-10,
2013-02-11,
2013-02-12,
2013-02-13,
2013-02-14,
2013-02-15,
2013-02-16,
2013-02-17,
2013-02-18,
2013-02-19,
2013-02-20,
2013-02-21,
2013-02-22,
2013-02-23,
2013-02-24,
2013-02-25,
2013-02-26,
2013-02-27,
2013-02-28,
2013-03-01,
2013-03-02,
2013-03-03,
2013-03-04,
2013-03-05,
2013-03-06,
2013-03-07,
2013-03-08,
2013-03-09,
2013-03-10,
2013-03-11,
2013-03-12,
2013-03-13,
2013-03-14,
2013-03-15,
2013-03-16,
2013-03-17,
2013-03-18,
2013-03-19,
2013-03-20,
2013-03-21,
2013-03-22,
2013-03-23,
2013-03-24,
2013-03-25,
2013-03-26,
2013-03-27,
2013-03-28,
2013-03-29,
2013-03-30,
2013-03-31,
2013-04-01,
2013-04-02,
2013-04-03,
2013-04-04,
2013-04-05,
2013-04-06,
2013-04-07,
2013-04-08,
2013-04-09,
2013-04-10,
2013-04-11,
2013-04-12,
2013-04-13,
2013-04-14,
2013-04-15,
2013-04-16,
2013-04-17,
2013-04-18,
2013-04-19,
2013-04-20,
2013-04-21,
2013-04-22,
2013-04-23,
2013-04-24,
2013-04-25,
2013-04-26,
2013-04-27,
2013-04-28,
2013-04-29,
2013-04-30,
2013-05-01,
2013-05-02,
2013-05-03,
2013-05-04,
2013-05-05,
2013-05-06,
2013-05-07,
2013-05-08,
2013-05-09,
2013-05-10,
2013-05-11,
2013-05-12,
2013-05-13,
2013-05-14,
2013-05-15,
2013-05-16,
2013-05-17,
2013-05-18,
2013-05-19,
2013-05-20,
2013-05-21,
2013-05-22,
2013-05-23,
2013-05-24,
2013-05-25,
2013-05-26,
2013-05-27,
2013-05-28,
2013-05-29,
2013-05-30,
2013-05-31,
2013-06-01,
2013-06-02,
2013-06-03,
2013-06-04,
2013-06-05,
2013-06-06,
2013-06-07,
2013-06-08,
2013-06-09,
2013-06-10,
2013-06-11,
2013-06-12,
2013-06-13,
2013-06-14,
2013-06-15,
2013-06-16,
2013-06-17,
2013-06-18,
2013-06-19,
2013-06-20,
2013-06-21,
2013-06-22,
2013-06-23,
2013-06-24,
2013-06-25,
2013-06-26,
2013-06-27,
2013-06-28,
2013-06-29,
2013-06-30,
2013-07-01,
2013-07-02,
2013-07-03,
2013-07-04,
2013-07-05,
2013-07-06,
2013-07-07,
2013-07-08,
2013-07-09,
2013-07-10,
2013-07-11,
2013-07-12,
2013-07-13,
2013-07-14,
2013-07-15,
2013-07-16,
2013-07-17,
2013-07-18,
2013-07-19,
2013-07-20,
2013-07-21,
2013-07-22,
2013-07-23,
2013-07-24,
2013-07-25,
2013-07-26,
2013-07-27,
2013-07-28,
2013-07-29,
2013-07-30,
2013-07-31,
2013-08-01,
2013-08-02,
2013-08-03,
2013-08-04,
2013-08-05,
2013-08-06,
2013-08-07,
2013-08-08,
2013-08-09,
2013-08-10,
2013-08-11,
2013-08-12,
2013-08-13,
2013-08-14,
2013-08-15,
2013-08-16,
2013-08-17,
2013-08-18,
2013-08-19,
2013-08-20,
2013-08-21,
2013-08-22,
2013-08-23,
2013-08-24,
2013-08-25,
2013-08-26,
2013-08-27,
2013-08-28,
2013-08-29,
2013-08-30,
2013-08-31,
2013-09-01,
2013-09-02,
2013-09-03,
2013-09-04,
2013-09-05,
2013-09-06,
2013-09-07,
2013-09-08,
2013-09-09,
2013-09-10,
2013-09-11,
2013-09-12,
2013-09-13,
2013-09-14,
2013-09-15,
2013-09-16,
2013-09-17,
2013-09-18,
2013-09-19,
2013-09-20,
2013-09-21,
2013-09-22,
2013-09-23,
2013-09-24,
2013-09-25,
2013-09-26,
2013-09-27,
2013-09-28,
2013-09-29,
2013-09-30,
2013-10-01,
2013-10-02,
2013-10-03,
2013-10-04,
2013-10-05,
2013-10-06,
2013-10-07,
2013-10-08,
2013-10-09,
2013-10-10,
2013-10-11,
2013-10-12,
2013-10-13,
2013-10-14,
2013-10-15,
2013-10-16,
2013-10-17,
2013-10-18,
2013-10-19,
2013-10-20,
2013-10-21,
2013-10-22,
2013-10-23,
2013-10-24,
2013-10-25,
2013-10-26,
2013-10-27,
2013-10-28,
2013-10-29,
2013-10-30,
2013-10-31,
2013-11-01,
2013-11-02,
2013-11-03,
2013-11-04,
2013-11-05,
2013-11-06,
2013-11-07,
2013-11-08,
2013-11-09,
2013-11-10,
2013-11-11,
2013-11-12,
2013-11-13,
2013-11-14,
2013-11-15,
2013-11-16,
2013-11-17,
2013-11-18,
2013-11-19,
2013-11-20,
2013-11-21,
2013-11-22,
2013-11-23,
2013-11-24,
2013-11-25,
2013-11-26,
2013-11-27,
2013-11-28,
2013-11-29,
2013-11-30,
2013-12-01,
2013-12-02,
2013-12-03,
2013-12-04,
2013-12-05,
2013-12-06,
2013-12-07,
2013-12-08,
2013-12-09,
2013-12-10,
2013-12-11,
2013-12-12,
2013-12-13,
2013-12-14,
2013-12-15,
2013-12-16,
2013-12-17,
2013-12-18,
2013-12-19,
2013-12-20,
2013-12-21,
2013-12-22,
2013-12-23,
2013-12-24,
2013-12-25,
2013-12-26,
2013-12-27,
2013-12-28,
2013-12-29,
2013-12-30,
2013-12-31,
2014-01-01,
2014-01-02,
2014-01-03,
2014-01-04,
2014-01-05,
2014-01-06,
2014-01-07,
2014-01-08,
2014-01-09,
2014-01-10,
2014-01-11,
2014-01-12,
2014-01-13,
2014-01-14,
2014-01-15,
2014-01-16,
2014-01-17,
2014-01-18,
2014-01-19,
2014-01-20,
2014-01-21,
2014-01-22,
2014-01-23,
2014-01-24,
2014-01-25,
2014-01-26,
2014-01-27,
2014-01-28,
2014-01-29,
2014-01-30,
2014-01-31,
2014-02-01,
2014-02-02,
2014-02-03,
2014-02-04,
2014-02-05,
2014-02-06,
2014-02-07,
2014-02-08,
2014-02-09,
2014-02-10,
2014-02-11,
2014-02-12,
2014-02-13,
2014-02-14,
2014-02-15,
2014-02-16,
2014-02-17,
2014-02-18,
2014-02-19,
2014-02-20,
2014-02-21,
2014-02-22,
2014-02-23,
2014-02-24,
2014-02-25,
2014-02-26,
2014-02-27,
2014-02-28,
2014-03-01,
2014-03-02,
2014-03-03,
2014-03-04,
2014-03-05,
2014-03-06,
2014-03-07,
2014-03-08,
2014-03-09,
2014-03-10,
2014-03-11,
2014-03-12,
2014-03-13,
2014-03-14,
2014-03-15,
2014-03-16,
2014-03-17,
2014-03-18,
2014-03-19,
2014-03-20,
2014-03-21,
2014-03-22,
2014-03-23,
2014-03-24,
2014-03-25,
2014-03-26,
2014-03-27,
2014-03-28,
2014-03-29,
2014-03-30,
2014-03-31,
2014-04-01,
2014-04-02,
2014-04-03,
2014-04-04,
2014-04-05,
2014-04-06,
2014-04-07,
2014-04-08,
2014-04-09,
2014-04-10,
2014-04-11,
2014-04-12,
2014-04-13,
2014-04-14,
2014-04-15,
2014-04-16,
2014-04-17,
2014-04-18,
2014-04-19,
2014-04-20,
2014-04-21,
2014-04-22,
2014-04-23,
2014-04-24,
2014-04-25,
2014-04-26,
2014-04-27,
2014-04-28,
2014-04-29,
2014-04-30,
2014-05-01,
2014-05-02,
2014-05-03,
2014-05-04,
2014-05-05,
2014-05-06,
2014-05-07,
2014-05-08,
2014-05-09,
2014-05-10,
2014-05-11,
2014-05-12,
2014-05-13,
2014-05-14,
2014-05-15,
2014-05-16,
2014-05-17,
2014-05-18,
2014-05-19,
2014-05-20,
2014-05-21,
2014-05-22,
2014-05-23,
2014-05-24,
2014-05-25,
2014-05-26,
2014-05-27,
2014-05-28,
2014-05-29,
2014-05-30,
2014-05-31,
2014-06-01,
2014-06-02,
2014-06-03,
2014-06-04,
2014-06-05,
2014-06-06,
2014-06-07,
2014-06-08,
2014-06-09,
2014-06-10,
2014-06-11,
2014-06-12,
2014-06-13,
2014-06-14,
2014-06-15,
2014-06-16,
2014-06-17,
2014-06-18,
2014-06-19,
2014-06-20,
2014-06-21,
2014-06-22,
2014-06-23,
2014-06-24,
2014-06-25,
2014-06-26,
2014-06-27,
2014-06-28,
2014-06-29,
2014-06-30,
2014-07-01,
2014-07-02,
2014-07-03,
2014-07-04,
2014-07-05,
2014-07-06,
2014-07-07,
2014-07-08,
2014-07-09,
2014-07-10,
2014-07-11,
2014-07-12,
2014-07-13,
2014-07-14,
2014-07-15,
2014-07-16,
2014-07-17,
2014-07-18,
2014-07-19,
2014-07-20,
2014-07-21,
2014-07-22,
2014-07-23,
2014-07-24,
2014-07-25,
2014-07-26,
2014-07-27,
2014-07-28,
2014-07-29,
2014-07-30,
2014-07-31,
2014-08-01,
2014-08-02,
2014-08-03,
2014-08-04,
2014-08-05,
2014-08-06,
2014-08-07,
2014-08-08,
2014-08-09,
2014-08-10,
2014-08-11,
2014-08-12,
2014-08-13,
2014-08-14,
2014-08-15,
2014-08-16,
2014-08-17,
2014-08-18,
2014-08-19,
2014-08-20,
2014-08-21,
2014-08-22,
2014-08-23,
2014-08-24,
2014-08-25,
2014-08-26,
2014-08-27,
2014-08-28,
2014-08-29,
2014-08-30,
2014-08-31,
2014-09-01,
2014-09-02,
2014-09-03,
2014-09-04,
2014-09-05,
2014-09-06,
2014-09-07,
2014-09-08,
2014-09-09,
2014-09-10,
2014-09-11,
2014-09-12,
2014-09-13,
2014-09-14,
2014-09-15,
2014-09-16,
2014-09-17,
2014-09-18,
2014-09-19,
2014-09-20,
2014-09-21,
2014-09-22,
2014-09-23,
2014-09-24,
2014-09-25,
2014-09-26,
2014-09-27,
2014-09-28,
2014-09-29,
2014-09-30,
2014-10-01,
2014-10-02,
2014-10-03,
2014-10-04,
2014-10-05,
2014-10-06,
2014-10-07,
2014-10-08,
2014-10-09,
2014-10-10,
2014-10-11,
2014-10-12,
2014-10-13,
2014-10-14,
2014-10-15,
2014-10-16,
2014-10-17,
2014-10-18,
2014-10-19,
2014-10-20,
2014-10-21,
2014-10-22,
2014-10-23,
2014-10-24,
2014-10-25,
2014-10-26,
2014-10-27,
2014-10-28,
2014-10-29,
2014-10-30,
2014-10-31,
2014-11-01,
2014-11-02,
2014-11-03,
2014-11-04,
2014-11-05,
2014-11-06,
2014-11-07,
2014-11-08,
2014-11-09,
2014-11-10,
2014-11-11,
2014-11-12,
2014-11-13,
2014-11-14,
2014-11-15,
2014-11-16,
2014-11-17,
2014-11-18,
2014-11-19,
2014-11-20,
2014-11-21,
2014-11-22,
2014-11-23,
2014-11-24,
2014-11-25,
2014-11-26,
2014-11-27,
2014-11-28,
2014-11-29,
2014-11-30,
2014-12-01,
2014-12-02,
2014-12-03,
2014-12-04,
2014-12-05,
2014-12-06,
2014-12-07,
2014-12-08,
2014-12-09,
2014-12-10,
2014-12-11,
2014-12-12,
2014-12-13,
2014-12-14,
2014-12-15,
2014-12-16,
2014-12-17,
2014-12-18,
2014-12-19,
2014-12-20,
2014-12-21,
2014-12-22,
2014-12-23,
2014-12-24,
2014-12-25,
2014-12-26,
2014-12-27,
2014-12-28,
2014-12-29,
2014-12-30,
2014-12-31,
2015-01-01,
2015-01-02,
2015-01-03,
2015-01-04,
2015-01-05,
2015-01-06,
2015-01-07,
2015-01-08,
2015-01-09,
2015-01-10,
2015-01-11,
2015-01-12,
2015-01-13,
2015-01-14,
2015-01-15,
2015-01-16,
2015-01-17,
2015-01-18,
2015-01-19,
2015-01-20,
2015-01-21,
2015-01-22,
2015-01-23,
2015-01-24,
2015-01-25,
2015-01-26,
2015-01-27,
2015-01-28,
2015-01-29,
2015-01-30,
2015-01-31,
2015-02-01,
2015-02-02,
2015-02-03,
2015-02-04,
2015-02-05,
2015-02-06,
2015-02-07,
2015-02-08,
2015-02-09,
2015-02-10,
2015-02-11,
2015-02-12,
2015-02-13,
2015-02-14,
2015-02-15,
2015-02-16,
2015-02-17,
2015-02-18,
2015-02-19,
2015-02-20,
2015-02-21,
2015-02-22,
2015-02-23,
2015-02-24,
2015-02-25,
2015-02-26,
2015-02-27,
2015-02-28,
2015-03-01,
2015-03-02,
2015-03-03,
2015-03-04,
2015-03-05,
2015-03-06,
2015-03-07,
2015-03-08,
2015-03-09,
2015-03-10,
2015-03-11,
2015-03-12,
2015-03-13,
2015-03-14,
2015-03-15,
2015-03-16,
2015-03-17,
2015-03-18,
2015-03-19,
2015-03-20,
2015-03-21,
2015-03-22,
2015-03-23,
2015-03-24,
2015-03-25,
2015-03-26,
2015-03-27,
2015-03-28,
2015-03-29,
2015-03-30,
2015-03-31,
2015-04-01,
2015-04-02,
2015-04-03,
2015-04-04,
2015-04-05,
2015-04-06,
2015-04-07,
2015-04-08,
2015-04-09,
2015-04-10,
2015-04-11,
2015-04-12,
2015-04-13,
2015-04-14,
2015-04-15,
2015-04-16,
2015-04-17,
2015-04-18,
2015-04-19,
2015-04-20,
2015-04-21,
2015-04-22,
2015-04-23,
2015-04-24,
2015-04-25,
2015-04-26,
2015-04-27,
2015-04-28,
2015-04-29,
2015-04-30,
2015-05-01,
2015-05-02,
2015-05-03,
2015-05-04,
2015-05-05,
2015-05-06,
2015-05-07,
2015-05-08,
2015-05-09,
2015-05-10,
2015-05-11,
2015-05-12,
2015-05-13,
2015-05-14,
2015-05-15,
2015-05-16,
2015-05-17,
2015-05-18,
2015-05-19,
2015-05-20,
2015-05-21,
2015-05-22,
2015-05-23,
2015-05-24,
2015-05-25,
2015-05-26,
2015-05-27,
2015-05-28,
2015-05-29,
2015-05-30,
2015-05-31,
2015-06-01,
2015-06-02,
2015-06-03,
2015-06-04,
2015-06-05,
2015-06-06,
2015-06-07,
2015-06-08,
2015-06-09,
2015-06-10,
2015-06-11,
2015-06-12,
2015-06-13,
2015-06-14,
2015-06-15,
2015-06-16,
2015-06-17,
2015-06-18,
2015-06-19,
2015-06-20,
2015-06-21,
2015-06-22,
2015-06-23,
2015-06-24,
2015-06-25,
2015-06-26,
2015-06-27,
2015-06-28,
2015-06-29,
2015-06-30,
2015-07-01,
2015-07-02,
2015-07-03,
2015-07-04,
2015-07-05,
2015-07-06,
2015-07-07,
2015-07-08,
2015-07-09,
2015-07-10,
2015-07-11,
2015-07-12,
2015-07-13,
2015-07-14,
2015-07-15,
2015-07-16,
2015-07-17,
2015-07-18,
2015-07-19,
2015-07-20,
2015-07-21,
2015-07-22,
2015-07-23,
2015-07-24,
2015-07-25,
2015-07-26,
2015-07-27,
2015-07-28,
2015-07-29,
2015-07-30,
2015-07-31,
2015-08-01,
2015-08-02,
2015-08-03,
2015-08-04,
2015-08-05,
2015-08-06,
2015-08-07,
2015-08-08,
2015-08-09,
2015-08-10,
2015-08-11,
2015-08-12,
2015-08-13,
2015-08-14,
2015-08-15,
2015-08-16,
2015-08-17,
2015-08-18,
2015-08-19,
2015-08-20,
2015-08-21,
2015-08-22,
2015-08-23,
2015-08-24,
2015-08-25,
2015-08-26,
2015-08-27,
2015-08-28,
2015-08-29,
2015-08-30,
2015-08-31,
2015-09-01,
2015-09-02,
2015-09-03,
2015-09-04,
2015-09-05,
2015-09-06,
2015-09-07,
2015-09-08,
2015-09-09,
2015-09-10,
2015-09-11,
2015-09-12,
2015-09-13,
2015-09-14,
2015-09-15,
2015-09-16,
2015-09-17,
2015-09-18,
2015-09-19,
2015-09-20,
2015-09-21,
2015-09-22,
2015-09-23,
2015-09-24,
2015-09-25,
2015-09-26,
2015-09-27,
2015-09-28,
2015-09-29,
2015-09-30,
2015-10-01,
2015-10-02,
2015-10-03,
2015-10-04,
2015-10-05,
2015-10-06,
2015-10-07,
2015-10-08,
2015-10-09,
2015-10-10,
2015-10-11,
2015-10-12,
2015-10-13,
2015-10-14,
2015-10-15,
2015-10-16,
2015-10-17,
2015-10-18,
2015-10-19,
2015-10-20,
2015-10-21,
2015-10-22,
2015-10-23,
2015-10-24,
2015-10-25,
2015-10-26,
2015-10-27,
2015-10-28,
2015-10-29,
2015-10-30,
2015-10-31,
2015-11-01,
2015-11-02,
2015-11-03,
2015-11-04,
2015-11-05,
2015-11-06,
2015-11-07,
2015-11-08,
2015-11-09,
2015-11-10,
2015-11-11,
2015-11-12,
2015-11-13,
2015-11-14,
2015-11-15,
2015-11-16,
2015-11-17,
2015-11-18,
2015-11-19,
2015-11-20,
2015-11-21,
2015-11-22,
2015-11-23,
2015-11-24,
2015-11-25,
2015-11-26,
2015-11-27,
2015-11-28,
2015-11-29,
2015-11-30,
2015-12-01,
2015-12-02,
2015-12-03,
2015-12-04,
2015-12-05,
2015-12-06,
2015-12-07,
2015-12-08,
2015-12-09,
2015-12-10,
2015-12-11,
2015-12-12,
2015-12-13,
2015-12-14,
2015-12-15,
2015-12-16,
2015-12-17,
2015-12-18,
2015-12-19,
2015-12-20,
2015-12-21,
2015-12-22,
2015-12-23,
2015-12-24,
2015-12-25,
2015-12-26,
2015-12-27,
2015-12-28,
2015-12-29,
2015-12-30,
2015-12-31,
2016-01-01,
2016-01-02,
2016-01-03,
2016-01-04,
2016-01-05,
2016-01-06,
2016-01-07,
2016-01-08,
2016-01-09,
2016-01-10,
2016-01-11,
2016-01-12,
2016-01-13,
2016-01-14,
2016-01-15,
2016-01-16,
2016-01-17,
2016-01-18,
2016-01-19,
2016-01-20,
2016-01-21,
2016-01-22,
2016-01-23,
2016-01-24,
2016-01-25,
2016-01-26,
2016-01-27,
2016-01-28,
2016-01-29,
2016-01-30,
2016-01-31,
2016-02-01,
2016-02-02,
2016-02-03,
2016-02-04,
2016-02-05,
2016-02-06,
2016-02-07,
2016-02-08,
2016-02-09,
2016-02-10,
2016-02-11,
2016-02-12,
2016-02-13,
2016-02-14,
2016-02-15,
2016-02-16,
2016-02-17,
2016-02-18,
2016-02-19,
2016-02-20,
2016-02-21,
2016-02-22,
2016-02-23,
2016-02-24,
2016-02-25,
2016-02-26,
2016-02-27,
2016-02-28,
2016-02-29,
2016-03-01,
2016-03-02,
2016-03-03,
2016-03-04,
2016-03-05,
2016-03-06,
2016-03-07,
2016-03-08,
2016-03-09,
2016-03-10,
2016-03-11,
2016-03-12,
2016-03-13,
2016-03-14,
2016-03-15,
2016-03-16,
2016-03-17,
2016-03-18,
2016-03-19,
2016-03-20,
2016-03-21,
2016-03-22,
2016-03-23,
2016-03-24,
2016-03-25,
2016-03-26,
2016-03-27,
2016-03-28,
2016-03-29,
2016-03-30,
2016-03-31,
2016-04-01,
2016-04-02,
2016-04-03,
2016-04-04,
2016-04-05,
2016-04-06,
2016-04-07,
2016-04-08,
2016-04-09,
2016-04-10,
2016-04-11,
2016-04-12,
2016-04-13,
2016-04-14,
2016-04-15,
2016-04-16,
2016-04-17,
2016-04-18,
2016-04-19,
2016-04-20,
2016-04-21,
2016-04-22,
2016-04-23,
2016-04-24,
2016-04-25,
2016-04-26,
2016-04-27,
2016-04-28,
2016-04-29,
2016-04-30,
2016-05-01,
2016-05-02,
2016-05-03,
2016-05-04,
2016-05-05,
2016-05-06,
2016-05-07,
2016-05-08,
2016-05-09,
2016-05-10,
2016-05-11,
2016-05-12,
2016-05-13,
2016-05-14,
2016-05-15,
2016-05-16,
2016-05-17,
2016-05-18,
2016-05-19,
2016-05-20,
2016-05-21,
2016-05-22,
2016-05-23,
2016-05-24,
2016-05-25,
2016-05-26,
2016-05-27,
2016-05-28,
2016-05-29,
2016-05-30,
2016-05-31,
2016-06-01,
2016-06-02,
2016-06-03,
2016-06-04,
2016-06-05,
2016-06-06,
2016-06-07,
2016-06-08,
2016-06-09,
2016-06-10,
2016-06-11,
2016-06-12,
2016-06-13,
2016-06-14,
2016-06-15,
2016-06-16,
2016-06-17,
2016-06-18,
2016-06-19,
2016-06-20,
2016-06-21,
2016-06-22,
2016-06-23,
2016-06-24,
2016-06-25,
2016-06-26,
2016-06-27,
2016-06-28,
2016-06-29,
2016-06-30,
2016-07-01,
2016-07-02,
2016-07-03,
2016-07-04,
2016-07-05,
2016-07-06,
2016-07-07,
2016-07-08,
2016-07-09,
2016-07-10,
2016-07-11,
2016-07-12,
2016-07-13,
2016-07-14,
2016-07-15,
2016-07-16,
2016-07-17,
2016-07-18,
2016-07-19,
2016-07-20,
2016-07-21,
2016-07-22,
2016-07-23,
2016-07-24,
2016-07-25,
2016-07-26,
2016-07-27,
2016-07-28,
2016-07-29,
2016-07-30,
2016-07-31,
2016-08-01,
2016-08-02,
2016-08-03,
2016-08-04,
2016-08-05,
2016-08-06,
2016-08-07,
2016-08-08,
2016-08-09,
2016-08-10,
2016-08-11,
2016-08-12,
2016-08-13,
2016-08-14,
2016-08-15,
2016-08-16,
2016-08-17,
2016-08-18,
2016-08-19,
2016-08-20,
2016-08-21,
2016-08-22,
2016-08-23,
2016-08-24,
2016-08-25,
2016-08-26,
2016-08-27,
2016-08-28,
2016-08-29,
2016-08-30,
2016-08-31,
2016-09-01,
2016-09-02,
2016-09-03,
2016-09-04,
2016-09-05,
2016-09-06,
2016-09-07,
2016-09-08,
2016-09-09,
2016-09-10,
2016-09-11,
2016-09-12,
2016-09-13,
2016-09-14,
2016-09-15,
2016-09-16,
2016-09-17,
2016-09-18,
2016-09-19,
2016-09-20,
2016-09-21,
2016-09-22,
2016-09-23,
2016-09-24,
2016-09-25,
2016-09-26,
2016-09-27,
2016-09-28,
2016-09-29,
2016-09-30,
2016-10-01,
2016-10-02,
2016-10-03,
2016-10-04,
2016-10-05,
2016-10-06,
2016-10-07,
2016-10-08,
2016-10-09,
2016-10-10,
2016-10-11,
2016-10-12,
2016-10-13,
2016-10-14,
2016-10-15,
2016-10-16,
2016-10-17,
2016-10-18,
2016-10-19,
2016-10-20,
2016-10-21,
2016-10-22,
2016-10-23,
2016-10-24,
2016-10-25,
2016-10-26,
2016-10-27,
2016-10-28,
2016-10-29,
2016-10-30,
2016-10-31,
2016-11-01,
2016-11-02,
2016-11-03,
2016-11-04,
2016-11-05,
2016-11-06,
2016-11-07,
2016-11-08,
2016-11-09,
2016-11-10,
2016-11-11,
2016-11-12,
2016-11-13,
2016-11-14,
2016-11-15,
2016-11-16,
2016-11-17,
2016-11-18,
2016-11-19,
2016-11-20,
2016-11-21,
2016-11-22,
2016-11-23,
2016-11-24,
2016-11-25,
2016-11-26,
2016-11-27,
2016-11-28,
2016-11-29,
2016-11-30,
2016-12-01,
2016-12-02,
2016-12-03,
2016-12-04,
2016-12-05,
2016-12-06,
2016-12-07,
2016-12-08,
2016-12-09,
2016-12-10,
2016-12-11,
2016-12-12,
2016-12-13,
2016-12-14,
2016-12-15,
2016-12-16,
2016-12-17,
2016-12-18,
2016-12-19,
2016-12-20,
2016-12-21,
2016-12-22,
2016-12-23,
2016-12-24,
2016-12-25,
2016-12-26,
2016-12-27,
2016-12-28,
2016-12-29,
2016-12-30,
2016-12-31,
2017-01-01,
2017-01-02,
2017-01-03,
2017-01-04,
2017-01-05,
2017-01-06,
2017-01-07,
2017-01-08,
2017-01-09,
2017-01-10,
2017-01-11,
2017-01-12,
2017-01-13,
2017-01-14,
2017-01-15,
2017-01-16,
2017-01-17,
2017-01-18,
2017-01-19,
2017-01-20,
2017-01-21,
2017-01-22,
2017-01-23,
2017-01-24,
2017-01-25,
2017-01-26,
2017-01-27,
2017-01-28,
2017-01-29,
2017-01-30,
2017-01-31,
2017-02-01,
2017-02-02,
2017-02-03,
2017-02-04,
2017-02-05,
2017-02-06,
2017-02-07,
2017-02-08,
2017-02-09,
2017-02-10,
2017-02-11,
2017-02-12,
2017-02-13,
2017-02-14,
2017-02-15,
2017-02-16,
2017-02-17,
2017-02-18,
2017-02-19,
2017-02-20,
2017-02-21,
2017-02-22,
2017-02-23,
2017-02-24,
2017-02-25,
2017-02-26,
2017-02-27,
2017-02-28,
2017-03-01,
2017-03-02,
2017-03-03,
2017-03-04,
2017-03-05,
2017-03-06,
2017-03-07,
2017-03-08,
2017-03-09,
2017-03-10,
2017-03-11,
2017-03-12,
2017-03-13,
2017-03-14,
2017-03-15,
2017-03-16,
2017-03-17,
2017-03-18,
2017-03-19,
2017-03-20,
2017-03-21,
2017-03-22,
2017-03-23,
2017-03-24,
2017-03-25,
2017-03-26,
2017-03-27,
2017-03-28,
2017-03-29,
2017-03-30,
2017-03-31,
2017-04-01,
2017-04-02,
2017-04-03,
2017-04-04,
2017-04-05,
2017-04-06,
2017-04-07,
2017-04-08,
2017-04-09,
2017-04-10,
2017-04-11,
2017-04-12,
2017-04-13,
2017-04-14,
2017-04-15,
2017-04-16,
2017-04-17,
2017-04-18,
2017-04-19,
2017-04-20,
2017-04-21,
2017-04-22,
2017-04-23,
2017-04-24,
2017-04-25,
2017-04-26,
2017-04-27,
2017-04-28,
2017-04-29,
2017-04-30,
2017-05-01,
2017-05-02,
2017-05-03,
2017-05-04,
2017-05-05,
2017-05-06,
2017-05-07,
2017-05-08,
2017-05-09,
2017-05-10,
2017-05-11,
2017-05-12,
2017-05-13,
2017-05-14,
2017-05-15,
2017-05-16,
2017-05-17,
2017-05-18,
2017-05-19,
2017-05-20,
2017-05-21,
2017-05-22,
2017-05-23,
2017-05-24,
2017-05-25,
2017-05-26,
2017-05-27,
2017-05-28,
2017-05-29,
2017-05-30,
2017-05-31,
2017-06-01,
2017-06-02,
2017-06-03,
2017-06-04,
2017-06-05,
2017-06-06,
2017-06-07,
2017-06-08,
2017-06-09,
2017-06-10,
2017-06-11,
2017-06-12,
2017-06-13,
2017-06-14,
2017-06-15,
2017-06-16,
2017-06-17,
2017-06-18,
2017-06-19,
2017-06-20,
2017-06-21,
2017-06-22,
2017-06-23,
2017-06-24,
2017-06-25,
2017-06-26,
2017-06-27,
2017-06-28,
2017-06-29,
2017-06-30,
2017-07-01,
2017-07-02,
2017-07-03,
2017-07-04,
2017-07-05,
2017-07-06,
2017-07-07,
2017-07-08,
2017-07-09,
2017-07-10,
2017-07-11,
2017-07-12,
2017-07-13,
2017-07-14,
2017-07-15,
2017-07-16,
2017-07-17,
2017-07-18,
2017-07-19,
2017-07-20,
2017-07-21,
2017-07-22,
2017-07-23,
2017-07-24,
2017-07-25,
2017-07-26,
2017-07-27,
2017-07-28,
2017-07-29,
2017-07-30,
2017-07-31,
2017-08-01,
2017-08-02,
2017-08-03,
2017-08-04,
2017-08-05,
2017-08-06,
2017-08-07,
2017-08-08,
2017-08-09,
2017-08-10,
2017-08-11,
2017-08-12,
2017-08-13,
2017-08-14,
2017-08-15,
2017-08-16,
2017-08-17,
2017-08-18,
2017-08-19,
2017-08-20,
2017-08-21,
2017-08-22,
2017-08-23,
2017-08-24,
2017-08-25,
2017-08-26,
2017-08-27,
2017-08-28,
2017-08-29,
2017-08-30,
2017-08-31,
2017-09-01,
2017-09-02,
2017-09-03,
2017-09-04,
2017-09-05,
2017-09-06,
2017-09-07,
2017-09-08,
2017-09-09,
2017-09-10,
2017-09-11,
2017-09-12,
2017-09-13,
2017-09-14,
2017-09-15,
2017-09-16,
2017-09-17,
2017-09-18,
2017-09-19,
2017-09-20,
2017-09-21,
2017-09-22,
2017-09-23,
2017-09-24,
2017-09-25,
2017-09-26,
2017-09-27,
2017-09-28,
2017-09-29,
2017-09-30,
2017-10-01,
2017-10-02,
2017-10-03,
2017-10-04,
2017-10-05,
2017-10-06,
2017-10-07,
2017-10-08,
2017-10-09,
2017-10-10,
2017-10-11,
2017-10-12,
2017-10-13,
2017-10-14,
2017-10-15,
2017-10-16,
2017-10-17,
2017-10-18,
2017-10-19,
2017-10-20,
2017-10-21,
2017-10-22,
2017-10-23,
2017-10-24,
2017-10-25,
2017-10-26,
2017-10-27,
2017-10-28,
2017-10-29,
2017-10-30,
2017-10-31,
2017-11-01,
2017-11-02,
2017-11-03,
2017-11-04,
2017-11-05,
2017-11-06,
2017-11-07,
2017-11-08,
2017-11-09,
2017-11-10,
2017-11-11,
2017-11-12,
2017-11-13,
2017-11-14,
2017-11-15,
2017-11-16,
2017-11-17,
2017-11-18,
2017-11-19,
2017-11-20,
2017-11-21,
2017-11-22,
2017-11-23,
2017-11-24,
2017-11-25,
2017-11-26,
2017-11-27,
2017-11-28,
2017-11-29,
2017-11-30,
2017-12-01,
2017-12-02,
2017-12-03,
2017-12-04,
2017-12-05,
2017-12-06,
2017-12-07,
2017-12-08,
2017-12-09,
2017-12-10,
2017-12-11,
2017-12-12,
2017-12-13,
2017-12-14,
2017-12-15,
2017-12-16,
2017-12-17,
2017-12-18,
2017-12-19,
2017-12-20,
2017-12-21,
2017-12-22,
2017-12-23,
2017-12-24,
2017-12-25,
2017-12-26,
2017-12-27,
2017-12-28,
2017-12-29,
2017-12-30,
2017-12-31,
2018-01-01,
2018-01-02,
2018-01-03,
2018-01-04,
2018-01-05,
2018-01-06,
2018-01-07,
2018-01-08,
2018-01-09,
2018-01-10,
2018-01-11,
2018-01-12,
2018-01-13,
2018-01-14,
2018-01-15,
2018-01-16,
2018-01-17,
2018-01-18,
2018-01-19,
2018-01-20,
2018-01-21,
2018-01-22,
2018-01-23,
2018-01-24,
2018-01-25,
2018-01-26,
2018-01-27,
2018-01-28,
2018-01-29,
2018-01-30,
2018-01-31,
2018-02-01,
2018-02-02,
2018-02-03,
2018-02-04,
2018-02-05,
2018-02-06,
2018-02-07,
2018-02-08,
2018-02-09,
2018-02-10,
2018-02-11,
2018-02-12,
2018-02-13,
2018-02-14,
2018-02-15,
2018-02-16,
2018-02-17,
2018-02-18,
2018-02-19,
2018-02-20,
2018-02-21,
2018-02-22,
2018-02-23,
2018-02-24,
2018-02-25,
2018-02-26,
2018-02-27,
2018-02-28,
2018-03-01,6.112
2018-03-02,6.077
2018-03-03,6.077
2018-03-04,6.077
2018-03-05,6.084
2018-03-06,6.082
2018-03-07,6.169
2018-03-08,6.244
2018-03-09,6.292
2018-03-10,6.292
2018-03-11,6.292
2018-03-12,6.174
2018-03-13,6.119
2018-03-14,6.132
2018-03-15,6.154
2018-03-16,6.202
2018-03-17,6.202
2018-03-18,6.202
2018-03-19,6.104
2018-03-20,6.067
2018-03-21,6.124
2018-03-22,6.072
2018-03-23,6.164
2018-03-24,6.164
2018-03-25,6.164
2018-03-26,6.144
2018-03-27,6.329
2018-03-28,6.477
2018-03-29,6.387
2018-03-30,6.387
2018-03-31,6.387
2018-04-01,6.387
2018-04-02,6.387
2018-04-03,6.309
2018-04-04,6.334
2018-04-05,6.382
2018-04-06,6.49
2018-04-07,6.49
2018-04-08,6.49
2018-04-09,7.381
2018-04-10,7.278
2018-04-11,7.332
2018-04-12,7.364
2018-04-13,7.446
2018-04-14,7.446
2018-04-15,7.446
2018-04-16,7.358
2018-04-17,7.42
2018-04-18,7.511
2018-04-19,7.517
2018-04-20,7.54
2018-04-21,7.54
2018-04-22,7.54
2018-04-23,7.494
2018-04-24,7.543
2018-04-25,7.597
2018-04-26,7.713
2018-04-27,7.858
2018-04-28,7.858
2018-04-29,7.858
2018-04-30,7.844
2018-05-01,7.855
2018-05-02,7.906
2018-05-03,7.872
2018-05-04,7.926
2018-05-05,7.926
2018-05-06,7.926
2018-05-07,7.926
2018-05-08,7.878
2018-05-09,7.974
2018-05-10,7.96
2018-05-11,7.988
2018-05-12,7.988
2018-05-13,7.988
2018-05-14,8.02
2018-05-15,7.949
2018-05-16,7.895
2018-05-17,8.005
2018-05-18,8.048
2018-05-19,8.048
2018-05-20,8.048
2018-05-21,8.108
2018-05-22,8.108
2018-05-23,8.182
2018-05-24,8.04
2018-05-25,8.074
2018-05-26,8.074
2018-05-27,8.074
2018-05-28,8.074
2018-05-29,7.81
2018-05-30,7.79
2018-05-31,7.767
2018-06-01,7.741
2018-06-02,7.741
2018-06-03,7.741
2018-06-04,7.81
2018-06-05,7.67
2018-06-06,7.651
2018-06-07,7.704
2018-06-08,7.625
2018-06-09,7.625
2018-06-10,7.625
2018-06-11,7.656
2018-06-12,7.338
2018-06-13,7.316
2018-06-14,8.802
2018-06-15,8.737
2018-06-16,8.737
2018-06-17,8.737
2018-06-18,8.702
2018-06-19,8.734
2018-06-20,8.705
2018-06-21,8.627
2018-06-22,8.744
2018-06-23,8.744
2018-06-24,8.744
2018-06-25,8.686
2018-06-26,8.728
2018-06-27,8.728
2018-06-28,8.786
2018-06-29,8.77
2018-06-30,8.77
2018-07-01,8.77
2018-07-02,8.328
2018-07-03,8.413
2018-07-04,8.469
2018-07-05,8.573
2018-07-06,8.582
2018-07-07,8.582
2018-07-08,8.582
2018-07-09,8.542
2018-07-10,8.426
2018-07-11,8.41
2018-07-12,8.527
2018-07-13,8.502
2018-07-14,8.502
2018-07-15,8.502
2018-07-16,8.38
2018-07-17,8.484
2018-07-18,8.487
2018-07-19,8.288
2018-07-20,8.358
2018-07-21,8.358
2018-07-22,8.358
2018-07-23,8.352
2018-07-24,8.193
2018-07-25,8.205
2018-07-26,8.126
2018-07-27,8.149
2018-07-28,8.149
2018-07-29,8.149
2018-07-30,8.068
2018-07-31,8.062
2018-08-01,8.007
2018-08-02,8.004
2018-08-03,8.11
2018-08-04,8.11
2018-08-05,8.11
2018-08-06,8.075
2018-08-07,8.126
2018-08-08,8.23
2018-08-09,8.255
2018-08-10,8.194
2018-08-11,8.194
2018-08-12,8.194
2018-08-13,8.178
2018-08-14,8.188
2018-08-15,8.11
2018-08-16,8.152
2018-08-17,8.159
2018-08-18,8.159
2018-08-19,8.159
2018-08-20,8.139
2018-08-21,8.107
2018-08-22,8.081
2018-08-23,8.081
2018-08-24,8.065
2018-08-25,8.065
2018-08-26,8.065
2018-08-27,8.065
2018-08-28,8.136
2018-08-29,8.065
2018-08-30,8.084
2018-08-31,8.081
2018-09-01,8.081
2018-09-02,8.081
2018-09-03,8.136
2018-09-04,8.165
2018-09-05,8.152
2018-09-06,8.181
2018-09-07,8.078
2018-09-08,8.078
2018-09-09,8.078
2018-09-10,8.13
2018-09-11,8.065
2018-09-12,7.398
2018-09-13,7.353
2018-09-14,7.117
2018-09-15,7.117
2018-09-16,7.117
2018-09-17,7.369
2018-09-18,7.373
2018-09-19,7.34
2018-09-20,7.412
2018-09-21,7.412
2018-09-22,7.412
2018-09-23,7.412
2018-09-24,7.419
2018-09-25,7.389
2018-09-26,7.425
2018-09-27,7.511
2018-09-28,7.524
2018-09-29,7.524
2018-09-30,7.524
2018-10-01,7.402
2018-10-02,7.517
2018-10-03,7.53
2018-10-04,7.33
2018-10-05,7.346
2018-10-06,7.346
2018-10-07,7.346
2018-10-08,7.389
2018-10-09,7.445
2018-10-10,7.465
2018-10-11,7.379
2018-10-12,7.323
2018-10-13,7.323
2018-10-14,7.323
2018-10-15,7.465
2018-10-16,7.474
2018-10-17,7.435
2018-10-18,7.412
2018-10-19,7.55
2018-10-20,7.55
2018-10-21,7.55
2018-10-22,7.474
2018-10-23,7.415
2018-10-24,7.461
2018-10-25,7.494
2018-10-26,7.422
2018-10-27,7.422
2018-10-28,7.422
2018-10-29,7.566
2018-10-30,7.553
2018-10-31,7.494
2018-11-01,7.635
2018-11-02,7.58
2018-11-03,7.58
2018-11-04,7.58
2018-11-05,7.599
2018-11-06,7.635
2018-11-07,7.78
2018-11-08,7.763
2018-11-09,7.433
2018-11-10,7.433
2018-11-11,7.433
2018-11-12,7.391
2018-11-13,7.298
2018-11-14,7.681
2018-11-15,7.281
2018-11-16,7.211
2018-11-17,7.211
2018-11-18,7.211
2018-11-19,7.136
2018-11-20,7.24
2018-11-21,7.285
2018-11-22,7.211
2018-11-23,7.211
2018-11-24,7.211
2018-11-25,7.211
2018-11-26,7.529
2018-11-27,7.572
2018-11-28,7.485
2018-11-29,7.387
2018-11-30,7.364
2018-12-01,7.364
2018-12-02,7.364
2018-12-03,7.28
2018-12-04,7.273
2018-12-05,7.394
2018-12-06,7.206
2018-12-07,7.32
2018-12-08,7.32
2018-12-09,7.32
2018-12-10,7.058
2018-12-11,7.135
2018-12-12,7.253
2018-12-13,7.381
2018-12-14,7.324
2018-12-15,7.324
2018-12-16,7.324
2018-12-17,7.092
2018-12-18,7.001
2018-12-19,7.122
2018-12-20,7.226
2018-12-21,7.266
2018-12-22,7.266
2018-12-23,7.266
2018-12-24,7.263
2018-12-25,7.263
2018-12-26,7.263
2018-12-27,6.94
2018-12-28,7.129
2018-12-29,7.129
2018-12-30,7.129
2018-12-31,7.27
2019-01-01,7.27
2019-01-02,7.186
2019-01-03,7.152
2019-01-04,7.192
2019-01-05,7.192
2019-01-06,7.192
2019-01-07,7.092
2019-01-08,7.303
2019-01-09,7.487
2019-01-10,7.673
2019-01-11,7.69
2019-01-12,7.69
2019-01-13,7.69
2019-01-14,7.65
2019-01-15,7.693
2019-01-16,7.756
2019-01-17,7.694
2019-01-18,7.745
2019-01-19,7.745
2019-01-20,7.745
2019-01-21,7.694
2019-01-22,7.673
2019-01-23,7.69
2019-01-24,7.669
2019-01-25,7.669
2019-01-26,7.669
2019-01-27,7.669
2019-01-28,7.658
2019-01-29,7.821
2019-01-30,7.862
2019-01-31,7.944
2019-02-01,8.015
2019-02-02,8.015
2019-02-03,8.015
2019-02-04,8.022
2019-02-05,8.124
2019-02-06,8.042
2019-02-07,7.967
2019-02-08,7.95
2019-02-09,7.95
2019-02-10,7.95
2019-02-11,7.971
2019-02-12,8.093
2019-02-13,8.107
2019-02-14,8.13
2019-02-15,8.174
2019-02-16,8.174
2019-02-17,8.174
2019-02-18,8.198
2019-02-19,8.191
2019-02-20,8.12
2019-02-21,8.113
2019-02-22,8.062
2019-02-23,8.062
2019-02-24,8.062
2019-02-25,8.079
2019-02-26,8.109
2019-02-27,8.178
2019-02-28,8.106
2019-03-01,8.212
2019-03-02,8.212
2019-03-03,8.212
2019-03-04,8.198
2019-03-05,8.239
2019-03-06,8.212
2019-03-07,8.266
2019-03-08,8.195
2019-03-09,8.195
2019-03-10,8.195
2019-03-11,8.218
2019-03-12,7.855
2019-03-13,7.839
2019-03-14,7.842
2019-03-15,7.885
2019-03-16,7.885
2019-03-17,7.885
2019-03-18,7.999
2019-03-19,8.015
2019-03-20,7.973
2019-03-21,8.048
2019-03-22,7.983
2019-03-23,7.983
2019-03-24,7.983
2019-03-25,7.95
2019-03-26,7.979
2019-03-27,7.966
2019-03-28,7.855
2019-03-29,7.751
2019-03-30,7.751
2019-03-31,7.751
2019-04-01,7.542
2019-04-02,7.692
2019-04-03,7.614
2019-04-04,7.63
2019-04-05,7.548
2019-04-06,7.548
2019-04-07,7.548
2019-04-08,7.532
2019-04-09,7.483
2019-04-10,7.49
2019-04-11,7.476
2019-04-12,7.405
2019-04-13,7.405
2019-04-14,7.405
2019-04-15,7.424
2019-04-16,7.411
2019-04-17,7.359
2019-04-18,7.339
2019-04-19,7.339
2019-04-20,7.339
2019-04-21,7.339
2019-04-22,7.339
2019-04-23,7.372
2019-04-24,7.414
2019-04-25,7.447
2019-04-26,7.522
2019-04-27,7.522
2019-04-28,7.522
2019-04-29,7.473
2019-04-30,7.473
2019-05-01,7.467
2019-05-02,7.382
2019-05-03,7.476
2019-05-04,7.476
2019-05-05,7.476
2019-05-06,7.476
2019-05-07,7.548
2019-05-08,7.323
2019-05-09,7.287
2019-05-10,7.264
2019-05-11,7.264
2019-05-12,7.264
2019-05-13,7.281
2019-05-14,7.254
2019-05-15,7.072
2019-05-16,6.941
2019-05-17,7.589
2019-05-18,7.589
2019-05-19,7.589
2019-05-20,7.578
2019-05-21,7.618
2019-05-22,7.349
2019-05-23,7.382
2019-05-24,7.567
2019-05-25,7.567
2019-05-26,7.567
2019-05-27,7.567
2019-05-28,7.589
2019-05-29,7.6
2019-05-30,7.648
2019-05-31,7.863
2019-06-01,7.863
2019-06-02,7.863
2019-06-03,7.888
2019-06-04,7.932
2019-06-05,8.209
2019-06-06,8.827
2019-06-07,8.923
2019-06-08,8.923
2019-06-09,8.923
2019-06-10,8.919
2019-06-11,8.935
2019-06-12,8.95
2019-06-13,8.966
2019-06-14,8.935
2019-06-15,8.935
2019-06-16,8.935
2019-06-17,8.803
2019-06-18,8.966
2019-06-19,8.891
2019-06-20,8.867
2019-06-21,8.851
2019-06-22,8.851
2019-06-23,8.851
2019-06-24,8.835
2019-06-25,8.935
2019-06-26,8.887
2019-06-27,8.875
2019-06-28,8.935
2019-06-29,8.935
2019-06-30,8.935
2019-07-01,9.046
2019-07-02,9.213
2019-07-03,9.213
2019-07-04,9.261
2019-07-05,9.161
2019-07-06,9.161
2019-07-07,9.161
2019-07-08,9.102
2019-07-09,9.13
2019-07-10,9.106
2019-07-11,9.138
2019-07-12,9.11
2019-07-13,9.11
2019-07-14,9.11
2019-07-15,9.181
2019-07-16,9.169
2019-07-17,9.181
2019-07-18,9.269
2019-07-19,9.229
2019-07-20,9.229
2019-07-21,9.229
2019-07-22,9.197
2019-07-23,9.082
2019-07-24,9.16
2019-07-25,9.016
2019-07-26,9.133
2019-07-27,9.133
2019-07-28,9.133
2019-07-29,9.262
2019-07-30,9.175
2019-07-31,9.191
2019-08-01,9.195
2019-08-02,9.166
2019-08-03,9.166
2019-08-04,9.166
2019-08-05,9.02
2019-08-06,8.97
2019-08-07,9.049
2019-08-08,9.12
2019-08-09,9.141
2019-08-10,9.141
2019-08-11,9.141
2019-08-12,9.266
2019-08-13,9.342
2019-08-14,9.271
2019-08-15,9.22
2019-08-16,9.246
2019-08-17,9.246
2019-08-18,9.246
2019-08-19,9.296
2019-08-20,9.166
2019-08-21,9.162
2019-08-22,9.149
2019-08-23,9.388
2019-08-24,9.388
2019-08-25,9.388
2019-08-26,9.388
2019-08-27,9.425
2019-08-28,9.346
2019-08-29,9.392
2019-08-30,9.613
2019-08-31,9.613
2019-09-01,9.613
2019-09-02,9.596
2019-09-03,9.655
2019-09-04,9.763
2019-09-05,9.759
2019-09-06,9.605
2019-09-07,9.605
2019-09-08,9.605
2019-09-09,9.517
2019-09-10,9.559
2019-09-11,9.688
2019-09-12,9.738
2019-09-13,9.884
2019-09-14,9.884
2019-09-15,9.884
2019-09-16,10.022
2019-09-17,10.127
2019-09-18,10.256
2019-09-19,10.345
2019-09-20,10.345
2019-09-21,10.345
2019-09-22,10.345
2019-09-23,10.223
2019-09-24,10.282
2019-09-25,10.265
2019-09-26,10.378
2019-09-27,10.407
2019-09-28,10.407
2019-09-29,10.407
2019-09-30,10.402
2019-10-01,10.457
2019-10-02,10.189
2019-10-03,10.277
2019-10-04,10.465
2019-10-05,10.465
2019-10-06,10.465
2019-10-07,10.498
2019-10-08,10.186
2019-10-09,10.214
2019-10-10,10.231
2019-10-11,10.752
2019-10-12,10.752
2019-10-13,10.752
2019-10-14,10.527
2019-10-15,10.794
2019-10-16,10.724
2019-10-17,10.785
2019-10-18,10.748
2019-10-19,10.748
2019-10-20,10.748
2019-10-21,10.765
2019-10-22,10.831
2019-10-23,10.863
2019-10-24,10.7
2019-10-25,10.578
2019-10-26,10.578
2019-10-27,10.578
2019-10-28,10.545
2019-10-29,10.338
2019-10-30,10.411
2019-10-31,10.436
2019-11-01,10.492
2019-11-02,10.492
2019-11-03,10.492
2019-11-04,10.419
2019-11-05,10.407
2019-11-06,10.379
2019-11-07,9.98
2019-11-08,10.0
2019-11-09,10.0
2019-11-10,10.0
2019-11-11,10.128
2019-11-12,10.32
2019-11-13,10.576
2019-11-14,10.484
2019-11-15,10.504
2019-11-16,10.504
2019-11-17,10.504
2019-11-18,10.724
2019-11-19,10.56
2019-11-20,10.52
2019-11-21,10.431
2019-11-22,10.675
2019-11-23,10.675
2019-11-24,10.675
2019-11-25,10.862
2019-11-26,10.732
2019-11-27,10.671
2019-11-28,10.716
2019-11-29,10.57
2019-11-30,10.57
2019-12-01,10.57
2019-12-02,10.411
2019-12-03,10.407
2019-12-04,10.574
2019-12-05,10.692
2019-12-06,10.749
2019-12-07,10.749
2019-12-08,10.749
2019-12-09,10.716
2019-12-10,10.651
2019-12-11,10.74
2019-12-12,10.647
2019-12-13,11.509
2019-12-14,11.509
2019-12-15,11.509
2019-12-16,11.867
2019-12-17,11.793
2019-12-18,11.728
2019-12-19,11.834
2019-12-20,11.789
2019-12-21,11.789
2019-12-22,11.789
2019-12-23,11.879
2019-12-24,11.932
2019-12-25,11.932
2019-12-26,11.932
2019-12-27,11.932
2019-12-28,11.932
2019-12-29,11.932
2019-12-30,11.834
2019-12-31,11.696
2020-01-01,11.696
2020-01-02,11.842
2020-01-03,11.749
2020-01-04,11.749
2020-01-05,11.749
2020-01-06,11.724
2020-01-07,11.574
2020-01-08,11.747
2020-01-09,11.768
2020-01-10,11.889
2020-01-11,11.889
2020-01-12,11.889
2020-01-13,12.052
2020-01-14,12.168
2020-01-15,12.402
2020-01-16,12.534
2020-01-17,12.678
2020-01-18,12.678
2020-01-19,12.678
2020-01-20,12.686
2020-01-21,12.572
2020-01-22,12.746
2020-01-23,12.762
2020-01-24,12.97
2020-01-25,12.97
2020-01-26,12.97
2020-01-27,12.686
2020-01-28,12.775
2020-01-29,12.72
2020-01-30,12.729
2020-01-31,12.792
2020-02-01,12.792
2020-02-02,12.792
2020-02-03,13.439
2020-02-04,13.417
2020-02-05,13.67
2020-02-06,13.897
2020-02-07,13.98
2020-02-08,13.98
2020-02-09,13.98
2020-02-10,13.962
2020-02-11,14.329
2020-02-12,14.07
2020-02-13,14.196
2020-02-14,14.369
2020-02-15,14.369
2020-02-16,14.369
2020-02-17,14.503
2020-02-18,14.59
2020-02-19,14.607
2020-02-20,14.516
2020-02-21,14.603
2020-02-22,14.603
2020-02-23,14.603
2020-02-24,14.339
2020-02-25,13.858
2020-02-26,13.962
2020-02-27,13.603
2020-02-28,13.243
2020-02-29,13.243
2020-03-01,13.243
2020-03-02,13.386
2020-03-03,13.667
2020-03-04,14.23
2020-03-05,14.161
2020-03-06,13.641
2020-03-07,13.641
2020-03-08,13.641
2020-03-09,12.775
2020-03-10,12.16
2020-03-11,12.147
2020-03-12,10.77
2020-03-13,11.23
2020-03-14,11.23
2020-03-15,11.23
2020-03-16,10.785
2020-03-17,11.499
2020-03-18,10.14
2020-03-19,9.777
2020-03-20,9.963
2020-03-21,9.963
2020-03-22,9.963
2020-03-23,8.783
2020-03-24,9.949
2020-03-25,10.785
2020-03-26,11.403
2020-03-27,10.326
2020-03-28,10.326
2020-03-29,10.326
2020-03-30,10.351
2020-03-31,10.686
2020-04-01,10.034
2020-04-02,9.629
2020-04-03,9.147
2020-04-04,9.147
2020-04-05,9.147
2020-04-06,9.646
2020-04-07,9.863
2020-04-08,10.311
2020-04-09,10.643
2020-04-10,10.643
2020-04-11,10.643
2020-04-12,10.643
2020-04-13,10.643
2020-04-14,10.382
2020-04-15,10.242
2020-04-16,10.229
2020-04-17,10.361
2020-04-18,10.361
2020-04-19,10.361
2020-04-20,10.399
2020-04-21,10.191
2020-04-22,10.463
2020-04-23,10.526
2020-04-24,10.233
2020-04-25,10.233
2020-04-26,10.233
2020-04-27,10.187
2020-04-28,10.407
2020-04-29,10.654
2020-04-30,10.611
2020-05-01,10.611
2020-05-02,10.611
2020-05-03,10.611
2020-05-04,10.395
2020-05-05,10.424
2020-05-06,10.424
2020-05-07,10.488
2020-05-08,10.488
2020-05-09,10.488
2020-05-10,10.488
2020-05-11,10.539
2020-05-12,10.968
2020-05-13,10.683
2020-05-14,10.409
2020-05-15,10.354
2020-05-16,10.354
2020-05-17,10.354
2020-05-18,10.874
2020-05-19,10.354
2020-05-20,10.354
2020-05-21,10.193
2020-05-22,10.015
2020-05-23,10.015
2020-05-24,10.015
2020-05-25,10.015
2020-05-26,10.214
2020-05-27,10.333
2020-05-28,10.409
2020-05-29,10.506
2020-05-30,10.506
2020-05-31,10.506
2020-06-01,10.586
2020-06-02,10.853
2020-06-03,11.031
2020-06-04,10.726
2020-06-05,10.895
2020-06-06,10.895
2020-06-07,10.895
2020-06-08,11.039
2020-06-09,10.519
2020-06-10,10.624
2020-06-11,10.261
2020-06-12,10.481
2020-06-13,10.481
2020-06-14,10.481
2020-06-15,10.561
2020-06-16,10.739
2020-06-17,11.77
2020-06-18,11.799
2020-06-19,11.791
2020-06-20,11.791
2020-06-21,11.791
2020-06-22,11.816
2020-06-23,11.973
2020-06-24,11.556
2020-06-25,11.586
2020-06-26,11.611
2020-06-27,11.611
2020-06-28,11.611
2020-06-29,11.854
2020-06-30,11.62
2020-07-01,11.675
2020-07-02,11.679
2020-07-03,11.581
2020-07-04,11.581
2020-07-05,11.581
2020-07-06,11.637
2020-07-07,11.33
2020-07-08,11.42
2020-07-09,10.734
2020-07-10,11.297
2020-07-11,11.297
2020-07-12,11.297
2020-07-13,11.352
2020-07-14,11.421
2020-07-15,11.66
2020-07-16,11.947
2020-07-17,12.203
2020-07-18,12.203
2020-07-19,12.203
2020-07-20,12.046
2020-07-21,12.037
2020-07-22,12.131
2020-07-23,11.83
2020-07-24,11.746
2020-07-25,11.746
2020-07-26,11.746
2020-07-27,11.627
2020-07-28,11.799
2020-07-29,11.764
2020-07-30,11.609
2020-07-31,11.507
2020-08-01,11.507
2020-08-02,11.507
2020-08-03,11.587
2020-08-04,11.657
2020-08-05,11.719
2020-08-06,11.697
2020-08-07,11.755
2020-08-08,11.755
2020-08-09,11.755
2020-08-10,11.998
2020-08-11,11.788
2020-08-12,11.878
2020-08-13,11.819
2020-08-14,11.663
2020-08-15,11.663
2020-08-16,11.663
2020-08-17,11.681
2020-08-18,11.56
2020-08-19,11.6
2020-08-20,11.557
2020-08-21,11.593
2020-08-22,11.593
2020-08-23,11.593
2020-08-24,11.647
2020-08-25,11.45
2020-08-26,11.486
2020-08-27,11.423
2020-08-28,11.254
2020-08-29,11.254
2020-08-30,11.254
2020-08-31,11.254
2020-09-01,11.039
2020-09-02,11.18
2020-09-03,10.913
2020-09-04,10.669
2020-09-05,10.669
2020-09-06,10.669
2020-09-07,10.927
2020-09-08,10.771
2020-09-09,10.869
2020-09-10,10.816
2020-09-11,10.798
2020-09-12,10.798
2020-09-13,10.798
2020-09-14,10.674
2020-09-15,10.789
2020-09-16,10.745
2020-09-17,10.643
2020-09-18,10.78
2020-09-19,10.78
2020-09-20,10.78
2020-09-21,10.439
2020-09-22,10.43
2020-09-23,10.51
2020-09-24,10.39
2020-09-25,10.559
2020-09-26,10.559
2020-09-27,10.559
2020-09-28,10.554
2020-09-29,10.789
2020-09-30,10.718
2020-10-01,11.126
2020-10-02,11.415
2020-10-03,11.415
2020-10-04,11.415
2020-10-05,11.271
2020-10-06,11.315
2020-10-07,11.521
2020-10-08,11.587
2020-10-09,11.368
2020-10-10,11.368
2020-10-11,11.368
2020-10-12,11.631
2020-10-13,11.998
2020-10-14,12.088
2020-10-15,11.737
2020-10-16,11.95
2020-10-17,11.95
2020-10-18,11.95
2020-10-19,12.07
2020-10-20,11.832
2020-10-21,11.792
2020-10-22,11.694
2020-10-23,11.863
2020-10-24,11.863
2020-10-25,11.863
2020-10-26,11.943
2020-10-27,11.681
2020-10-28,11.374
2020-10-29,11.138
2020-10-30,11.182
2020-10-31,11.182
2020-11-01,11.182
2020-11-02,11.2
2020-11-03,11.534
2020-11-04,11.815
2020-11-05,11.944
2020-11-06,11.842
2020-11-07,11.842
2020-11-08,11.842
2020-11-09,12.015
2020-11-10,12.029
2020-11-11,12.35
2020-11-12,12.243
2020-11-13,12.136
2020-11-14,12.136
2020-11-15,12.136
2020-11-16,12.1
2020-11-17,12.011
2020-11-18,12.55
2020-11-19,12.222
2020-11-20,12.253
2020-11-21,12.253
2020-11-22,12.253
2020-11-23,12.204
2020-11-24,12.527
2020-11-25,12.428
2020-11-26,12.365
2020-11-27,12.374
2020-11-28,12.374
2020-11-29,12.374
2020-11-30,12.025
2020-12-01,12.28
2020-12-02,12.47
2020-12-03,12.415
2020-12-04,12.648
2020-12-05,12.648
2020-12-06,12.648
2020-12-07,12.519
2020-12-08,12.882
2020-12-09,13.144
2020-12-10,13.043
2020-12-11,12.859
2020-12-12,12.859
2020-12-13,12.859
2020-12-14,13.263
2020-12-15,13.263
2020-12-16,13.658
2020-12-17,13.598
2020-12-18,13.607
2020-12-19,13.607
2020-12-20,13.607
2020-12-21,13.405
2020-12-22,14.994
2020-12-23,15.306
2020-12-24,15.362
2020-12-25,15.362
2020-12-26,15.362
2020-12-27,15.362
2020-12-28,15.362
2020-12-29,15.7
2020-12-30,15.422
2020-12-31,15.14
2021-01-01,15.14
2021-01-02,15.14
2021-01-03,15.14
2021-01-04,15.527
2021-01-05,15.335
2021-01-06,15.974
2021-01-07,16.015
2021-01-08,16.251
2021-01-09,16.251
2021-01-10,16.251
2021-01-11,16.074
2021-01-12,15.617
2021-01-13,15.687
2021-01-14,15.453
2021-01-15,15.357
2021-01-16,15.357
2021-01-17,15.357
2021-01-18,15.453
2021-01-19,15.332
2021-01-20,15.367
2021-01-21,15.246
2021-01-22,15.822
2021-01-23,15.822
2021-01-24,15.822
2021-01-25,15.597
2021-01-26,15.068
2021-01-27,14.542
2021-01-28,14.805
2021-01-29,14.721
2021-01-30,14.721
2021-01-31,14.721
2021-02-01,14.999
2021-02-02,14.979
2021-02-03,14.87
2021-02-04,14.706
2021-02-05,14.582
2021-02-06,14.582
2021-02-07,14.582
2021-02-08,14.334
2021-02-09,14.264
2021-02-10,14.284
2021-02-11,14.374
2021-02-12,14.106
2021-02-13,14.106
2021-02-14,14.106
2021-02-15,12.539
2021-02-16,12.157
2021-02-17,12.239
2021-02-18,12.162
2021-02-19,12.106
2021-02-20,12.106
2021-02-21,12.106
2021-02-22,11.866
2021-02-23,11.815
2021-02-24,11.87
2021-02-25,11.639
2021-02-26,11.352
2021-02-27,11.352
2021-02-28,11.352
2021-03-01,11.527
2021-03-02,11.42
2021-03-03,11.155
2021-03-04,11.296
2021-03-05,11.232
2021-03-06,11.232
2021-03-07,11.232
2021-03-08,11.215
2021-03-09,11.45
2021-03-10,11.557
2021-03-11,11.87
2021-03-12,11.836
2021-03-13,11.836
2021-03-14,11.836
2021-03-15,11.917
2021-03-16,12.123
2021-03-17,11.879
2021-03-18,12.046
2021-03-19,12.102
2021-03-20,12.102
2021-03-21,12.102
2021-03-22,12.226
2021-03-23,12.402
2021-03-24,12.247
2021-03-25,12.423
2021-03-26,12.397
2021-03-27,12.397
2021-03-28,12.397
2021-03-29,12.479
2021-03-30,12.113
2021-03-31,12.286
2021-04-01,12.255
2021-04-02,12.255
2021-04-03,12.255
2021-04-04,12.255
2021-04-05,12.255
2021-04-06,12.681
2021-04-07,12.346
2021-04-08,12.587
2021-04-09,12.582
2021-04-10,12.582
2021-04-11,12.582
2021-04-12,12.513
2021-04-13,12.333
2021-04-14,12.223
2021-04-15,12.301
2021-04-16,12.166
2021-04-17,12.166
2021-04-18,12.166
2021-04-19,12.195
2021-04-20,12.089
2021-04-21,11.905
2021-04-22,12.317
2021-04-23,12.191
2021-04-24,12.191
2021-04-25,12.191
2021-04-26,12.056
2021-04-27,12.019
2021-04-28,11.958
2021-04-29,11.88
2021-04-30,11.983
2021-05-01,11.983
2021-05-02,11.983
2021-05-03,11.983
2021-05-04,11.702
2021-05-05,11.783
2021-05-06,11.779
2021-05-07,12.0
2021-05-08,12.0
2021-05-09,12.0
2021-05-10,11.932
2021-05-11,11.577
2021-05-12,11.682
2021-05-13,11.976
2021-05-14,12.388
2021-05-15,12.388
2021-05-16,12.388
2021-05-17,12.267
2021-05-18,12.303
2021-05-19,12.198
2021-05-20,12.416
2021-05-21,12.4
2021-05-22,12.4
2021-05-23,12.4
2021-05-24,12.388
2021-05-25,12.509
2021-05-26,12.317
2021-05-27,12.161
2021-05-28,12.317
2021-05-29,12.317
2021-05-30,12.317
2021-05-31,12.317
2021-06-01,12.492
2021-06-02,12.297
2021-06-03,12.285
2021-06-04,12.289
2021-06-05,12.289
2021-06-06,12.289
2021-06-07,12.625
2021-06-08,12.661
2021-06-09,12.667
2021-06-10,12.672
2021-06-11,12.778
2021-06-12,12.778
2021-06-13,12.778
2021-06-14,12.942
2021-06-15,12.893
2021-06-16,14.69
2021-06-17,14.521
2021-06-18,14.283
2021-06-19,14.283
2021-06-20,14.283
2021-06-21,14.189
2021-06-22,13.93
2021-06-23,13.879
2021-06-24,13.911
2021-06-25,13.916
2021-06-26,13.916
2021-06-27,13.916
2021-06-28,13.682
2021-06-29,13.735
2021-06-30,13.523
2021-07-01,13.996
2021-07-02,14.014
2021-07-03,14.014
2021-07-04,14.014
2021-07-05,14.056
2021-07-06,14.121
2021-07-07,14.59
2021-07-08,14.355
2021-07-09,14.369
2021-07-10,14.369
2021-07-11,14.369
2021-07-12,14.458
2021-07-13,14.167
2021-07-14,13.994
2021-07-15,13.748
2021-07-16,13.808
2021-07-17,13.808
2021-07-18,13.808
2021-07-19,13.493
2021-07-20,13.434
2021-07-21,13.648
2021-07-22,13.634
2021-07-23,13.848
2021-07-24,13.848
2021-07-25,13.848
2021-07-26,13.866
2021-07-27,13.908
2021-07-28,13.967
2021-07-29,13.925
2021-07-30,13.817
2021-07-31,13.817
2021-08-01,13.817
2021-08-02,13.994
2021-08-03,13.968
2021-08-04,14.53
2021-08-05,14.436
2021-08-06,14.683
2021-08-07,14.683
2021-08-08,14.683
2021-08-09,15.419
2021-08-10,15.39
2021-08-11,15.504
2021-08-12,15.232
2021-08-13,15.499
2021-08-14,15.499
2021-08-15,15.499
2021-08-16,15.473
2021-08-17,15.461
2021-08-18,15.638
2021-08-19,15.704
2021-08-20,15.929
2021-08-21,15.929
2021-08-22,15.929
2021-08-23,15.628
2021-08-24,15.781
2021-08-25,15.729
2021-08-26,15.557
2021-08-27,15.485
2021-08-28,15.485
2021-08-29,15.485
2021-08-30,15.485
2021-08-31,15.604
2021-09-01,15.864
2021-09-02,15.842
2021-09-03,15.972
2021-09-04,15.972
2021-09-05,15.972
2021-09-06,15.862
2021-09-07,15.665
2021-09-08,15.725
2021-09-09,15.571
2021-09-10,15.513
2021-09-11,15.513
2021-09-12,15.513
2021-09-13,15.696
2021-09-14,15.961
2021-09-15,15.879
2021-09-16,15.874
2021-09-17,15.49
2021-09-18,15.49
2021-09-19,15.49
2021-09-20,15.557
2021-09-21,15.742
2021-09-22,15.656
2021-09-23,15.59
2021-09-24,15.434
2021-09-25,15.434
2021-09-26,15.434
2021-09-27,15.405
2021-09-28,15.111
2021-09-29,15.163
2021-09-30,14.794
2021-10-01,14.869
2021-10-02,14.869
2021-10-03,14.869
2021-10-04,14.485
2021-10-05,14.536
2021-10-06,14.342
2021-10-07,14.494
2021-10-08,14.523
2021-10-09,14.523
2021-10-10,14.523
2021-10-11,14.608
2021-10-12,14.8
2021-10-13,14.796
2021-10-14,14.791
2021-10-15,14.642
2021-10-16,14.642
2021-10-17,14.642
2021-10-18,14.759
2021-10-19,14.782
2021-10-20,15.089
2021-10-21,15.2
2021-10-22,15.294
2021-10-23,15.294
2021-10-24,15.294
2021-10-25,14.975
2021-10-26,15.082
2021-10-27,15.406
2021-10-28,15.559
2021-10-29,15.203
2021-10-30,15.203
2021-10-31,15.203
2021-11-01,15.495
2021-11-02,15.394
2021-11-03,15.219
2021-11-04,15.275
2021-11-05,15.164
2021-11-06,15.164
2021-11-07,15.164
2021-11-08,15.043
2021-11-09,14.832
2021-11-10,15.252
2021-11-11,15.447
2021-11-12,15.391
2021-11-13,15.391
2021-11-14,15.391
2021-11-15,15.452
2021-11-16,15.466
2021-11-17,14.294
2021-11-18,14.432
2021-11-19,14.468
2021-11-20,14.468
2021-11-21,14.468
2021-11-22,14.47
2021-11-23,14.488
2021-11-24,14.562
2021-11-25,14.731
2021-11-26,14.635
2021-11-27,14.635
2021-11-28,14.635
2021-11-29,14.579
2021-11-30,14.523
2021-12-01,14.813
2021-12-02,14.703
2021-12-03,14.948
2021-12-04,14.948
2021-12-05,14.948
2021-12-06,15.162
2021-12-07,15.148
2021-12-08,15.307
2021-12-09,15.419
2021-12-10,15.26
2021-12-11,15.26
2021-12-12,15.26
2021-12-13,15.155
2021-12-14,14.86
2021-12-15,15.094
2021-12-16,14.897
2021-12-17,15.056
2021-12-18,15.056
2021-12-19,15.056
2021-12-20,15.183
2021-12-21,15.29
2021-12-22,15.323
2021-12-23,15.29
2021-12-24,15.3
2021-12-25,15.3
2021-12-26,15.3
2021-12-27,15.3
2021-12-28,15.3
2021-12-29,15.646
2021-12-30,15.473
2021-12-31,15.431
2022-01-01,15.431
2022-01-02,15.431
2022-01-03,15.431
2022-01-04,15.686
2022-01-05,15.493
2022-01-06,15.095
2022-01-07,15.179
2022-01-08,15.179
2022-01-09,15.179
2022-01-10,15.22
2022-01-11,15.072
2022-01-12,14.956
2022-01-13,14.993
2022-01-14,14.88
2022-01-15,14.88
2022-01-16,14.88
2022-01-17,14.941
2022-01-18,14.977
2022-01-19,14.873
2022-01-20,15.044
2022-01-21,14.816
2022-01-22,14.816
2022-01-23,14.816
2022-01-24,14.573
2022-01-25,14.522
2022-01-26,14.555
2022-01-27,14.848
2022-01-28,14.915
2022-01-29,14.915
2022-01-30,14.915
2022-01-31,14.952
2022-02-01,15.014
2022-02-02,15.184
2022-02-03,15.028
2022-02-04,14.726
2022-02-05,14.726
2022-02-06,14.726
2022-02-07,14.659
2022-02-08,14.636
2022-02-09,14.811
2022-02-10,14.692
2022-02-11,14.617
2022-02-12,14.617
2022-02-13,14.617
2022-02-14,14.409
2022-02-15,14.703
2022-02-16,14.982
2022-02-17,15.138
2022-02-18,15.042
2022-02-19,15.042
2022-02-20,15.042
2022-02-21,14.283
2022-02-22,14.154
2022-02-23,14.423
2022-02-24,14.153
2022-02-25,14.966
2022-02-26,14.966
2022-02-27,14.966
2022-02-28,15.14
2022-03-01,14.509
2022-03-02,14.389
2022-03-03,13.905
2022-03-04,14.167
2022-03-05,14.167
2022-03-06,14.167
2022-03-07,14.15
2022-03-08,14.283
2022-03-09,14.931
2022-03-10,14.851
2022-03-11,14.638
2022-03-12,14.638
2022-03-13,14.638
2022-03-14,14.737
2022-03-15,14.91
2022-03-16,14.679
2022-03-17,14.946
2022-03-18,15.008
2022-03-19,15.008
2022-03-20,15.008
2022-03-21,14.87
2022-03-22,15.07
2022-03-23,14.478
2022-03-24,14.462
2022-03-25,14.466
2022-03-26,14.466
2022-03-27,14.466
2022-03-28,14.608
2022-03-29,14.741
2022-03-30,15.046
2022-03-31,15.029
2022-04-01,14.751
2022-04-02,14.751
2022-04-03,14.751
2022-04-04,14.781
2022-04-05,15.3
2022-04-06,15.373
2022-04-07,15.249
2022-04-08,15.471
2022-04-09,15.471
2022-04-10,15.471
2022-04-11,15.296
2022-04-12,15.185
2022-04-13,15.236
2022-04-14,15.262
2022-04-15,15.262
2022-04-16,15.262
2022-04-17,15.262
2022-04-18,15.262
2022-04-19,15.198
2022-04-20,15.349
2022-04-21,15.244
2022-04-22,15.362
2022-04-23,15.362
2022-04-24,15.362
2022-04-25,15.358
2022-04-26,15.117
2022-04-27,15.216
2022-04-28,15.298
2022-04-29,15.402
2022-04-30,15.402
2022-05-01,15.402
2022-05-02,15.402
2022-05-03,15.286
2022-05-04,15.2
2022-05-05,15.373
2022-05-06,15.068
2022-05-07,15.068
2022-05-08,15.068
2022-05-09,14.874
2022-05-10,15.01
2022-05-11,15.011
2022-05-12,14.838
2022-05-13,15.079
2022-05-14,15.079
2022-05-15,15.079
2022-05-16,15.225
2022-05-17,15.319
2022-05-18,15.641
2022-05-19,15.441
2022-05-20,15.58
2022-05-21,15.58
2022-05-22,15.58
2022-05-23,15.612
2022-05-24,14.386
2022-05-25,15.213
2022-05-26,14.512
2022-05-27,14.289
2022-05-28,14.289
2022-05-29,14.289
2022-05-30,14.352
2022-05-31,14.409
2022-06-01,14.316
2022-06-02,14.316
2022-06-03,14.316
2022-06-04,14.316
2022-06-05,14.316
2022-06-06,14.799
2022-06-07,14.702
2022-06-08,14.301
2022-06-09,14.22
2022-06-10,14.14
2022-06-11,14.14
2022-06-12,14.14
2022-06-13,13.684
2022-06-14,13.147
2022-06-15,13.279
2022-06-16,12.772
2022-06-17,12.692
2022-06-18,12.692
2022-06-19,12.692
2022-06-20,12.944
2022-06-21,12.86
2022-06-22,12.954
2022-06-23,12.935
2022-06-24,13.13
2022-06-25,13.13
2022-06-26,13.13
2022-06-27,12.738
2022-06-28,12.481
2022-06-29,12.365
2022-06-30,11.89
2022-07-01,12.342
2022-07-02,12.342
2022-07-03,12.342
2022-07-04,12.474
2022-07-05,12.294
2022-07-06,12.486
2022-07-07,12.159
2022-07-08,12.105
2022-07-09,12.105
2022-07-10,12.105
2022-07-11,12.5
2022-07-12,12.612
2022-07-13,12.499
2022-07-14,12.277
2022-07-15,12.64
2022-07-16,12.64
2022-07-17,12.64
2022-07-18,12.81
2022-07-19,12.763
2022-07-20,12.596
2022-07-21,12.479
2022-07-22,12.526
2022-07-23,12.526
2022-07-24,12.526
2022-07-25,12.557
2022-07-26,12.612
2022-07-27,12.832
2022-07-28,12.882
2022-07-29,13.195
2022-07-30,13.195
2022-07-31,13.195
2022-08-01,13.311
2022-08-02,13.37
2022-08-03,13.21
2022-08-04,13.303
2022-08-05,13.229
2022-08-06,13.229
2022-08-07,13.229
2022-08-08,13.34
2022-08-09,13.508
2022-08-10,13.001
2022-08-11,13.049
2022-08-12,13.155
2022-08-13,13.155
2022-08-14,13.155
2022-08-15,13.292
2022-08-16,13.468
2022-08-17,13.483
2022-08-18,13.505
2022-08-19,13.549
2022-08-20,13.549
2022-08-21,13.549
2022-08-22,13.819
2022-08-23,13.701
2022-08-24,13.608
2022-08-25,13.526
2022-08-26,13.378
2022-08-27,13.378
2022-08-28,13.378
2022-08-29,13.378
2022-08-30,12.699
2022-08-31,12.265
2022-09-01,12.354
2022-09-02,12.495
2022-09-03,12.495
2022-09-04,12.495
2022-09-05,13.007
2022-09-06,12.931
2022-09-07,13.44
2022-09-08,13.433
2022-09-09,13.72
2022-09-10,13.72
2022-09-11,13.72
2022-09-12,13.839
2022-09-13,13.5
2022-09-14,13.118
2022-09-15,13.036
2022-09-16,13.107
2022-09-17,13.107
2022-09-18,13.107
2022-09-19,13.107
2022-09-20,12.76
2022-09-21,12.999
2022-09-22,12.865
2022-09-23,12.697
2022-09-24,12.697
2022-09-25,12.697
2022-09-26,12.491
2022-09-27,11.625
2022-09-28,11.896
2022-09-29,11.35
2022-09-30,11.482
2022-10-01,11.482
2022-10-02,11.482
2022-10-03,11.806
2022-10-04,11.532
2022-10-05,11.373
2022-10-06,11.115
2022-10-07,11.085
2022-10-08,11.085
2022-10-09,11.085
2022-10-10,11.044
2022-10-11,10.767
2022-10-12,10.474
2022-10-13,10.593
2022-10-14,10.731
2022-10-15,10.731
2022-10-16,10.731
2022-10-17,10.968
2022-10-18,10.872
2022-10-19,10.857
2022-10-20,10.766
2022-10-21,10.652
2022-10-22,10.652
2022-10-23,10.652
2022-10-24,10.848
2022-10-25,10.956
2022-10-26,10.964
2022-10-27,10.95
2022-10-28,11.086
2022-10-29,11.086
2022-10-30,11.086
2022-10-31,10.974
2022-11-01,11.08
2022-11-02,11.115
2022-11-03,11.062
2022-11-04,11.133
2022-11-05,11.133
2022-11-06,11.133
2022-11-07,11.073
2022-11-08,11.186
2022-11-09,11.383
2022-11-10,11.767
2022-11-11,11.478
2022-11-12,11.478
2022-11-13,11.478
2022-11-14,11.51
2022-11-15,11.591
2022-11-16,11.736
2022-11-17,11.887
2022-11-18,11.938
2022-11-19,11.938
2022-11-20,11.938
2022-11-21,11.859
2022-11-22,12.01
2022-11-23,11.986
2022-11-24,12.073
2022-11-25,12.039
2022-11-26,12.039
2022-11-27,12.039
2022-11-28,11.85
2022-11-29,11.474
2022-11-30,11.774
2022-12-01,11.991
2022-12-02,11.874
2022-12-03,11.874
2022-12-04,11.874
2022-12-05,11.923
2022-12-06,11.785
2022-12-07,11.764
2022-12-08,11.702
2022-12-09,11.688
2022-12-10,11.688
2022-12-11,11.688
2022-12-12,11.692
2022-12-13,11.774
2022-12-14,11.831
2022-12-15,11.807
2022-12-16,11.723
2022-12-17,11.723
2022-12-18,11.723
2022-12-19,11.726
2022-12-20,11.935
2022-12-21,12.03
2022-12-22,12.03
2022-12-23,11.967
2022-12-24,11.967
2022-12-25,11.967
2022-12-26,11.967
2022-12-27,11.967
2022-12-28,12.051
2022-12-29,12.107
2022-12-30,12.002
2022-12-31,12.002
2023-01-01,12.002
2023-01-02,12.002
2023-01-03,11.671
2023-01-04,11.474
2023-01-05,11.558
2023-01-06,11.603
2023-01-07,11.603
2023-01-08,11.603
2023-01-09,11.579
2023-01-10,11.657
2023-01-11,11.786
2023-01-12,11.832
2023-01-13,11.876
2023-01-14,11.876
2023-01-15,11.876
2023-01-16,12.019
2023-01-17,11.97
2023-01-18,11.828
2023-01-19,11.787
2023-01-20,12.149
2023-01-21,12.149
2023-01-22,12.149
2023-01-23,11.963
2023-01-24,11.93
2023-01-25,11.99
2023-01-26,11.921
2023-01-27,11.939
2023-01-28,11.939
2023-01-29,11.939
2023-01-30,11.975
2023-01-31,11.875
2023-02-01,11.899
2023-02-02,12.17
2023-02-03,12.194
2023-02-04,12.194
2023-02-05,12.194
2023-02-06,12.17
2023-02-07,12.073
2023-02-08,12.052
2023-02-09,12.055
2023-02-10,11.972
2023-02-11,11.972
2023-02-12,11.972
2023-02-13,12.007
2023-02-14,12.003
2023-02-15,12.034
2023-02-16,12.021
2023-02-17,12.184
2023-02-18,12.184
2023-02-19,12.184
2023-02-20,12.194
2023-02-21,12.26
2023-02-22,12.284
2023-02-23,12.16
2023-02-24,12.153
2023-02-25,12.153
2023-02-26,12.153
2023-02-27,12.184
2023-02-28,12.053
2023-03-01,11.828
2023-03-02,11.928
2023-03-03,11.953
2023-03-04,11.953
2023-03-05,11.953
2023-03-06,11.841
2023-03-07,11.896
2023-03-08,11.927
2023-03-09,11.892
2023-03-10,11.93
2023-03-11,11.93
2023-03-12,11.93
2023-03-13,11.798
2023-03-14,11.976
2023-03-15,11.771
2023-03-16,11.877
2023-03-17,11.624
2023-03-18,11.624
2023-03-19,11.624
2023-03-20,11.719
2023-03-21,11.849
2023-03-22,11.778
2023-03-23,11.823
2023-03-24,11.612
2023-03-25,11.612
2023-03-26,11.612
2023-03-27,11.758
2023-03-28,11.642
2023-03-29,11.826
2023-03-30,12.334
2023-03-31,12.176
2023-04-01,12.176
2023-04-02,12.176
2023-04-03,12.051
2023-04-04,12.044
2023-04-05,12.247
2023-04-06,12.451
2023-04-07,12.451
2023-04-08,12.451
2023-04-09,12.451
2023-04-10,12.451
2023-04-11,12.358
2023-04-12,12.475
2023-04-13,12.378
2023-04-14,12.25
2023-04-15,12.25
2023-04-16,12.25
2023-04-17,12.276
2023-04-18,12.208
2023-04-19,12.229
2023-04-20,12.256
2023-04-21,12.336
2023-04-22,12.336
2023-04-23,12.336
2023-04-24,12.22
2023-04-25,12.266
2023-04-26,12.246
2023-04-27,12.276
2023-04-28,12.21
2023-04-29,12.21
2023-04-30,12.21
2023-05-01,12.21
2023-05-02,12.207
2023-05-03,12.197
2023-05-04,12.343
2023-05-05,12.369
2023-05-06,12.369
2023-05-07,12.369
2023-05-08,12.369
2023-05-09,12.353
2023-05-10,12.469
2023-05-11,12.373
2023-05-12,12.555
2023-05-13,12.555
2023-05-14,12.555
2023-05-15,12.589
2023-05-16,12.575
2023-05-17,12.413
2023-05-18,12.207
2023-05-19,12.369
2023-05-20,12.369
2023-05-21,12.369
2023-05-22,12.3
2023-05-23,12.294
2023-05-24,12.486
2023-05-25,12.206
2023-05-26,12.049
2023-05-27,12.049
2023-05-28,12.049
2023-05-29,12.049
2023-05-30,12.213
2023-05-31,12.433
2023-06-01,12.329
2023-06-02,12.25
2023-06-03,12.25
2023-06-04,12.25
2023-06-05,12.217
2023-06-06,12.332
2023-06-07,12.116
2023-06-08,12.093
2023-06-09,12.086
2023-06-10,12.086
2023-06-11,12.086
2023-06-12,11.972
2023-06-13,11.943
2023-06-14,11.888
2023-06-15,11.882
2023-06-16,12.132
2023-06-17,12.132
2023-06-18,12.132
2023-06-19,11.961
2023-06-20,11.996
2023-06-21,11.805
2023-06-22,11.754
2023-06-23,11.69
2023-06-24,11.69
2023-06-25,11.69
2023-06-26,11.686
2023-06-27,11.23
2023-06-28,11.263
2023-06-29,11.072
2023-06-30,11.18
2023-07-01,11.18
2023-07-02,11.18
2023-07-03,11.192
2023-07-04,11.18
2023-07-05,10.867
2023-07-06,10.79
2023-07-07,10.625
2023-07-08,10.625
2023-07-09,10.625
2023-07-10,10.616
2023-07-11,10.683
2023-07-12,10.861
2023-07-13,10.944
2023-07-14,10.986
2023-07-15,10.986
2023-07-16,10.986
2023-07-17,10.898
2023-07-18,10.955
2023-07-19,11.124
2023-07-20,10.967
2023-07-21,11.057
2023-07-22,11.057
2023-07-23,11.057
2023-07-24,11.142
2023-07-25,11.058
2023-07-26,11.151
2023-07-27,10.906
2023-07-28,10.896
2023-07-29,10.896
2023-07-30,10.896
2023-07-31,10.898
2023-08-01,10.853
2023-08-02,10.447
2023-08-03,10.313
2023-08-04,10.393
2023-08-05,10.393
2023-08-06,10.393
2023-08-07,10.318
2023-08-08,10.349
2023-08-09,10.397
2023-08-10,10.438
2023-08-11,10.403
2023-08-12,10.403
2023-08-13,10.403
2023-08-14,10.356
2023-08-15,10.118
2023-08-16,10.137
2023-08-17,10.004
2023-08-18,10.106
2023-08-19,10.106
2023-08-20,10.106
2023-08-21,9.995
2023-08-22,10.049
2023-08-23,10.151
2023-08-24,10.256
2023-08-25,10.304
2023-08-26,10.304
2023-08-27,10.304
2023-08-28,10.304
2023-08-29,10.524
2023-08-30,10.393
2023-08-31,10.368
2023-09-01,10.278
2023-09-02,10.278
2023-09-03,10.278
2023-09-04,10.256
2023-09-05,10.084
2023-09-06,10.135
2023-09-07,10.251
2023-09-08,10.314
2023-09-09,10.314
2023-09-10,10.314
2023-09-11,10.295
2023-09-12,10.267
2023-09-13,10.251
2023-09-14,10.571
2023-09-15,10.574
2023-09-16,10.574
2023-09-17,10.574
2023-09-18,10.488
2023-09-19,10.457
2023-09-20,10.734
2023-09-21,10.716
2023-09-22,10.561
2023-09-23,10.561
2023-09-24,10.561
2023-09-25,10.419
2023-09-26,10.47
2023-09-27,10.211
2023-09-28,10.107
2023-09-29,10.177
2023-09-30,10.177
2023-10-01,10.177
2023-10-02,9.814
2023-10-03,9.611
2023-10-04,9.538
2023-10-05,9.58
2023-10-06,9.617
2023-10-07,9.617
2023-10-08,9.617
2023-10-09,9.668
2023-10-10,10.007
2023-10-11,10.125
2023-10-12,10.052
2023-10-13,10.048
2023-10-14,10.048
2023-10-15,10.048
2023-10-16,10.071
2023-10-17,10.109
2023-10-18,10.061
2023-10-19,10.096
2023-10-20,10.013
2023-10-21,10.013
2023-10-22,10.013
2023-10-23,9.959
2023-10-24,10.147
2023-10-25,10.223
2023-10-26,10.258
2023-10-27,10.214
2023-10-28,10.214
2023-10-29,10.214
2023-10-30,10.3
2023-10-31,10.382
2023-11-01,10.509
2023-11-02,10.703
2023-11-03,10.751
2023-11-04,10.751
2023-11-05,10.751
2023-11-06,10.624
2023-11-07,10.563
2023-11-08,10.347
2023-11-09,10.563
2023-11-10,10.681
2023-11-11,10.681
2023-11-12,10.681
2023-11-13,10.659
2023-11-14,10.881
2023-11-15,10.998
2023-11-16,11.082
2023-11-17,11.232
2023-11-18,11.232
2023-11-19,11.232
2023-11-20,11.194
2023-11-21,11.183
2023-11-22,11.193
2023-11-23,11.293
2023-11-24,11.381
2023-11-25,11.381
2023-11-26,11.381
2023-11-27,11.415
2023-11-28,11.412
2023-11-29,11.447
2023-11-30,11.459
2023-12-01,11.537
2023-12-02,11.537
2023-12-03,11.537
2023-12-04,11.569
2023-12-05,11.709
2023-12-06,11.694
2023-12-07,11.694
2023-12-08,11.779
2023-12-09,11.779
2023-12-10,11.779
2023-12-11,11.539
2023-12-12,11.511
2023-12-13,11.664
2023-12-14,11.826
2023-12-15,11.683
2023-12-16,11.683
2023-12-17,11.683
2023-12-18,11.524
2023-12-19,11.48
2023-12-20,11.549
2023-12-21,11.539
2023-12-22,11.552
2023-12-23,11.552
2023-12-24,11.552
2023-12-25,11.552
2023-12-26,11.552
2023-12-27,11.552
2023-12-28,11.58
2023-12-29,11.577
2023-12-30,11.577
2023-12-31,11.577
2024-01-01,11.577
2024-01-02,11.464
2024-01-03,11.415
2024-01-04,11.529
2024-01-05,11.604
2024-01-06,11.604
2024-01-07,11.604
2024-01-08,11.602
2024-01-09,11.748
2024-01-10,11.598
2024-01-11,11.366
2024-01-12,11.292
2024-01-13,11.292
2024-01-14,11.292
2024-01-15,11.269
2024-01-16,11.124
2024-01-17,10.957
2024-01-18,10.932
2024-01-19,11.064
2024-01-20,11.064
2024-01-21,11.064
2024-01-22,10.999
2024-01-23,10.961
2024-01-24,10.964
2024-01-25,10.958
2024-01-26,10.699
2024-01-27,10.699
2024-01-28,10.699
2024-01-29,10.531
2024-01-30,10.547
2024-01-31,10.591
2024-02-01,10.5
2024-02-02,10.487
2024-02-03,10.487
2024-02-04,10.487
2024-02-05,10.546
2024-02-06,10.507
2024-02-07,10.403
2024-02-08,9.934
2024-02-09,9.817
2024-02-10,9.817
2024-02-11,9.817
2024-02-12,9.83
2024-02-13,9.723
2024-02-14,9.887
2024-02-15,10.016
2024-02-16,10.079
2024-02-17,10.079
2024-02-18,10.079
2024-02-19,10.108
2024-02-20,10.18
2024-02-21,10.18
2024-02-22,9.981
2024-02-23,10.028
2024-02-24,10.028
2024-02-25,10.028
2024-02-26,9.886
2024-02-27,10.076
2024-02-28,10.193
2024-02-29,10.275
2024-03-01,10.379
2024-03-02,10.379
2024-03-03,10.379
2024-03-04,10.282
2024-03-05,10.497
2024-03-06,10.56
2024-03-07,10.516
2024-03-08,10.443
2024-03-09,10.443
2024-03-10,10.443
2024-03-11,10.28
2024-03-12,10.109
2024-03-13,10.077
2024-03-14,10.121
2024-03-15,10.115
2024-03-16,10.115
2024-03-17,10.115
2024-03-18,10.281
2024-03-19,10.211
2024-03-20,10.335
2024-03-21,10.345
