,PTBA IJ Equity
,BEST_PE_RATIO
2010-01-01,
2010-01-02,
2010-01-03,
2010-01-04,
2010-01-05,
2010-01-06,
2010-01-07,
2010-01-08,
2010-01-09,
2010-01-10,
2010-01-11,
2010-01-12,
2010-01-13,
2010-01-14,
2010-01-15,
2010-01-16,
2010-01-17,
2010-01-18,
2010-01-19,
2010-01-20,
2010-01-21,
2010-01-22,
2010-01-23,
2010-01-24,
2010-01-25,
2010-01-26,
2010-01-27,
2010-01-28,
2010-01-29,
2010-01-30,
2010-01-31,
2010-02-01,
2010-02-02,
2010-02-03,
2010-02-04,
2010-02-05,
2010-02-06,
2010-02-07,
2010-02-08,
2010-02-09,
2010-02-10,
2010-02-11,
2010-02-12,
2010-02-13,
2010-02-14,
2010-02-15,
2010-02-16,
2010-02-17,
2010-02-18,
2010-02-19,
2010-02-20,
2010-02-21,
2010-02-22,
2010-02-23,
2010-02-24,
2010-02-25,
2010-02-26,
2010-02-27,
2010-02-28,
2010-03-01,
2010-03-02,
2010-03-03,
2010-03-04,
2010-03-05,
2010-03-06,
2010-03-07,
2010-03-08,
2010-03-09,
2010-03-10,
2010-03-11,
2010-03-12,
2010-03-13,
2010-03-14,
2010-03-15,
2010-03-16,
2010-03-17,
2010-03-18,
2010-03-19,
2010-03-20,
2010-03-21,
2010-03-22,
2010-03-23,
2010-03-24,
2010-03-25,
2010-03-26,
2010-03-27,
2010-03-28,
2010-03-29,
2010-03-30,
2010-03-31,
2010-04-01,
2010-04-02,
2010-04-03,
2010-04-04,
2010-04-05,
2010-04-06,
2010-04-07,
2010-04-08,
2010-04-09,
2010-04-10,
2010-04-11,
2010-04-12,
2010-04-13,
2010-04-14,
2010-04-15,
2010-04-16,
2010-04-17,
2010-04-18,
2010-04-19,
2010-04-20,
2010-04-21,
2010-04-22,
2010-04-23,
2010-04-24,
2010-04-25,
2010-04-26,
2010-04-27,
2010-04-28,
2010-04-29,
2010-04-30,
2010-05-01,
2010-05-02,
2010-05-03,
2010-05-04,
2010-05-05,
2010-05-06,
2010-05-07,
2010-05-08,
2010-05-09,
2010-05-10,
2010-05-11,
2010-05-12,
2010-05-13,
2010-05-14,
2010-05-15,
2010-05-16,
2010-05-17,
2010-05-18,
2010-05-19,
2010-05-20,
2010-05-21,
2010-05-22,
2010-05-23,
2010-05-24,
2010-05-25,
2010-05-26,
2010-05-27,
2010-05-28,
2010-05-29,
2010-05-30,
2010-05-31,
2010-06-01,
2010-06-02,
2010-06-03,
2010-06-04,
2010-06-05,
2010-06-06,
2010-06-07,
2010-06-08,
2010-06-09,
2010-06-10,
2010-06-11,
2010-06-12,
2010-06-13,
2010-06-14,
2010-06-15,
2010-06-16,
2010-06-17,
2010-06-18,
2010-06-19,
2010-06-20,
2010-06-21,
2010-06-22,
2010-06-23,
2010-06-24,
2010-06-25,
2010-06-26,
2010-06-27,
2010-06-28,
2010-06-29,
2010-06-30,
2010-07-01,
2010-07-02,
2010-07-03,
2010-07-04,
2010-07-05,
2010-07-06,
2010-07-07,
2010-07-08,
2010-07-09,
2010-07-10,
2010-07-11,
2010-07-12,
2010-07-13,
2010-07-14,
2010-07-15,
2010-07-16,
2010-07-17,
2010-07-18,
2010-07-19,
2010-07-20,
2010-07-21,
2010-07-22,
2010-07-23,
2010-07-24,
2010-07-25,
2010-07-26,
2010-07-27,
2010-07-28,
2010-07-29,
2010-07-30,
2010-07-31,
2010-08-01,
2010-08-02,
2010-08-03,
2010-08-04,
2010-08-05,
2010-08-06,
2010-08-07,
2010-08-08,
2010-08-09,
2010-08-10,
2010-08-11,
2010-08-12,
2010-08-13,
2010-08-14,
2010-08-15,
2010-08-16,
2010-08-17,
2010-08-18,
2010-08-19,
2010-08-20,
2010-08-21,
2010-08-22,
2010-08-23,
2010-08-24,
2010-08-25,
2010-08-26,
2010-08-27,
2010-08-28,
2010-08-29,
2010-08-30,
2010-08-31,
2010-09-01,
2010-09-02,
2010-09-03,
2010-09-04,
2010-09-05,
2010-09-06,
2010-09-07,
2010-09-08,
2010-09-09,
2010-09-10,
2010-09-11,
2010-09-12,
2010-09-13,
2010-09-14,
2010-09-15,
2010-09-16,
2010-09-17,
2010-09-18,
2010-09-19,
2010-09-20,
2010-09-21,
2010-09-22,
2010-09-23,
2010-09-24,
2010-09-25,
2010-09-26,
2010-09-27,
2010-09-28,
2010-09-29,
2010-09-30,
2010-10-01,
2010-10-02,
2010-10-03,
2010-10-04,
2010-10-05,
2010-10-06,
2010-10-07,
2010-10-08,
2010-10-09,
2010-10-10,
2010-10-11,
2010-10-12,
2010-10-13,
2010-10-14,
2010-10-15,
2010-10-16,
2010-10-17,
2010-10-18,
2010-10-19,
2010-10-20,
2010-10-21,
2010-10-22,
2010-10-23,
2010-10-24,
2010-10-25,
2010-10-26,
2010-10-27,
2010-10-28,
2010-10-29,
2010-10-30,
2010-10-31,
2010-11-01,
2010-11-02,
2010-11-03,
2010-11-04,
2010-11-05,
2010-11-06,
2010-11-07,
2010-11-08,
2010-11-09,
2010-11-10,
2010-11-11,
2010-11-12,
2010-11-13,
2010-11-14,
2010-11-15,
2010-11-16,
2010-11-17,
2010-11-18,
2010-11-19,
2010-11-20,
2010-11-21,
2010-11-22,
2010-11-23,
2010-11-24,
2010-11-25,
2010-11-26,
2010-11-27,
2010-11-28,
2010-11-29,
2010-11-30,
2010-12-01,
2010-12-02,
2010-12-03,
2010-12-04,
2010-12-05,
2010-12-06,
2010-12-07,
2010-12-08,
2010-12-09,
2010-12-10,
2010-12-11,
2010-12-12,
2010-12-13,
2010-12-14,
2010-12-15,
2010-12-16,
2010-12-17,
2010-12-18,
2010-12-19,
2010-12-20,
2010-12-21,
2010-12-22,
2010-12-23,
2010-12-24,
2010-12-25,
2010-12-26,
2010-12-27,
2010-12-28,
2010-12-29,
2010-12-30,
2010-12-31,
2011-01-01,
2011-01-02,
2011-01-03,
2011-01-04,
2011-01-05,
2011-01-06,
2011-01-07,
2011-01-08,
2011-01-09,
2011-01-10,
2011-01-11,
2011-01-12,
2011-01-13,
2011-01-14,
2011-01-15,
2011-01-16,
2011-01-17,
2011-01-18,
2011-01-19,
2011-01-20,
2011-01-21,
2011-01-22,
2011-01-23,
2011-01-24,
2011-01-25,
2011-01-26,
2011-01-27,
2011-01-28,
2011-01-29,
2011-01-30,
2011-01-31,
2011-02-01,
2011-02-02,
2011-02-03,
2011-02-04,
2011-02-05,
2011-02-06,
2011-02-07,
2011-02-08,
2011-02-09,
2011-02-10,
2011-02-11,
2011-02-12,
2011-02-13,
2011-02-14,
2011-02-15,
2011-02-16,
2011-02-17,
2011-02-18,
2011-02-19,
2011-02-20,
2011-02-21,
2011-02-22,
2011-02-23,
2011-02-24,
2011-02-25,
2011-02-26,
2011-02-27,
2011-02-28,
2011-03-01,
2011-03-02,
2011-03-03,
2011-03-04,
2011-03-05,
2011-03-06,
2011-03-07,
2011-03-08,
2011-03-09,
2011-03-10,
2011-03-11,
2011-03-12,
2011-03-13,
2011-03-14,
2011-03-15,
2011-03-16,
2011-03-17,
2011-03-18,
2011-03-19,
2011-03-20,
2011-03-21,
2011-03-22,
2011-03-23,
2011-03-24,
2011-03-25,
2011-03-26,
2011-03-27,
2011-03-28,
2011-03-29,
2011-03-30,
2011-03-31,
2011-04-01,
2011-04-02,
2011-04-03,
2011-04-04,
2011-04-05,
2011-04-06,
2011-04-07,
2011-04-08,
2011-04-09,
2011-04-10,
2011-04-11,
2011-04-12,
2011-04-13,
2011-04-14,
2011-04-15,
2011-04-16,
2011-04-17,
2011-04-18,
2011-04-19,
2011-04-20,
2011-04-21,
2011-04-22,
2011-04-23,
2011-04-24,
2011-04-25,
2011-04-26,
2011-04-27,
2011-04-28,
2011-04-29,
2011-04-30,
2011-05-01,
2011-05-02,
2011-05-03,
2011-05-04,
2011-05-05,
2011-05-06,
2011-05-07,
2011-05-08,
2011-05-09,
2011-05-10,
2011-05-11,
2011-05-12,
2011-05-13,
2011-05-14,
2011-05-15,
2011-05-16,
2011-05-17,
2011-05-18,
2011-05-19,
2011-05-20,
2011-05-21,
2011-05-22,
2011-05-23,
2011-05-24,
2011-05-25,
2011-05-26,
2011-05-27,
2011-05-28,
2011-05-29,
2011-05-30,
2011-05-31,
2011-06-01,
2011-06-02,
2011-06-03,
2011-06-04,
2011-06-05,
2011-06-06,
2011-06-07,
2011-06-08,
2011-06-09,
2011-06-10,
2011-06-11,
2011-06-12,
2011-06-13,
2011-06-14,
2011-06-15,
2011-06-16,
2011-06-17,
2011-06-18,
2011-06-19,
2011-06-20,
2011-06-21,
2011-06-22,
2011-06-23,
2011-06-24,
2011-06-25,
2011-06-26,
2011-06-27,
2011-06-28,
2011-06-29,
2011-06-30,
2011-07-01,
2011-07-02,
2011-07-03,
2011-07-04,
2011-07-05,
2011-07-06,
2011-07-07,
2011-07-08,
2011-07-09,
2011-07-10,
2011-07-11,
2011-07-12,
2011-07-13,
2011-07-14,
2011-07-15,
2011-07-16,
2011-07-17,
2011-07-18,
2011-07-19,
2011-07-20,
2011-07-21,
2011-07-22,
2011-07-23,
2011-07-24,
2011-07-25,
2011-07-26,
2011-07-27,
2011-07-28,
2011-07-29,
2011-07-30,
2011-07-31,
2011-08-01,
2011-08-02,
2011-08-03,
2011-08-04,
2011-08-05,
2011-08-06,
2011-08-07,
2011-08-08,
2011-08-09,
2011-08-10,
2011-08-11,
2011-08-12,
2011-08-13,
2011-08-14,
2011-08-15,
2011-08-16,
2011-08-17,
2011-08-18,
2011-08-19,
2011-08-20,
2011-08-21,
2011-08-22,
2011-08-23,
2011-08-24,
2011-08-25,
2011-08-26,
2011-08-27,
2011-08-28,
2011-08-29,
2011-08-30,
2011-08-31,
2011-09-01,
2011-09-02,
2011-09-03,
2011-09-04,
2011-09-05,
2011-09-06,
2011-09-07,
2011-09-08,
2011-09-09,
2011-09-10,
2011-09-11,
2011-09-12,
2011-09-13,
2011-09-14,
2011-09-15,
2011-09-16,
2011-09-17,
2011-09-18,
2011-09-19,
2011-09-20,
2011-09-21,
2011-09-22,
2011-09-23,
2011-09-24,
2011-09-25,
2011-09-26,
2011-09-27,
2011-09-28,
2011-09-29,
2011-09-30,
2011-10-01,
2011-10-02,
2011-10-03,
2011-10-04,
2011-10-05,
2011-10-06,
2011-10-07,
2011-10-08,
2011-10-09,
2011-10-10,
2011-10-11,
2011-10-12,
2011-10-13,
2011-10-14,
2011-10-15,
2011-10-16,
2011-10-17,
2011-10-18,
2011-10-19,
2011-10-20,
2011-10-21,
2011-10-22,
2011-10-23,
2011-10-24,
2011-10-25,
2011-10-26,
2011-10-27,
2011-10-28,
2011-10-29,
2011-10-30,
2011-10-31,
2011-11-01,
2011-11-02,
2011-11-03,
2011-11-04,
2011-11-05,
2011-11-06,
2011-11-07,
2011-11-08,
2011-11-09,
2011-11-10,
2011-11-11,
2011-11-12,
2011-11-13,
2011-11-14,
2011-11-15,
2011-11-16,
2011-11-17,
2011-11-18,
2011-11-19,
2011-11-20,
2011-11-21,
2011-11-22,
2011-11-23,
2011-11-24,
2011-11-25,
2011-11-26,
2011-11-27,
2011-11-28,
2011-11-29,
2011-11-30,
2011-12-01,
2011-12-02,
2011-12-03,
2011-12-04,
2011-12-05,
2011-12-06,
2011-12-07,
2011-12-08,
2011-12-09,
2011-12-10,
2011-12-11,
2011-12-12,
2011-12-13,
2011-12-14,
2011-12-15,
2011-12-16,
2011-12-17,
2011-12-18,
2011-12-19,
2011-12-20,
2011-12-21,
2011-12-22,
2011-12-23,
2011-12-24,
2011-12-25,
2011-12-26,
2011-12-27,
2011-12-28,
2011-12-29,
2011-12-30,
2011-12-31,
2012-01-01,
2012-01-02,
2012-01-03,
2012-01-04,
2012-01-05,
2012-01-06,
2012-01-07,
2012-01-08,
2012-01-09,
2012-01-10,
2012-01-11,
2012-01-12,
2012-01-13,
2012-01-14,
2012-01-15,
2012-01-16,
2012-01-17,
2012-01-18,
2012-01-19,
2012-01-20,
2012-01-21,
2012-01-22,
2012-01-23,
2012-01-24,
2012-01-25,
2012-01-26,
2012-01-27,
2012-01-28,
2012-01-29,
2012-01-30,
2012-01-31,
2012-02-01,
2012-02-02,
2012-02-03,
2012-02-04,
2012-02-05,
2012-02-06,
2012-02-07,
2012-02-08,
2012-02-09,
2012-02-10,
2012-02-11,
2012-02-12,
2012-02-13,
2012-02-14,
2012-02-15,
2012-02-16,
2012-02-17,
2012-02-18,
2012-02-19,
2012-02-20,
2012-02-21,
2012-02-22,
2012-02-23,
2012-02-24,
2012-02-25,
2012-02-26,
2012-02-27,
2012-02-28,
2012-02-29,
2012-03-01,
2012-03-02,
2012-03-03,
2012-03-04,
2012-03-05,
2012-03-06,
2012-03-07,
2012-03-08,
2012-03-09,
2012-03-10,
2012-03-11,
2012-03-12,
2012-03-13,
2012-03-14,
2012-03-15,
2012-03-16,
2012-03-17,
2012-03-18,
2012-03-19,
2012-03-20,
2012-03-21,
2012-03-22,
2012-03-23,
2012-03-24,
2012-03-25,
2012-03-26,
2012-03-27,
2012-03-28,
2012-03-29,
2012-03-30,
2012-03-31,
2012-04-01,
2012-04-02,
2012-04-03,
2012-04-04,
2012-04-05,
2012-04-06,
2012-04-07,
2012-04-08,
2012-04-09,
2012-04-10,
2012-04-11,
2012-04-12,
2012-04-13,
2012-04-14,
2012-04-15,
2012-04-16,
2012-04-17,
2012-04-18,
2012-04-19,
2012-04-20,
2012-04-21,
2012-04-22,
2012-04-23,
2012-04-24,
2012-04-25,
2012-04-26,
2012-04-27,
2012-04-28,
2012-04-29,
2012-04-30,
2012-05-01,
2012-05-02,
2012-05-03,
2012-05-04,
2012-05-05,
2012-05-06,
2012-05-07,
2012-05-08,
2012-05-09,
2012-05-10,
2012-05-11,
2012-05-12,
2012-05-13,
2012-05-14,
2012-05-15,
2012-05-16,
2012-05-17,
2012-05-18,
2012-05-19,
2012-05-20,
2012-05-21,
2012-05-22,
2012-05-23,
2012-05-24,
2012-05-25,
2012-05-26,
2012-05-27,
2012-05-28,
2012-05-29,
2012-05-30,
2012-05-31,
2012-06-01,
2012-06-02,
2012-06-03,
2012-06-04,
2012-06-05,
2012-06-06,
2012-06-07,
2012-06-08,
2012-06-09,
2012-06-10,
2012-06-11,
2012-06-12,
2012-06-13,
2012-06-14,
2012-06-15,
2012-06-16,
2012-06-17,
2012-06-18,
2012-06-19,
2012-06-20,
2012-06-21,
2012-06-22,
2012-06-23,
2012-06-24,
2012-06-25,
2012-06-26,
2012-06-27,
2012-06-28,
2012-06-29,
2012-06-30,
2012-07-01,
2012-07-02,
2012-07-03,
2012-07-04,
2012-07-05,
2012-07-06,
2012-07-07,
2012-07-08,
2012-07-09,
2012-07-10,
2012-07-11,
2012-07-12,
2012-07-13,
2012-07-14,
2012-07-15,
2012-07-16,
2012-07-17,
2012-07-18,
2012-07-19,
2012-07-20,
2012-07-21,
2012-07-22,
2012-07-23,
2012-07-24,
2012-07-25,
2012-07-26,
2012-07-27,
2012-07-28,
2012-07-29,
2012-07-30,
2012-07-31,
2012-08-01,
2012-08-02,
2012-08-03,
2012-08-04,
2012-08-05,
2012-08-06,
2012-08-07,
2012-08-08,
2012-08-09,
2012-08-10,
2012-08-11,
2012-08-12,
2012-08-13,
2012-08-14,
2012-08-15,
2012-08-16,
2012-08-17,
2012-08-18,
2012-08-19,
2012-08-20,
2012-08-21,
2012-08-22,
2012-08-23,
2012-08-24,
2012-08-25,
2012-08-26,
2012-08-27,
2012-08-28,
2012-08-29,
2012-08-30,
2012-08-31,
2012-09-01,
2012-09-02,
2012-09-03,
2012-09-04,
2012-09-05,
2012-09-06,
2012-09-07,
2012-09-08,
2012-09-09,
2012-09-10,
2012-09-11,
2012-09-12,
2012-09-13,
2012-09-14,
2012-09-15,
2012-09-16,
2012-09-17,
2012-09-18,
2012-09-19,
2012-09-20,
2012-09-21,
2012-09-22,
2012-09-23,
2012-09-24,
2012-09-25,
2012-09-26,
2012-09-27,
2012-09-28,
2012-09-29,
2012-09-30,
2012-10-01,
2012-10-02,
2012-10-03,
2012-10-04,
2012-10-05,
2012-10-06,
2012-10-07,
2012-10-08,
2012-10-09,
2012-10-10,
2012-10-11,
2012-10-12,
2012-10-13,
2012-10-14,
2012-10-15,
2012-10-16,
2012-10-17,
2012-10-18,
2012-10-19,
2012-10-20,
2012-10-21,
2012-10-22,
2012-10-23,
2012-10-24,
2012-10-25,
2012-10-26,
2012-10-27,
2012-10-28,
2012-10-29,
2012-10-30,
2012-10-31,
2012-11-01,
2012-11-02,
2012-11-03,
2012-11-04,
2012-11-05,
2012-11-06,
2012-11-07,
2012-11-08,
2012-11-09,
2012-11-10,
2012-11-11,
2012-11-12,
2012-11-13,
2012-11-14,
2012-11-15,
2012-11-16,
2012-11-17,
2012-11-18,
2012-11-19,
2012-11-20,
2012-11-21,
2012-11-22,
2012-11-23,
2012-11-24,
2012-11-25,
2012-11-26,
2012-11-27,
2012-11-28,
2012-11-29,
2012-11-30,
2012-12-01,
2012-12-02,
2012-12-03,
2012-12-04,
2012-12-05,
2012-12-06,
2012-12-07,
2012-12-08,
2012-12-09,
2012-12-10,
2012-12-11,
2012-12-12,
2012-12-13,
2012-12-14,
2012-12-15,
2012-12-16,
2012-12-17,
2012-12-18,
2012-12-19,
2012-12-20,
2012-12-21,
2012-12-22,
2012-12-23,
2012-12-24,
2012-12-25,
2012-12-26,
2012-12-27,
2012-12-28,
2012-12-29,
2012-12-30,
2012-12-31,
2013-01-01,
2013-01-02,
2013-01-03,
2013-01-04,
2013-01-05,
2013-01-06,
2013-01-07,
2013-01-08,
2013-01-09,
2013-01-10,
2013-01-11,
2013-01-12,
2013-01-13,
2013-01-14,
2013-01-15,
2013-01-16,
2013-01-17,
2013-01-18,
2013-01-19,
2013-01-20,
2013-01-21,
2013-01-22,
2013-01-23,
2013-01-24,
2013-01-25,
2013-01-26,
2013-01-27,
2013-01-28,
2013-01-29,
2013-01-30,
2013-01-31,
2013-02-01,
2013-02-02,
2013-02-03,
2013-02-04,
2013-02-05,
2013-02-06,
2013-02-07,
2013-02-08,
2013-02-09,
2013-02-10,
2013-02-11,
2013-02-12,
2013-02-13,
2013-02-14,
2013-02-15,
2013-02-16,
2013-02-17,
2013-02-18,
2013-02-19,
2013-02-20,
2013-02-21,
2013-02-22,
2013-02-23,
2013-02-24,
2013-02-25,
2013-02-26,
2013-02-27,
2013-02-28,
2013-03-01,
2013-03-02,
2013-03-03,
2013-03-04,
2013-03-05,
2013-03-06,
2013-03-07,
2013-03-08,
2013-03-09,
2013-03-10,
2013-03-11,
2013-03-12,
2013-03-13,
2013-03-14,
2013-03-15,
2013-03-16,
2013-03-17,
2013-03-18,
2013-03-19,
2013-03-20,
2013-03-21,
2013-03-22,
2013-03-23,
2013-03-24,
2013-03-25,
2013-03-26,
2013-03-27,
2013-03-28,
2013-03-29,
2013-03-30,
2013-03-31,
2013-04-01,
2013-04-02,
2013-04-03,
2013-04-04,
2013-04-05,
2013-04-06,
2013-04-07,
2013-04-08,
2013-04-09,
2013-04-10,
2013-04-11,
2013-04-12,
2013-04-13,
2013-04-14,
2013-04-15,
2013-04-16,
2013-04-17,
2013-04-18,
2013-04-19,
2013-04-20,
2013-04-21,
2013-04-22,
2013-04-23,
2013-04-24,
2013-04-25,
2013-04-26,
2013-04-27,
2013-04-28,
2013-04-29,
2013-04-30,
2013-05-01,
2013-05-02,
2013-05-03,
2013-05-04,
2013-05-05,
2013-05-06,
2013-05-07,
2013-05-08,
2013-05-09,
2013-05-10,
2013-05-11,
2013-05-12,
2013-05-13,
2013-05-14,
2013-05-15,
2013-05-16,
2013-05-17,
2013-05-18,
2013-05-19,
2013-05-20,
2013-05-21,
2013-05-22,
2013-05-23,
2013-05-24,
2013-05-25,
2013-05-26,
2013-05-27,
2013-05-28,
2013-05-29,
2013-05-30,
2013-05-31,
2013-06-01,
2013-06-02,
2013-06-03,
2013-06-04,
2013-06-05,
2013-06-06,
2013-06-07,
2013-06-08,
2013-06-09,
2013-06-10,
2013-06-11,
2013-06-12,
2013-06-13,
2013-06-14,
2013-06-15,
2013-06-16,
2013-06-17,
2013-06-18,
2013-06-19,
2013-06-20,
2013-06-21,
2013-06-22,
2013-06-23,
2013-06-24,
2013-06-25,
2013-06-26,
2013-06-27,
2013-06-28,
2013-06-29,
2013-06-30,
2013-07-01,
2013-07-02,
2013-07-03,
2013-07-04,
2013-07-05,
2013-07-06,
2013-07-07,
2013-07-08,
2013-07-09,
2013-07-10,
2013-07-11,
2013-07-12,
2013-07-13,
2013-07-14,
2013-07-15,
2013-07-16,
2013-07-17,
2013-07-18,
2013-07-19,
2013-07-20,
2013-07-21,
2013-07-22,
2013-07-23,
2013-07-24,
2013-07-25,
2013-07-26,
2013-07-27,
2013-07-28,
2013-07-29,
2013-07-30,
2013-07-31,
2013-08-01,
2013-08-02,
2013-08-03,
2013-08-04,
2013-08-05,
2013-08-06,
2013-08-07,
2013-08-08,
2013-08-09,
2013-08-10,
2013-08-11,
2013-08-12,
2013-08-13,
2013-08-14,
2013-08-15,
2013-08-16,
2013-08-17,
2013-08-18,
2013-08-19,
2013-08-20,
2013-08-21,
2013-08-22,
2013-08-23,
2013-08-24,
2013-08-25,
2013-08-26,
2013-08-27,
2013-08-28,
2013-08-29,
2013-08-30,
2013-08-31,
2013-09-01,
2013-09-02,
2013-09-03,
2013-09-04,
2013-09-05,
2013-09-06,
2013-09-07,
2013-09-08,
2013-09-09,
2013-09-10,
2013-09-11,
2013-09-12,
2013-09-13,
2013-09-14,
2013-09-15,
2013-09-16,
2013-09-17,
2013-09-18,
2013-09-19,
2013-09-20,
2013-09-21,
2013-09-22,
2013-09-23,
2013-09-24,
2013-09-25,
2013-09-26,
2013-09-27,
2013-09-28,
2013-09-29,
2013-09-30,
2013-10-01,
2013-10-02,
2013-10-03,
2013-10-04,
2013-10-05,
2013-10-06,
2013-10-07,
2013-10-08,
2013-10-09,
2013-10-10,
2013-10-11,
2013-10-12,
2013-10-13,
2013-10-14,
2013-10-15,
2013-10-16,
2013-10-17,
2013-10-18,
2013-10-19,
2013-10-20,
2013-10-21,
2013-10-22,
2013-10-23,
2013-10-24,
2013-10-25,
2013-10-26,
2013-10-27,
2013-10-28,
2013-10-29,
2013-10-30,
2013-10-31,
2013-11-01,
2013-11-02,
2013-11-03,
2013-11-04,
2013-11-05,
2013-11-06,
2013-11-07,
2013-11-08,
2013-11-09,
2013-11-10,
2013-11-11,
2013-11-12,
2013-11-13,
2013-11-14,
2013-11-15,
2013-11-16,
2013-11-17,
2013-11-18,
2013-11-19,
2013-11-20,
2013-11-21,
2013-11-22,
2013-11-23,
2013-11-24,
2013-11-25,
2013-11-26,
2013-11-27,
2013-11-28,
2013-11-29,
2013-11-30,
2013-12-01,
2013-12-02,
2013-12-03,
2013-12-04,
2013-12-05,
2013-12-06,
2013-12-07,
2013-12-08,
2013-12-09,
2013-12-10,
2013-12-11,
2013-12-12,
2013-12-13,
2013-12-14,
2013-12-15,
2013-12-16,
2013-12-17,
2013-12-18,
2013-12-19,
2013-12-20,
2013-12-21,
2013-12-22,
2013-12-23,
2013-12-24,
2013-12-25,
2013-12-26,
2013-12-27,
2013-12-28,
2013-12-29,
2013-12-30,
2013-12-31,
2014-01-01,
2014-01-02,
2014-01-03,
2014-01-04,
2014-01-05,
2014-01-06,
2014-01-07,
2014-01-08,
2014-01-09,
2014-01-10,
2014-01-11,
2014-01-12,
2014-01-13,
2014-01-14,
2014-01-15,
2014-01-16,
2014-01-17,
2014-01-18,
2014-01-19,
2014-01-20,
2014-01-21,
2014-01-22,
2014-01-23,
2014-01-24,
2014-01-25,
2014-01-26,
2014-01-27,
2014-01-28,
2014-01-29,
2014-01-30,
2014-01-31,
2014-02-01,
2014-02-02,
2014-02-03,
2014-02-04,
2014-02-05,
2014-02-06,
2014-02-07,
2014-02-08,
2014-02-09,
2014-02-10,
2014-02-11,
2014-02-12,
2014-02-13,
2014-02-14,
2014-02-15,
2014-02-16,
2014-02-17,
2014-02-18,
2014-02-19,
2014-02-20,
2014-02-21,
2014-02-22,
2014-02-23,
2014-02-24,
2014-02-25,
2014-02-26,
2014-02-27,
2014-02-28,
2014-03-01,
2014-03-02,
2014-03-03,
2014-03-04,
2014-03-05,
2014-03-06,
2014-03-07,
2014-03-08,
2014-03-09,
2014-03-10,
2014-03-11,
2014-03-12,
2014-03-13,
2014-03-14,
2014-03-15,
2014-03-16,
2014-03-17,
2014-03-18,
2014-03-19,
2014-03-20,
2014-03-21,
2014-03-22,
2014-03-23,
2014-03-24,
2014-03-25,
2014-03-26,
2014-03-27,
2014-03-28,
2014-03-29,
2014-03-30,
2014-03-31,
2014-04-01,
2014-04-02,
2014-04-03,
2014-04-04,
2014-04-05,
2014-04-06,
2014-04-07,
2014-04-08,
2014-04-09,
2014-04-10,
2014-04-11,
2014-04-12,
2014-04-13,
2014-04-14,
2014-04-15,
2014-04-16,
2014-04-17,
2014-04-18,
2014-04-19,
2014-04-20,
2014-04-21,
2014-04-22,
2014-04-23,
2014-04-24,
2014-04-25,
2014-04-26,
2014-04-27,
2014-04-28,
2014-04-29,
2014-04-30,
2014-05-01,
2014-05-02,
2014-05-03,
2014-05-04,
2014-05-05,
2014-05-06,
2014-05-07,
2014-05-08,
2014-05-09,
2014-05-10,
2014-05-11,
2014-05-12,
2014-05-13,
2014-05-14,
2014-05-15,
2014-05-16,
2014-05-17,
2014-05-18,
2014-05-19,
2014-05-20,
2014-05-21,
2014-05-22,
2014-05-23,
2014-05-24,
2014-05-25,
2014-05-26,
2014-05-27,
2014-05-28,
2014-05-29,
2014-05-30,
2014-05-31,
2014-06-01,
2014-06-02,
2014-06-03,
2014-06-04,
2014-06-05,
2014-06-06,
2014-06-07,
2014-06-08,
2014-06-09,
2014-06-10,
2014-06-11,
2014-06-12,
2014-06-13,
2014-06-14,
2014-06-15,
2014-06-16,
2014-06-17,
2014-06-18,
2014-06-19,
2014-06-20,
2014-06-21,
2014-06-22,
2014-06-23,
2014-06-24,
2014-06-25,
2014-06-26,
2014-06-27,
2014-06-28,
2014-06-29,
2014-06-30,
2014-07-01,
2014-07-02,
2014-07-03,
2014-07-04,
2014-07-05,
2014-07-06,
2014-07-07,
2014-07-08,
2014-07-09,
2014-07-10,
2014-07-11,
2014-07-12,
2014-07-13,
2014-07-14,
2014-07-15,
2014-07-16,
2014-07-17,
2014-07-18,
2014-07-19,
2014-07-20,
2014-07-21,
2014-07-22,
2014-07-23,
2014-07-24,
2014-07-25,
2014-07-26,
2014-07-27,
2014-07-28,
2014-07-29,
2014-07-30,
2014-07-31,
2014-08-01,
2014-08-02,
2014-08-03,
2014-08-04,
2014-08-05,
2014-08-06,
2014-08-07,
2014-08-08,
2014-08-09,
2014-08-10,
2014-08-11,
2014-08-12,
2014-08-13,
2014-08-14,
2014-08-15,
2014-08-16,
2014-08-17,
2014-08-18,
2014-08-19,
2014-08-20,
2014-08-21,
2014-08-22,
2014-08-23,
2014-08-24,
2014-08-25,
2014-08-26,
2014-08-27,
2014-08-28,
2014-08-29,
2014-08-30,
2014-08-31,
2014-09-01,
2014-09-02,
2014-09-03,
2014-09-04,
2014-09-05,
2014-09-06,
2014-09-07,
2014-09-08,
2014-09-09,
2014-09-10,
2014-09-11,
2014-09-12,
2014-09-13,
2014-09-14,
2014-09-15,
2014-09-16,
2014-09-17,
2014-09-18,
2014-09-19,
2014-09-20,
2014-09-21,
2014-09-22,
2014-09-23,
2014-09-24,
2014-09-25,
2014-09-26,
2014-09-27,
2014-09-28,
2014-09-29,
2014-09-30,
2014-10-01,
2014-10-02,
2014-10-03,
2014-10-04,
2014-10-05,
2014-10-06,
2014-10-07,
2014-10-08,
2014-10-09,
2014-10-10,
2014-10-11,
2014-10-12,
2014-10-13,
2014-10-14,
2014-10-15,
2014-10-16,
2014-10-17,
2014-10-18,
2014-10-19,
2014-10-20,
2014-10-21,
2014-10-22,
2014-10-23,
2014-10-24,
2014-10-25,
2014-10-26,
2014-10-27,
2014-10-28,
2014-10-29,
2014-10-30,
2014-10-31,
2014-11-01,
2014-11-02,
2014-11-03,
2014-11-04,
2014-11-05,
2014-11-06,
2014-11-07,
2014-11-08,
2014-11-09,
2014-11-10,
2014-11-11,
2014-11-12,
2014-11-13,
2014-11-14,
2014-11-15,
2014-11-16,
2014-11-17,
2014-11-18,
2014-11-19,
2014-11-20,
2014-11-21,
2014-11-22,
2014-11-23,
2014-11-24,
2014-11-25,
2014-11-26,
2014-11-27,
2014-11-28,
2014-11-29,
2014-11-30,
2014-12-01,
2014-12-02,
2014-12-03,
2014-12-04,
2014-12-05,
2014-12-06,
2014-12-07,
2014-12-08,
2014-12-09,
2014-12-10,
2014-12-11,
2014-12-12,
2014-12-13,
2014-12-14,
2014-12-15,
2014-12-16,
2014-12-17,
2014-12-18,
2014-12-19,
2014-12-20,
2014-12-21,
2014-12-22,
2014-12-23,
2014-12-24,
2014-12-25,
2014-12-26,
2014-12-27,
2014-12-28,
2014-12-29,
2014-12-30,
2014-12-31,
2015-01-01,
2015-01-02,
2015-01-03,
2015-01-04,
2015-01-05,
2015-01-06,
2015-01-07,
2015-01-08,
2015-01-09,
2015-01-10,
2015-01-11,
2015-01-12,
2015-01-13,
2015-01-14,
2015-01-15,
2015-01-16,
2015-01-17,
2015-01-18,
2015-01-19,
2015-01-20,
2015-01-21,
2015-01-22,
2015-01-23,
2015-01-24,
2015-01-25,
2015-01-26,
2015-01-27,
2015-01-28,
2015-01-29,
2015-01-30,
2015-01-31,
2015-02-01,
2015-02-02,
2015-02-03,
2015-02-04,
2015-02-05,
2015-02-06,
2015-02-07,
2015-02-08,
2015-02-09,
2015-02-10,
2015-02-11,
2015-02-12,
2015-02-13,
2015-02-14,
2015-02-15,
2015-02-16,
2015-02-17,
2015-02-18,
2015-02-19,
2015-02-20,
2015-02-21,
2015-02-22,
2015-02-23,
2015-02-24,
2015-02-25,
2015-02-26,
2015-02-27,
2015-02-28,
2015-03-01,
2015-03-02,
2015-03-03,
2015-03-04,
2015-03-05,
2015-03-06,
2015-03-07,
2015-03-08,
2015-03-09,
2015-03-10,
2015-03-11,
2015-03-12,
2015-03-13,
2015-03-14,
2015-03-15,
2015-03-16,
2015-03-17,
2015-03-18,
2015-03-19,
2015-03-20,
2015-03-21,
2015-03-22,
2015-03-23,
2015-03-24,
2015-03-25,
2015-03-26,
2015-03-27,
2015-03-28,
2015-03-29,
2015-03-30,
2015-03-31,
2015-04-01,
2015-04-02,
2015-04-03,
2015-04-04,
2015-04-05,
2015-04-06,
2015-04-07,
2015-04-08,
2015-04-09,
2015-04-10,
2015-04-11,
2015-04-12,
2015-04-13,
2015-04-14,
2015-04-15,
2015-04-16,
2015-04-17,
2015-04-18,
2015-04-19,
2015-04-20,
2015-04-21,
2015-04-22,
2015-04-23,
2015-04-24,
2015-04-25,
2015-04-26,
2015-04-27,
2015-04-28,
2015-04-29,
2015-04-30,
2015-05-01,
2015-05-02,
2015-05-03,
2015-05-04,
2015-05-05,
2015-05-06,
2015-05-07,
2015-05-08,
2015-05-09,
2015-05-10,
2015-05-11,
2015-05-12,
2015-05-13,
2015-05-14,
2015-05-15,
2015-05-16,
2015-05-17,
2015-05-18,
2015-05-19,
2015-05-20,
2015-05-21,
2015-05-22,
2015-05-23,
2015-05-24,
2015-05-25,
2015-05-26,
2015-05-27,
2015-05-28,
2015-05-29,
2015-05-30,
2015-05-31,
2015-06-01,
2015-06-02,
2015-06-03,
2015-06-04,
2015-06-05,
2015-06-06,
2015-06-07,
2015-06-08,
2015-06-09,
2015-06-10,
2015-06-11,
2015-06-12,
2015-06-13,
2015-06-14,
2015-06-15,
2015-06-16,
2015-06-17,
2015-06-18,
2015-06-19,
2015-06-20,
2015-06-21,
2015-06-22,
2015-06-23,
2015-06-24,
2015-06-25,
2015-06-26,
2015-06-27,
2015-06-28,
2015-06-29,
2015-06-30,
2015-07-01,
2015-07-02,
2015-07-03,
2015-07-04,
2015-07-05,
2015-07-06,
2015-07-07,
2015-07-08,
2015-07-09,
2015-07-10,
2015-07-11,
2015-07-12,
2015-07-13,
2015-07-14,
2015-07-15,
2015-07-16,
2015-07-17,
2015-07-18,
2015-07-19,
2015-07-20,
2015-07-21,
2015-07-22,
2015-07-23,
2015-07-24,
2015-07-25,
2015-07-26,
2015-07-27,
2015-07-28,
2015-07-29,
2015-07-30,
2015-07-31,
2015-08-01,
2015-08-02,
2015-08-03,
2015-08-04,
2015-08-05,
2015-08-06,
2015-08-07,
2015-08-08,
2015-08-09,
2015-08-10,
2015-08-11,
2015-08-12,
2015-08-13,
2015-08-14,
2015-08-15,
2015-08-16,
2015-08-17,
2015-08-18,
2015-08-19,
2015-08-20,
2015-08-21,
2015-08-22,
2015-08-23,
2015-08-24,
2015-08-25,
2015-08-26,
2015-08-27,
2015-08-28,
2015-08-29,
2015-08-30,
2015-08-31,
2015-09-01,
2015-09-02,
2015-09-03,
2015-09-04,
2015-09-05,
2015-09-06,
2015-09-07,
2015-09-08,
2015-09-09,
2015-09-10,
2015-09-11,
2015-09-12,
2015-09-13,
2015-09-14,
2015-09-15,
2015-09-16,
2015-09-17,
2015-09-18,
2015-09-19,
2015-09-20,
2015-09-21,
2015-09-22,
2015-09-23,
2015-09-24,
2015-09-25,
2015-09-26,
2015-09-27,
2015-09-28,
2015-09-29,
2015-09-30,
2015-10-01,
2015-10-02,
2015-10-03,
2015-10-04,
2015-10-05,
2015-10-06,
2015-10-07,
2015-10-08,
2015-10-09,
2015-10-10,
2015-10-11,
2015-10-12,
2015-10-13,
2015-10-14,
2015-10-15,
2015-10-16,
2015-10-17,
2015-10-18,
2015-10-19,
2015-10-20,
2015-10-21,
2015-10-22,
2015-10-23,
2015-10-24,
2015-10-25,
2015-10-26,
2015-10-27,
2015-10-28,
2015-10-29,
2015-10-30,
2015-10-31,
2015-11-01,
2015-11-02,
2015-11-03,
2015-11-04,
2015-11-05,
2015-11-06,
2015-11-07,
2015-11-08,
2015-11-09,
2015-11-10,
2015-11-11,
2015-11-12,
2015-11-13,
2015-11-14,
2015-11-15,
2015-11-16,
2015-11-17,
2015-11-18,
2015-11-19,
2015-11-20,
2015-11-21,
2015-11-22,
2015-11-23,
2015-11-24,
2015-11-25,
2015-11-26,
2015-11-27,
2015-11-28,
2015-11-29,
2015-11-30,
2015-12-01,
2015-12-02,
2015-12-03,
2015-12-04,
2015-12-05,
2015-12-06,
2015-12-07,
2015-12-08,
2015-12-09,
2015-12-10,
2015-12-11,
2015-12-12,
2015-12-13,
2015-12-14,
2015-12-15,
2015-12-16,
2015-12-17,
2015-12-18,
2015-12-19,
2015-12-20,
2015-12-21,
2015-12-22,
2015-12-23,
2015-12-24,
2015-12-25,
2015-12-26,
2015-12-27,
2015-12-28,
2015-12-29,
2015-12-30,
2015-12-31,
2016-01-01,
2016-01-02,
2016-01-03,
2016-01-04,
2016-01-05,
2016-01-06,
2016-01-07,
2016-01-08,
2016-01-09,
2016-01-10,
2016-01-11,
2016-01-12,
2016-01-13,
2016-01-14,
2016-01-15,
2016-01-16,
2016-01-17,
2016-01-18,
2016-01-19,
2016-01-20,
2016-01-21,
2016-01-22,
2016-01-23,
2016-01-24,
2016-01-25,
2016-01-26,
2016-01-27,
2016-01-28,
2016-01-29,
2016-01-30,
2016-01-31,
2016-02-01,
2016-02-02,
2016-02-03,
2016-02-04,
2016-02-05,
2016-02-06,
2016-02-07,
2016-02-08,
2016-02-09,
2016-02-10,
2016-02-11,
2016-02-12,
2016-02-13,
2016-02-14,
2016-02-15,
2016-02-16,
2016-02-17,
2016-02-18,
2016-02-19,
2016-02-20,
2016-02-21,
2016-02-22,
2016-02-23,
2016-02-24,
2016-02-25,
2016-02-26,
2016-02-27,
2016-02-28,
2016-02-29,
2016-03-01,
2016-03-02,
2016-03-03,
2016-03-04,
2016-03-05,
2016-03-06,
2016-03-07,
2016-03-08,
2016-03-09,
2016-03-10,
2016-03-11,
2016-03-12,
2016-03-13,
2016-03-14,
2016-03-15,
2016-03-16,
2016-03-17,
2016-03-18,
2016-03-19,
2016-03-20,
2016-03-21,
2016-03-22,
2016-03-23,
2016-03-24,
2016-03-25,
2016-03-26,
2016-03-27,
2016-03-28,
2016-03-29,
2016-03-30,
2016-03-31,
2016-04-01,
2016-04-02,
2016-04-03,
2016-04-04,
2016-04-05,
2016-04-06,
2016-04-07,
2016-04-08,
2016-04-09,
2016-04-10,
2016-04-11,
2016-04-12,
2016-04-13,
2016-04-14,
2016-04-15,
2016-04-16,
2016-04-17,
2016-04-18,
2016-04-19,
2016-04-20,
2016-04-21,
2016-04-22,
2016-04-23,
2016-04-24,
2016-04-25,
2016-04-26,
2016-04-27,
2016-04-28,
2016-04-29,
2016-04-30,
2016-05-01,
2016-05-02,
2016-05-03,
2016-05-04,
2016-05-05,
2016-05-06,
2016-05-07,
2016-05-08,
2016-05-09,
2016-05-10,
2016-05-11,
2016-05-12,
2016-05-13,
2016-05-14,
2016-05-15,
2016-05-16,
2016-05-17,
2016-05-18,
2016-05-19,
2016-05-20,
2016-05-21,
2016-05-22,
2016-05-23,
2016-05-24,
2016-05-25,
2016-05-26,
2016-05-27,
2016-05-28,
2016-05-29,
2016-05-30,
2016-05-31,
2016-06-01,
2016-06-02,
2016-06-03,
2016-06-04,
2016-06-05,
2016-06-06,
2016-06-07,
2016-06-08,
2016-06-09,
2016-06-10,
2016-06-11,
2016-06-12,
2016-06-13,
2016-06-14,
2016-06-15,
2016-06-16,
2016-06-17,
2016-06-18,
2016-06-19,
2016-06-20,
2016-06-21,
2016-06-22,
2016-06-23,
2016-06-24,
2016-06-25,
2016-06-26,
2016-06-27,
2016-06-28,
2016-06-29,
2016-06-30,
2016-07-01,
2016-07-02,
2016-07-03,
2016-07-04,
2016-07-05,
2016-07-06,
2016-07-07,
2016-07-08,
2016-07-09,
2016-07-10,
2016-07-11,
2016-07-12,
2016-07-13,
2016-07-14,
2016-07-15,
2016-07-16,
2016-07-17,
2016-07-18,
2016-07-19,
2016-07-20,
2016-07-21,
2016-07-22,
2016-07-23,
2016-07-24,
2016-07-25,
2016-07-26,
2016-07-27,
2016-07-28,
2016-07-29,
2016-07-30,
2016-07-31,
2016-08-01,
2016-08-02,
2016-08-03,
2016-08-04,
2016-08-05,
2016-08-06,
2016-08-07,
2016-08-08,
2016-08-09,
2016-08-10,
2016-08-11,
2016-08-12,
2016-08-13,
2016-08-14,
2016-08-15,
2016-08-16,
2016-08-17,
2016-08-18,
2016-08-19,
2016-08-20,
2016-08-21,
2016-08-22,
2016-08-23,
2016-08-24,
2016-08-25,
2016-08-26,
2016-08-27,
2016-08-28,
2016-08-29,
2016-08-30,
2016-08-31,
2016-09-01,
2016-09-02,
2016-09-03,
2016-09-04,
2016-09-05,
2016-09-06,
2016-09-07,
2016-09-08,
2016-09-09,
2016-09-10,
2016-09-11,
2016-09-12,
2016-09-13,
2016-09-14,
2016-09-15,
2016-09-16,
2016-09-17,
2016-09-18,
2016-09-19,
2016-09-20,
2016-09-21,
2016-09-22,
2016-09-23,
2016-09-24,
2016-09-25,
2016-09-26,
2016-09-27,
2016-09-28,
2016-09-29,
2016-09-30,
2016-10-01,
2016-10-02,
2016-10-03,
2016-10-04,
2016-10-05,
2016-10-06,
2016-10-07,
2016-10-08,
2016-10-09,
2016-10-10,
2016-10-11,
2016-10-12,
2016-10-13,
2016-10-14,
2016-10-15,
2016-10-16,
2016-10-17,
2016-10-18,
2016-10-19,
2016-10-20,
2016-10-21,
2016-10-22,
2016-10-23,
2016-10-24,
2016-10-25,
2016-10-26,
2016-10-27,
2016-10-28,
2016-10-29,
2016-10-30,
2016-10-31,
2016-11-01,
2016-11-02,
2016-11-03,
2016-11-04,
2016-11-05,
2016-11-06,
2016-11-07,
2016-11-08,
2016-11-09,
2016-11-10,
2016-11-11,
2016-11-12,
2016-11-13,
2016-11-14,
2016-11-15,
2016-11-16,
2016-11-17,
2016-11-18,
2016-11-19,
2016-11-20,
2016-11-21,
2016-11-22,
2016-11-23,
2016-11-24,
2016-11-25,
2016-11-26,
2016-11-27,
2016-11-28,
2016-11-29,
2016-11-30,
2016-12-01,
2016-12-02,
2016-12-03,
2016-12-04,
2016-12-05,
2016-12-06,
2016-12-07,
2016-12-08,
2016-12-09,
2016-12-10,
2016-12-11,
2016-12-12,
2016-12-13,
2016-12-14,
2016-12-15,
2016-12-16,
2016-12-17,
2016-12-18,
2016-12-19,
2016-12-20,
2016-12-21,
2016-12-22,
2016-12-23,
2016-12-24,
2016-12-25,
2016-12-26,
2016-12-27,
2016-12-28,
2016-12-29,
2016-12-30,
2016-12-31,
2017-01-01,
2017-01-02,
2017-01-03,
2017-01-04,
2017-01-05,
2017-01-06,
2017-01-07,
2017-01-08,
2017-01-09,
2017-01-10,
2017-01-11,
2017-01-12,
2017-01-13,
2017-01-14,
2017-01-15,
2017-01-16,
2017-01-17,
2017-01-18,
2017-01-19,
2017-01-20,
2017-01-21,
2017-01-22,
2017-01-23,
2017-01-24,
2017-01-25,
2017-01-26,
2017-01-27,
2017-01-28,
2017-01-29,
2017-01-30,
2017-01-31,
2017-02-01,
2017-02-02,
2017-02-03,
2017-02-04,
2017-02-05,
2017-02-06,
2017-02-07,
2017-02-08,
2017-02-09,
2017-02-10,
2017-02-11,
2017-02-12,
2017-02-13,
2017-02-14,
2017-02-15,
2017-02-16,
2017-02-17,
2017-02-18,
2017-02-19,
2017-02-20,
2017-02-21,
2017-02-22,
2017-02-23,
2017-02-24,
2017-02-25,
2017-02-26,
2017-02-27,
2017-02-28,
2017-03-01,
2017-03-02,
2017-03-03,
2017-03-04,
2017-03-05,
2017-03-06,
2017-03-07,
2017-03-08,
2017-03-09,
2017-03-10,
2017-03-11,
2017-03-12,
2017-03-13,
2017-03-14,
2017-03-15,
2017-03-16,
2017-03-17,
2017-03-18,
2017-03-19,
2017-03-20,
2017-03-21,
2017-03-22,
2017-03-23,
2017-03-24,
2017-03-25,
2017-03-26,
2017-03-27,
2017-03-28,
2017-03-29,
2017-03-30,
2017-03-31,
2017-04-01,
2017-04-02,
2017-04-03,
2017-04-04,
2017-04-05,
2017-04-06,
2017-04-07,
2017-04-08,
2017-04-09,
2017-04-10,
2017-04-11,
2017-04-12,
2017-04-13,
2017-04-14,
2017-04-15,
2017-04-16,
2017-04-17,
2017-04-18,
2017-04-19,
2017-04-20,
2017-04-21,
2017-04-22,
2017-04-23,
2017-04-24,
2017-04-25,
2017-04-26,
2017-04-27,
2017-04-28,
2017-04-29,
2017-04-30,
2017-05-01,
2017-05-02,
2017-05-03,
2017-05-04,
2017-05-05,
2017-05-06,
2017-05-07,
2017-05-08,
2017-05-09,
2017-05-10,
2017-05-11,
2017-05-12,
2017-05-13,
2017-05-14,
2017-05-15,
2017-05-16,
2017-05-17,
2017-05-18,
2017-05-19,
2017-05-20,
2017-05-21,
2017-05-22,
2017-05-23,
2017-05-24,
2017-05-25,
2017-05-26,
2017-05-27,
2017-05-28,
2017-05-29,
2017-05-30,
2017-05-31,
2017-06-01,
2017-06-02,
2017-06-03,
2017-06-04,
2017-06-05,
2017-06-06,
2017-06-07,
2017-06-08,
2017-06-09,
2017-06-10,
2017-06-11,
2017-06-12,
2017-06-13,
2017-06-14,
2017-06-15,
2017-06-16,
2017-06-17,
2017-06-18,
2017-06-19,
2017-06-20,
2017-06-21,
2017-06-22,
2017-06-23,
2017-06-24,
2017-06-25,
2017-06-26,
2017-06-27,
2017-06-28,
2017-06-29,
2017-06-30,
2017-07-01,
2017-07-02,
2017-07-03,
2017-07-04,
2017-07-05,
2017-07-06,
2017-07-07,
2017-07-08,
2017-07-09,
2017-07-10,
2017-07-11,
2017-07-12,
2017-07-13,
2017-07-14,
2017-07-15,
2017-07-16,
2017-07-17,
2017-07-18,
2017-07-19,
2017-07-20,
2017-07-21,
2017-07-22,
2017-07-23,
2017-07-24,
2017-07-25,
2017-07-26,
2017-07-27,
2017-07-28,
2017-07-29,
2017-07-30,
2017-07-31,
2017-08-01,
2017-08-02,
2017-08-03,
2017-08-04,
2017-08-05,
2017-08-06,
2017-08-07,
2017-08-08,
2017-08-09,
2017-08-10,
2017-08-11,
2017-08-12,
2017-08-13,
2017-08-14,
2017-08-15,
2017-08-16,
2017-08-17,
2017-08-18,
2017-08-19,
2017-08-20,
2017-08-21,
2017-08-22,
2017-08-23,
2017-08-24,
2017-08-25,
2017-08-26,
2017-08-27,
2017-08-28,
2017-08-29,
2017-08-30,
2017-08-31,
2017-09-01,
2017-09-02,
2017-09-03,
2017-09-04,
2017-09-05,
2017-09-06,
2017-09-07,
2017-09-08,
2017-09-09,
2017-09-10,
2017-09-11,
2017-09-12,
2017-09-13,
2017-09-14,
2017-09-15,
2017-09-16,
2017-09-17,
2017-09-18,
2017-09-19,
2017-09-20,
2017-09-21,
2017-09-22,
2017-09-23,
2017-09-24,
2017-09-25,
2017-09-26,
2017-09-27,
2017-09-28,
2017-09-29,
2017-09-30,
2017-10-01,
2017-10-02,
2017-10-03,
2017-10-04,
2017-10-05,
2017-10-06,
2017-10-07,
2017-10-08,
2017-10-09,
2017-10-10,
2017-10-11,
2017-10-12,
2017-10-13,
2017-10-14,
2017-10-15,
2017-10-16,
2017-10-17,
2017-10-18,
2017-10-19,
2017-10-20,
2017-10-21,
2017-10-22,
2017-10-23,
2017-10-24,
2017-10-25,
2017-10-26,
2017-10-27,
2017-10-28,
2017-10-29,
2017-10-30,
2017-10-31,
2017-11-01,
2017-11-02,
2017-11-03,
2017-11-04,
2017-11-05,
2017-11-06,
2017-11-07,
2017-11-08,
2017-11-09,
2017-11-10,
2017-11-11,
2017-11-12,
2017-11-13,
2017-11-14,
2017-11-15,
2017-11-16,
2017-11-17,
2017-11-18,
2017-11-19,
2017-11-20,
2017-11-21,
2017-11-22,
2017-11-23,
2017-11-24,
2017-11-25,
2017-11-26,
2017-11-27,
2017-11-28,
2017-11-29,
2017-11-30,
2017-12-01,
2017-12-02,
2017-12-03,
2017-12-04,
2017-12-05,
2017-12-06,
2017-12-07,
2017-12-08,
2017-12-09,
2017-12-10,
2017-12-11,
2017-12-12,
2017-12-13,
2017-12-14,
2017-12-15,
2017-12-16,
2017-12-17,
2017-12-18,
2017-12-19,
2017-12-20,
2017-12-21,
2017-12-22,
2017-12-23,
2017-12-24,
2017-12-25,
2017-12-26,
2017-12-27,
2017-12-28,
2017-12-29,
2017-12-30,
2017-12-31,
2018-01-01,
2018-01-02,
2018-01-03,
2018-01-04,
2018-01-05,
2018-01-06,
2018-01-07,
2018-01-08,
2018-01-09,
2018-01-10,
2018-01-11,
2018-01-12,
2018-01-13,
2018-01-14,
2018-01-15,
2018-01-16,
2018-01-17,
2018-01-18,
2018-01-19,
2018-01-20,
2018-01-21,
2018-01-22,
2018-01-23,
2018-01-24,
2018-01-25,
2018-01-26,
2018-01-27,
2018-01-28,
2018-01-29,
2018-01-30,
2018-01-31,
2018-02-01,
2018-02-02,
2018-02-03,
2018-02-04,
2018-02-05,
2018-02-06,
2018-02-07,
2018-02-08,
2018-02-09,
2018-02-10,
2018-02-11,
2018-02-12,
2018-02-13,
2018-02-14,
2018-02-15,
2018-02-16,
2018-02-17,
2018-02-18,
2018-02-19,
2018-02-20,
2018-02-21,
2018-02-22,
2018-02-23,
2018-02-24,
2018-02-25,
2018-02-26,
2018-02-27,
2018-02-28,
2018-03-01,
2018-03-02,
2018-03-03,
2018-03-04,
2018-03-05,
2018-03-06,
2018-03-07,
2018-03-08,
2018-03-09,
2018-03-10,
2018-03-11,
2018-03-12,
2018-03-13,
2018-03-14,
2018-03-15,
2018-03-16,
2018-03-17,
2018-03-18,
2018-03-19,
2018-03-20,
2018-03-21,
2018-03-22,
2018-03-23,
2018-03-24,
2018-03-25,
2018-03-26,
2018-03-27,
2018-03-28,
2018-03-29,
2018-03-30,
2018-03-31,
2018-04-01,
2018-04-02,
2018-04-03,
2018-04-04,
2018-04-05,
2018-04-06,
2018-04-07,
2018-04-08,
2018-04-09,
2018-04-10,
2018-04-11,
2018-04-12,
2018-04-13,
2018-04-14,
2018-04-15,
2018-04-16,
2018-04-17,
2018-04-18,
2018-04-19,
2018-04-20,
2018-04-21,
2018-04-22,
2018-04-23,
2018-04-24,
2018-04-25,
2018-04-26,
2018-04-27,
2018-04-28,
2018-04-29,
2018-04-30,
2018-05-01,
2018-05-02,
2018-05-03,
2018-05-04,
2018-05-05,
2018-05-06,
2018-05-07,
2018-05-08,
2018-05-09,
2018-05-10,
2018-05-11,
2018-05-12,
2018-05-13,
2018-05-14,
2018-05-15,
2018-05-16,
2018-05-17,
2018-05-18,
2018-05-19,
2018-05-20,
2018-05-21,
2018-05-22,
2018-05-23,
2018-05-24,
2018-05-25,
2018-05-26,
2018-05-27,
2018-05-28,
2018-05-29,
2018-05-30,
2018-05-31,
2018-06-01,
2018-06-02,
2018-06-03,
2018-06-04,
2018-06-05,
2018-06-06,
2018-06-07,
2018-06-08,
2018-06-09,
2018-06-10,
2018-06-11,
2018-06-12,
2018-06-13,
2018-06-14,
2018-06-15,
2018-06-16,
2018-06-17,
2018-06-18,
2018-06-19,
2018-06-20,
2018-06-21,
2018-06-22,
2018-06-23,
2018-06-24,
2018-06-25,
2018-06-26,
2018-06-27,
2018-06-28,
2018-06-29,
2018-06-30,
2018-07-01,
2018-07-02,
2018-07-03,
2018-07-04,
2018-07-05,
2018-07-06,
2018-07-07,
2018-07-08,
2018-07-09,
2018-07-10,
2018-07-11,
2018-07-12,
2018-07-13,
2018-07-14,
2018-07-15,
2018-07-16,
2018-07-17,
2018-07-18,
2018-07-19,
2018-07-20,
2018-07-21,
2018-07-22,
2018-07-23,
2018-07-24,
2018-07-25,
2018-07-26,
2018-07-27,
2018-07-28,
2018-07-29,
2018-07-30,
2018-07-31,
2018-08-01,
2018-08-02,
2018-08-03,
2018-08-04,
2018-08-05,
2018-08-06,
2018-08-07,
2018-08-08,
2018-08-09,
2018-08-10,
2018-08-11,
2018-08-12,
2018-08-13,
2018-08-14,
2018-08-15,
2018-08-16,
2018-08-17,
2018-08-18,
2018-08-19,
2018-08-20,
2018-08-21,
2018-08-22,
2018-08-23,
2018-08-24,
2018-08-25,
2018-08-26,
2018-08-27,
2018-08-28,
2018-08-29,
2018-08-30,
2018-08-31,
2018-09-01,
2018-09-02,
2018-09-03,
2018-09-04,
2018-09-05,
2018-09-06,
2018-09-07,
2018-09-08,
2018-09-09,
2018-09-10,
2018-09-11,
2018-09-12,
2018-09-13,
2018-09-14,
2018-09-15,
2018-09-16,
2018-09-17,
2018-09-18,
2018-09-19,
2018-09-20,
2018-09-21,
2018-09-22,
2018-09-23,
2018-09-24,
2018-09-25,
2018-09-26,
2018-09-27,
2018-09-28,
2018-09-29,
2018-09-30,
2018-10-01,
2018-10-02,
2018-10-03,
2018-10-04,
2018-10-05,
2018-10-06,
2018-10-07,
2018-10-08,
2018-10-09,
2018-10-10,
2018-10-11,
2018-10-12,
2018-10-13,
2018-10-14,
2018-10-15,
2018-10-16,
2018-10-17,
2018-10-18,
2018-10-19,
2018-10-20,
2018-10-21,
2018-10-22,
2018-10-23,
2018-10-24,
2018-10-25,
2018-10-26,
2018-10-27,
2018-10-28,
2018-10-29,
2018-10-30,
2018-10-31,
2018-11-01,
2018-11-02,
2018-11-03,
2018-11-04,
2018-11-05,
2018-11-06,
2018-11-07,
2018-11-08,
2018-11-09,
2018-11-10,
2018-11-11,
2018-11-12,
2018-11-13,
2018-11-14,
2018-11-15,
2018-11-16,
2018-11-17,
2018-11-18,
2018-11-19,
2018-11-20,
2018-11-21,
2018-11-22,
2018-11-23,
2018-11-24,
2018-11-25,
2018-11-26,
2018-11-27,
2018-11-28,
2018-11-29,
2018-11-30,
2018-12-01,
2018-12-02,
2018-12-03,
2018-12-04,
2018-12-05,
2018-12-06,
2018-12-07,
2018-12-08,
2018-12-09,
2018-12-10,
2018-12-11,
2018-12-12,
2018-12-13,
2018-12-14,
2018-12-15,
2018-12-16,
2018-12-17,
2018-12-18,
2018-12-19,
2018-12-20,
2018-12-21,
2018-12-22,
2018-12-23,
2018-12-24,
2018-12-25,
2018-12-26,
2018-12-27,
2018-12-28,
2018-12-29,
2018-12-30,
2018-12-31,
2019-01-01,
2019-01-02,
2019-01-03,
2019-01-04,
2019-01-05,
2019-01-06,
2019-01-07,
2019-01-08,
2019-01-09,
2019-01-10,
2019-01-11,
2019-01-12,
2019-01-13,
2019-01-14,
2019-01-15,
2019-01-16,
2019-01-17,
2019-01-18,
2019-01-19,
2019-01-20,
2019-01-21,
2019-01-22,
2019-01-23,
2019-01-24,
2019-01-25,
2019-01-26,
2019-01-27,
2019-01-28,
2019-01-29,
2019-01-30,
2019-01-31,
2019-02-01,
2019-02-02,
2019-02-03,
2019-02-04,
2019-02-05,
2019-02-06,
2019-02-07,
2019-02-08,
2019-02-09,
2019-02-10,
2019-02-11,
2019-02-12,
2019-02-13,
2019-02-14,
2019-02-15,
2019-02-16,
2019-02-17,
2019-02-18,
2019-02-19,
2019-02-20,
2019-02-21,
2019-02-22,
2019-02-23,
2019-02-24,
2019-02-25,
2019-02-26,
2019-02-27,
2019-02-28,
2019-03-01,
2019-03-02,
2019-03-03,
2019-03-04,
2019-03-05,
2019-03-06,
2019-03-07,
2019-03-08,
2019-03-09,
2019-03-10,
2019-03-11,
2019-03-12,
2019-03-13,
2019-03-14,
2019-03-15,
2019-03-16,
2019-03-17,
2019-03-18,
2019-03-19,
2019-03-20,
2019-03-21,
2019-03-22,
2019-03-23,
2019-03-24,
2019-03-25,
2019-03-26,
2019-03-27,
2019-03-28,
2019-03-29,
2019-03-30,
2019-03-31,
2019-04-01,
2019-04-02,
2019-04-03,
2019-04-04,
2019-04-05,
2019-04-06,
2019-04-07,
2019-04-08,
2019-04-09,
2019-04-10,
2019-04-11,
2019-04-12,
2019-04-13,
2019-04-14,
2019-04-15,
2019-04-16,
2019-04-17,
2019-04-18,
2019-04-19,
2019-04-20,
2019-04-21,
2019-04-22,
2019-04-23,
2019-04-24,
2019-04-25,
2019-04-26,
2019-04-27,
2019-04-28,
2019-04-29,
2019-04-30,
2019-05-01,
2019-05-02,
2019-05-03,
2019-05-04,
2019-05-05,
2019-05-06,
2019-05-07,
2019-05-08,
2019-05-09,
2019-05-10,
2019-05-11,
2019-05-12,
2019-05-13,
2019-05-14,
2019-05-15,
2019-05-16,
2019-05-17,
2019-05-18,
2019-05-19,
2019-05-20,
2019-05-21,
2019-05-22,
2019-05-23,
2019-05-24,
2019-05-25,
2019-05-26,
2019-05-27,
2019-05-28,
2019-05-29,
2019-05-30,
2019-05-31,
2019-06-01,
2019-06-02,
2019-06-03,
2019-06-04,
2019-06-05,
2019-06-06,
2019-06-07,
2019-06-08,
2019-06-09,
2019-06-10,
2019-06-11,
2019-06-12,
2019-06-13,
2019-06-14,
2019-06-15,
2019-06-16,
2019-06-17,
2019-06-18,
2019-06-19,
2019-06-20,
2019-06-21,
2019-06-22,
2019-06-23,
2019-06-24,
2019-06-25,
2019-06-26,
2019-06-27,
2019-06-28,
2019-06-29,
2019-06-30,
2019-07-01,
2019-07-02,
2019-07-03,
2019-07-04,
2019-07-05,
2019-07-06,
2019-07-07,
2019-07-08,
2019-07-09,
2019-07-10,
2019-07-11,
2019-07-12,
2019-07-13,
2019-07-14,
2019-07-15,
2019-07-16,
2019-07-17,
2019-07-18,
2019-07-19,
2019-07-20,
2019-07-21,
2019-07-22,
2019-07-23,
2019-07-24,
2019-07-25,
2019-07-26,
2019-07-27,
2019-07-28,
2019-07-29,
2019-07-30,
2019-07-31,
2019-08-01,
2019-08-02,
2019-08-03,
2019-08-04,
2019-08-05,
2019-08-06,
2019-08-07,
2019-08-08,
2019-08-09,
2019-08-10,
2019-08-11,
2019-08-12,
2019-08-13,
2019-08-14,
2019-08-15,
2019-08-16,
2019-08-17,
2019-08-18,
2019-08-19,
2019-08-20,
2019-08-21,
2019-08-22,
2019-08-23,
2019-08-24,
2019-08-25,
2019-08-26,
2019-08-27,
2019-08-28,
2019-08-29,
2019-08-30,
2019-08-31,
2019-09-01,
2019-09-02,
2019-09-03,
2019-09-04,
2019-09-05,
2019-09-06,
2019-09-07,
2019-09-08,
2019-09-09,
2019-09-10,
2019-09-11,
2019-09-12,
2019-09-13,
2019-09-14,
2019-09-15,
2019-09-16,
2019-09-17,
2019-09-18,
2019-09-19,
2019-09-20,
2019-09-21,
2019-09-22,
2019-09-23,
2019-09-24,
2019-09-25,
2019-09-26,
2019-09-27,
2019-09-28,
2019-09-29,
2019-09-30,
2019-10-01,1.939
2019-10-02,1.905
2019-10-03,1.905
2019-10-04,1.871
2019-10-05,1.871
2019-10-06,1.871
2019-10-07,1.828
2019-10-08,1.896
2019-10-09,1.905
2019-10-10,1.922
2019-10-11,1.93
2019-10-12,1.93
2019-10-13,1.93
2019-10-14,1.913
2019-10-15,1.922
2019-10-16,1.922
2019-10-17,1.888
2019-10-18,1.998
2019-10-19,1.998
2019-10-20,1.998
2019-10-21,1.998
2019-10-22,2.007
2019-10-23,2.083
2019-10-24,2.049
2019-10-25,1.998
2019-10-26,1.998
2019-10-27,1.998
2019-10-28,2.015
2019-10-29,1.998
2019-10-30,1.99
2019-10-31,1.913
2019-11-01,1.862
2019-11-02,1.862
2019-11-03,1.862
2019-11-04,1.956
2019-11-05,2.066
2019-11-06,2.092
2019-11-07,2.032
2019-11-08,2.194
2019-11-09,2.194
2019-11-10,2.194
2019-11-11,2.211
2019-11-12,2.228
2019-11-13,2.168
2019-11-14,2.092
2019-11-15,2.134
2019-11-16,2.134
2019-11-17,2.134
2019-11-18,2.134
2019-11-19,2.109
2019-11-20,2.083
2019-11-21,2.024
2019-11-22,2.066
2019-11-23,2.066
2019-11-24,2.066
2019-11-25,2.126
2019-11-26,2.236
2019-11-27,2.194
2019-11-28,2.1
2019-11-29,2.058
2019-11-30,2.058
2019-12-01,2.058
2019-12-02,2.151
2019-12-03,2.126
2019-12-04,2.092
2019-12-05,2.177
2019-12-06,2.168
2019-12-07,2.168
2019-12-08,2.168
2019-12-09,2.202
2019-12-10,2.168
2019-12-11,2.143
2019-12-12,2.1
2019-12-13,2.194
2019-12-14,2.194
2019-12-15,2.194
2019-12-16,2.287
2019-12-17,2.253
2019-12-18,2.27
2019-12-19,2.253
2019-12-20,2.211
2019-12-21,2.211
2019-12-22,2.211
2019-12-23,2.219
2019-12-24,2.219
2019-12-25,2.219
2019-12-26,2.245
2019-12-27,2.253
2019-12-28,2.253
2019-12-29,2.253
2019-12-30,2.262
2019-12-31,2.262
2020-01-01,2.262
2020-01-02,2.236
2020-01-03,2.27
2020-01-04,2.27
2020-01-05,2.27
2020-01-06,2.321
2020-01-07,2.304
2020-01-08,2.27
2020-01-09,2.27
2020-01-10,2.364
2020-01-11,2.364
2020-01-12,2.364
2020-01-13,2.407
2020-01-14,2.373
2020-01-15,2.287
2020-01-16,2.279
2020-01-17,2.27
2020-01-18,2.27
2020-01-19,2.27
2020-01-20,2.202
2020-01-21,2.177
2020-01-22,2.109
2020-01-23,2.049
2020-01-24,2.015
2020-01-25,2.015
2020-01-26,2.015
2020-01-27,1.905
2020-01-28,1.981
2020-01-29,1.981
2020-01-30,1.905
2020-01-31,1.879
2020-02-01,1.879
2020-02-02,1.879
2020-02-03,1.845
2020-02-04,1.896
2020-02-05,1.973
2020-02-06,1.947
2020-02-07,1.973
2020-02-08,1.973
2020-02-09,1.973
2020-02-10,1.913
2020-02-11,1.964
2020-02-12,1.939
2020-02-13,1.939
2020-02-14,1.981
2020-02-15,1.981
2020-02-16,1.981
2020-02-17,1.99
2020-02-18,2.024
2020-02-19,2.041
2020-02-20,2.117
2020-02-21,2.049
2020-02-22,2.049
2020-02-23,2.049
2020-02-24,1.998
2020-02-25,2.049
2020-02-26,2.007
2020-02-27,1.947
2020-02-28,1.905
2020-02-29,1.905
2020-03-01,1.905
2020-03-02,1.871
2020-03-03,2.015
2020-03-04,2.1
2020-03-05,2.092
2020-03-06,2.083
2020-03-07,2.083
2020-03-08,2.083
2020-03-09,1.879
2020-03-10,1.964
2020-03-11,1.871
2020-03-12,1.752
2020-03-13,1.675
2020-03-14,1.675
2020-03-15,1.675
2020-03-16,1.56
2020-03-17,1.454
2020-03-18,1.356
2020-03-19,1.263
2020-03-20,1.531
2020-03-21,1.531
2020-03-22,1.531
2020-03-23,1.424
2020-03-24,1.522
2020-03-25,1.522
2020-03-26,1.718
2020-03-27,1.735
2020-03-28,1.735
2020-03-29,1.735
2020-03-30,1.616
2020-03-31,1.854
2020-04-01,1.743
2020-04-02,1.726
2020-04-03,1.794
2020-04-04,1.794
2020-04-05,1.794
2020-04-06,1.837
2020-04-07,1.786
2020-04-08,1.696
2020-04-09,1.684
2020-04-10,1.684
2020-04-11,1.684
2020-04-12,1.684
2020-04-13,1.701
2020-04-14,1.769
2020-04-15,1.667
2020-04-16,1.62
2020-04-17,1.684
2020-04-18,1.684
2020-04-19,1.684
2020-04-20,1.645
2020-04-21,1.552
2020-04-22,1.577
2020-04-23,1.607
2020-04-24,1.573
2020-04-25,1.573
2020-04-26,1.573
2020-04-27,1.552
2020-04-28,1.514
2020-04-29,1.522
2020-04-30,1.594
2020-05-01,1.594
2020-05-02,1.594
2020-05-03,1.594
2020-05-04,1.543
2020-05-05,1.543
2020-05-06,1.611
2020-05-07,1.611
2020-05-08,1.752
2020-05-09,1.752
2020-05-10,1.752
2020-05-11,1.743
2020-05-12,1.692
2020-05-13,1.62
2020-05-14,1.586
2020-05-15,1.543
2020-05-16,1.543
2020-05-17,1.543
2020-05-18,1.616
2020-05-19,1.628
2020-05-20,1.633
2020-05-21,1.633
2020-05-22,1.633
2020-05-23,1.633
2020-05-24,1.633
2020-05-25,1.633
2020-05-26,1.735
2020-05-27,1.777
2020-05-28,1.777
2020-05-29,1.654
2020-05-30,1.654
2020-05-31,1.654
2020-06-01,1.654
2020-06-02,1.769
2020-06-03,1.794
2020-06-04,1.854
2020-06-05,1.879
2020-06-06,1.879
2020-06-07,1.879
2020-06-08,1.956
2020-06-09,2.032
2020-06-10,2.015
2020-06-11,1.939
2020-06-12,2.032
2020-06-13,2.032
2020-06-14,2.032
2020-06-15,2.007
2020-06-16,2.075
2020-06-17,2.1
2020-06-18,2.083
2020-06-19,2.237
2020-06-20,2.237
2020-06-21,2.237
2020-06-22,2.09
2020-06-23,2.041
2020-06-24,2.08
2020-06-25,2.021
2020-06-26,2.021
2020-06-27,2.021
2020-06-28,2.021
2020-06-29,1.992
2020-06-30,1.982
2020-07-01,2.05
2020-07-02,2.031
2020-07-03,2.011
2020-07-04,2.011
2020-07-05,2.011
2020-07-06,2.031
2020-07-07,2.011
2020-07-08,2.041
2020-07-09,2.06
2020-07-10,2.031
2020-07-11,2.031
2020-07-12,2.031
2020-07-13,2.129
2020-07-14,2.1
2020-07-15,2.109
2020-07-16,2.08
2020-07-17,2.1
2020-07-18,2.1
2020-07-19,2.1
2020-07-20,2.041
2020-07-21,2.07
2020-07-22,2.041
2020-07-23,2.07
2020-07-24,2.031
2020-07-25,2.031
2020-07-26,2.031
2020-07-27,2.041
2020-07-28,2.041
2020-07-29,2.031
2020-07-30,1.992
2020-07-31,1.992
2020-08-01,1.992
2020-08-02,1.992
2020-08-03,1.938
2020-08-04,1.972
2020-08-05,2.001
2020-08-06,2.041
2020-08-07,2.011
2020-08-08,2.011
2020-08-09,2.011
2020-08-10,2.08
2020-08-11,2.06
2020-08-12,2.021
2020-08-13,2.031
2020-08-14,2.021
2020-08-15,2.021
2020-08-16,2.021
2020-08-17,2.021
2020-08-18,2.041
2020-08-19,2.07
2020-08-20,2.07
2020-08-21,2.07
2020-08-22,2.07
2020-08-23,2.07
2020-08-24,2.06
2020-08-25,2.08
2020-08-26,2.09
2020-08-27,2.09
2020-08-28,2.09
2020-08-29,2.09
2020-08-30,2.09
2020-08-31,2.001
2020-09-01,2.06
2020-09-02,2.109
2020-09-03,2.1
2020-09-04,2.06
2020-09-05,2.06
2020-09-06,2.06
2020-09-07,2.07
2020-09-08,2.041
2020-09-09,2.001
2020-09-10,1.864
2020-09-11,1.933
2020-09-12,1.933
2020-09-13,1.933
2020-09-14,2.011
2020-09-15,2.011
2020-09-16,2.001
2020-09-17,1.972
2020-09-18,1.962
2020-09-19,1.962
2020-09-20,1.962
2020-09-21,1.962
2020-09-22,1.962
2020-09-23,1.943
2020-09-24,1.913
2020-09-25,1.952
2020-09-26,1.952
2020-09-27,1.952
2020-09-28,1.933
2020-09-29,1.947
2020-09-30,1.933
2020-10-01,1.962
2020-10-02,1.933
2020-10-03,1.933
2020-10-04,1.933
2020-10-05,1.913
2020-10-06,1.933
2020-10-07,1.928
2020-10-08,1.952
2020-10-09,1.947
2020-10-10,1.947
2020-10-11,1.947
2020-10-12,1.982
2020-10-13,1.992
2020-10-14,2.011
2020-10-15,1.972
2020-10-16,2.011
2020-10-17,2.011
2020-10-18,2.011
2020-10-19,2.011
2020-10-20,1.972
2020-10-21,1.962
2020-10-22,1.928
2020-10-23,1.923
2020-10-24,1.923
2020-10-25,1.923
2020-10-26,1.933
2020-10-27,1.923
2020-10-28,1.923
2020-10-29,1.923
2020-10-30,1.923
2020-10-31,1.923
2020-11-01,1.923
2020-11-02,1.903
2020-11-03,1.913
2020-11-04,1.898
2020-11-05,1.933
2020-11-06,1.952
2020-11-07,1.952
2020-11-08,1.952
2020-11-09,1.972
2020-11-10,1.982
2020-11-11,2.031
2020-11-12,2.001
2020-11-13,2.001
2020-11-14,2.001
2020-11-15,2.001
2020-11-16,2.09
2020-11-17,2.07
2020-11-18,2.07
2020-11-19,2.188
2020-11-20,2.149
2020-11-21,2.149
2020-11-22,2.149
2020-11-23,2.237
2020-11-24,2.237
2020-11-25,2.237
2020-11-26,2.315
2020-11-27,2.364
2020-11-28,2.364
2020-11-29,2.364
2020-11-30,2.315
2020-12-01,2.384
2020-12-02,2.404
2020-12-03,2.394
2020-12-04,2.433
2020-12-05,2.433
2020-12-06,2.433
2020-12-07,2.629
2020-12-08,2.767
2020-12-09,2.767
2020-12-10,2.747
2020-12-11,2.757
2020-12-12,2.757
2020-12-13,2.757
2020-12-14,2.992
2020-12-15,3.012
2020-12-16,3.11
2020-12-17,2.983
2020-12-18,2.924
2020-12-19,2.924
2020-12-20,2.924
2020-12-21,2.983
2020-12-22,2.826
2020-12-23,2.767
2020-12-24,2.767
2020-12-25,2.767
2020-12-26,2.767
2020-12-27,2.767
2020-12-28,2.796
2020-12-29,2.835
2020-12-30,2.757
2020-12-31,2.757
2021-01-01,2.757
2021-01-02,2.757
2021-01-03,2.757
2021-01-04,2.737
2021-01-05,2.718
2021-01-06,2.629
2021-01-07,2.767
2021-01-08,2.796
2021-01-09,2.796
2021-01-10,2.796
2021-01-11,2.855
2021-01-12,2.806
2021-01-13,2.983
2021-01-14,2.943
2021-01-15,2.884
2021-01-16,2.884
2021-01-17,2.884
2021-01-18,2.894
2021-01-19,2.796
2021-01-20,2.826
2021-01-21,2.806
2021-01-22,2.718
2021-01-23,2.718
2021-01-24,2.718
2021-01-25,2.649
2021-01-26,2.708
2021-01-27,2.629
2021-01-28,2.541
2021-01-29,2.531
2021-01-30,2.531
2021-01-31,2.531
2021-02-01,2.561
2021-02-02,2.443
2021-02-03,2.364
2021-02-04,2.433
2021-02-05,2.512
2021-02-06,2.512
2021-02-07,2.512
2021-02-08,2.561
2021-02-09,2.541
2021-02-10,2.502
2021-02-11,2.541
2021-02-12,2.541
2021-02-13,2.541
2021-02-14,2.541
2021-02-15,2.551
2021-02-16,2.551
2021-02-17,2.512
2021-02-18,2.512
2021-02-19,2.502
2021-02-20,2.502
2021-02-21,2.502
2021-02-22,2.688
2021-02-23,2.669
2021-02-24,2.58
2021-02-25,2.629
2021-02-26,2.659
2021-02-27,2.659
2021-02-28,2.659
2021-03-01,2.669
2021-03-02,2.678
2021-03-03,2.659
2021-03-04,2.659
2021-03-05,2.659
2021-03-06,2.659
2021-03-07,2.659
2021-03-08,2.629
2021-03-09,2.561
2021-03-10,2.551
2021-03-11,2.551
2021-03-12,2.678
2021-03-13,2.678
2021-03-14,2.678
2021-03-15,2.688
2021-03-16,2.659
2021-03-17,2.659
2021-03-18,2.698
2021-03-19,2.708
2021-03-20,2.708
2021-03-21,2.708
2021-03-22,2.718
2021-03-23,2.747
2021-03-24,2.688
2021-03-25,2.639
2021-03-26,2.649
2021-03-27,2.649
2021-03-28,2.649
2021-03-29,2.629
2021-03-30,2.58
2021-03-31,2.57
2021-04-01,2.6
2021-04-02,2.6
2021-04-03,2.6
2021-04-04,2.6
2021-04-05,2.492
2021-04-06,2.472
2021-04-07,2.472
2021-04-08,2.492
2021-04-09,2.492
2021-04-10,2.492
2021-04-11,2.492
2021-04-12,2.414
2021-04-13,2.414
2021-04-14,2.449
2021-04-15,2.398
2021-04-16,2.408
2021-04-17,2.408
2021-04-18,2.408
2021-04-19,2.449
2021-04-20,2.449
2021-04-21,2.418
2021-04-22,2.388
2021-04-23,2.418
2021-04-24,2.418
2021-04-25,2.418
2021-04-26,2.418
2021-04-27,2.418
2021-04-28,2.428
2021-04-29,2.449
2021-04-30,2.398
2021-05-01,2.398
2021-05-02,2.398
2021-05-03,2.307
2021-05-04,2.327
2021-05-05,2.317
2021-05-06,2.317
2021-05-07,2.307
2021-05-08,2.307
2021-05-09,2.307
2021-05-10,2.307
2021-05-11,2.307
2021-05-12,2.307
2021-05-13,2.307
2021-05-14,2.307
2021-05-15,2.307
2021-05-16,2.307
2021-05-17,2.287
2021-05-18,2.287
2021-05-19,2.256
2021-05-20,2.186
2021-05-21,2.175
2021-05-22,2.175
2021-05-23,2.175
2021-05-24,2.145
2021-05-25,2.216
2021-05-26,2.216
2021-05-27,2.206
2021-05-28,2.216
2021-05-29,2.216
2021-05-30,2.216
2021-05-31,2.236
2021-06-01,2.236
2021-06-02,2.378
2021-06-03,2.347
2021-06-04,2.307
2021-06-05,2.307
2021-06-06,2.307
2021-06-07,2.246
2021-06-08,2.216
2021-06-09,2.246
2021-06-10,2.226
2021-06-11,2.317
2021-06-12,2.317
2021-06-13,2.317
2021-06-14,2.317
2021-06-15,2.266
2021-06-16,2.287
2021-06-17,2.226
2021-06-18,2.145
2021-06-19,2.145
2021-06-20,2.145
2021-06-21,2.105
2021-06-22,2.125
2021-06-23,2.074
2021-06-24,2.054
2021-06-25,2.054
2021-06-26,2.054
2021-06-27,2.054
2021-06-28,2.034
2021-06-29,2.024
2021-06-30,2.024
2021-07-01,2.034
2021-07-02,2.125
2021-07-03,2.125
2021-07-04,2.125
2021-07-05,2.084
2021-07-06,2.175
2021-07-07,2.125
2021-07-08,2.094
2021-07-09,2.155
2021-07-10,2.155
2021-07-11,2.155
2021-07-12,2.145
2021-07-13,2.105
2021-07-14,2.094
2021-07-15,2.125
2021-07-16,2.155
2021-07-17,2.155
2021-07-18,2.155
2021-07-19,2.165
2021-07-20,2.165
2021-07-21,2.155
2021-07-22,2.277
2021-07-23,2.246
2021-07-24,2.246
2021-07-25,2.246
2021-07-26,2.266
2021-07-27,2.256
2021-07-28,2.236
2021-07-29,2.266
2021-07-30,2.256
2021-07-31,2.256
2021-08-01,2.256
2021-08-02,2.266
2021-08-03,2.246
2021-08-04,2.287
2021-08-05,2.216
2021-08-06,2.246
2021-08-07,2.246
2021-08-08,2.246
2021-08-09,2.236
2021-08-10,2.277
2021-08-11,2.277
2021-08-12,2.398
2021-08-13,2.368
2021-08-14,2.368
2021-08-15,2.368
2021-08-16,2.358
2021-08-17,2.358
2021-08-18,2.277
2021-08-19,2.175
2021-08-20,2.135
2021-08-21,2.135
2021-08-22,2.135
2021-08-23,2.125
2021-08-24,2.105
2021-08-25,2.115
2021-08-26,2.125
2021-08-27,2.105
2021-08-28,2.105
2021-08-29,2.105
2021-08-30,2.135
2021-08-31,2.135
2021-09-01,2.206
2021-09-02,2.216
2021-09-03,2.317
2021-09-04,2.317
2021-09-05,2.317
2021-09-06,2.337
2021-09-07,2.307
2021-09-08,2.327
2021-09-09,2.368
2021-09-10,2.378
2021-09-11,2.378
2021-09-12,2.378
2021-09-13,2.358
2021-09-14,2.398
2021-09-15,2.438
2021-09-16,2.438
2021-09-17,2.347
2021-09-18,2.347
2021-09-19,2.347
2021-09-20,2.317
2021-09-21,2.307
2021-09-22,2.378
2021-09-23,2.449
2021-09-24,2.479
2021-09-25,2.479
2021-09-26,2.479
2021-09-27,2.489
2021-09-28,2.661
2021-09-29,2.671
2021-09-30,2.793
2021-10-01,2.752
2021-10-02,2.752
2021-10-03,2.752
2021-10-04,2.924
2021-10-05,2.874
2021-10-06,2.874
2021-10-07,2.712
2021-10-08,2.813
2021-10-09,2.813
2021-10-10,2.813
2021-10-11,2.874
2021-10-12,2.863
2021-10-13,2.823
2021-10-14,2.853
2021-10-15,2.863
2021-10-16,2.863
2021-10-17,2.863
2021-10-18,2.894
2021-10-19,2.853
2021-10-20,2.853
2021-10-21,2.752
2021-10-22,2.702
2021-10-23,2.702
2021-10-24,2.702
2021-10-25,2.772
2021-10-26,4.338
2021-10-27,4.307
2021-10-28,4.09
2021-10-29,4.152
2021-10-30,4.152
2021-10-31,4.152
2021-11-01,4.137
2021-11-02,4.028
2021-11-03,4.09
2021-11-04,4.152
2021-11-05,4.106
2021-11-06,4.106
2021-11-07,4.106
2021-11-08,4.152
2021-11-09,4.152
2021-11-10,4.152
2021-11-11,4.152
2021-11-12,4.121
2021-11-13,4.121
2021-11-14,4.121
2021-11-15,3.889
2021-11-16,3.889
2021-11-17,3.951
2021-11-18,3.935
2021-11-19,4.059
2021-11-20,4.059
2021-11-21,4.059
2021-11-22,4.028
2021-11-23,4.09
2021-11-24,4.121
2021-11-25,4.183
2021-11-26,4.028
2021-11-27,4.028
2021-11-28,4.028
2021-11-29,4.121
2021-11-30,4.028
2021-12-01,4.028
2021-12-02,4.245
2021-12-03,4.199
2021-12-04,4.199
2021-12-05,4.199
2021-12-06,4.261
2021-12-07,4.261
2021-12-08,4.214
2021-12-09,4.214
2021-12-10,4.245
2021-12-11,4.245
2021-12-12,4.245
2021-12-13,4.199
2021-12-14,4.23
2021-12-15,4.183
2021-12-16,4.152
2021-12-17,4.23
2021-12-18,4.23
2021-12-19,4.23
2021-12-20,4.106
2021-12-21,4.168
2021-12-22,4.183
2021-12-23,4.183
2021-12-24,4.199
2021-12-25,4.199
2021-12-26,4.199
2021-12-27,4.183
2021-12-28,4.338
2021-12-29,4.323
2021-12-30,4.199
2021-12-31,4.199
2022-01-01,4.199
2022-01-02,4.199
2022-01-03,4.137
2022-01-04,4.183
2022-01-05,4.23
2022-01-06,4.183
2022-01-07,4.323
2022-01-08,4.323
2022-01-09,4.323
2022-01-10,4.307
2022-01-11,4.384
2022-01-12,4.276
2022-01-13,4.354
2022-01-14,4.384
2022-01-15,4.384
2022-01-16,4.384
2022-01-17,4.354
2022-01-18,4.369
2022-01-19,4.354
2022-01-20,4.369
2022-01-21,4.384
2022-01-22,4.384
2022-01-23,4.384
2022-01-24,4.446
2022-01-25,4.354
2022-01-26,4.446
2022-01-27,4.493
2022-01-28,4.462
2022-01-29,4.462
2022-01-30,4.462
2022-01-31,4.415
2022-02-01,4.415
2022-02-02,4.354
2022-02-03,4.369
2022-02-04,4.323
2022-02-05,4.323
2022-02-06,4.323
2022-02-07,4.369
2022-02-08,4.4
2022-02-09,4.446
2022-02-10,4.4
2022-02-11,4.462
2022-02-12,4.462
2022-02-13,4.462
2022-02-14,4.508
2022-02-15,4.508
2022-02-16,4.493
2022-02-17,4.493
2022-02-18,4.539
2022-02-19,4.539
2022-02-20,4.539
2022-02-21,4.555
2022-02-22,4.555
2022-02-23,4.663
2022-02-24,4.911
2022-02-25,4.865
2022-02-26,4.865
2022-02-27,4.865
2022-02-28,4.865
2022-03-01,4.942
2022-03-02,5.035
2022-03-03,5.035
2022-03-04,5.484
2022-03-05,5.484
2022-03-06,5.484
2022-03-07,5.028
2022-03-08,4.43
2022-03-09,4.507
2022-03-10,4.418
2022-03-11,4.466
2022-03-12,4.466
2022-03-13,4.466
2022-03-14,4.497
2022-03-15,4.484
2022-03-16,4.593
2022-03-17,4.511
2022-03-18,4.334
2022-03-19,4.334
2022-03-20,4.334
2022-03-21,4.375
2022-03-22,4.484
2022-03-23,4.525
2022-03-24,4.552
2022-03-25,4.511
2022-03-26,4.511
2022-03-27,4.511
2022-03-28,4.66
2022-03-29,4.579
2022-03-30,4.457
2022-03-31,4.47
2022-04-01,4.525
2022-04-02,4.525
2022-04-03,4.525
2022-04-04,4.565
2022-04-05,4.682
2022-04-06,4.695
2022-04-07,4.709
2022-04-08,3.826
2022-04-09,3.826
2022-04-10,3.826
2022-04-11,3.773
2022-04-12,3.73
2022-04-13,3.996
2022-04-14,3.932
2022-04-15,3.932
2022-04-16,3.932
2022-04-17,3.932
2022-04-18,3.692
2022-04-19,3.73
2022-04-20,3.733
2022-04-21,3.664
2022-04-22,3.634
2022-04-23,3.634
2022-04-24,3.634
2022-04-25,3.644
2022-04-26,3.585
2022-04-27,3.644
2022-04-28,3.762
2022-04-29,3.762
2022-04-30,3.762
2022-05-01,3.762
2022-05-02,3.762
2022-05-03,3.762
2022-05-04,3.762
2022-05-05,3.762
2022-05-06,3.762
2022-05-07,3.762
2022-05-08,3.762
2022-05-09,3.608
2022-05-10,3.503
2022-05-11,3.551
2022-05-12,3.493
2022-05-13,3.637
2022-05-14,3.637
2022-05-15,3.637
2022-05-16,3.637
2022-05-17,3.924
2022-05-18,3.853
2022-05-19,3.765
2022-05-20,3.86
2022-05-21,3.86
2022-05-22,3.86
2022-05-23,3.908
2022-05-24,4.194
2022-05-25,4.184
2022-05-26,4.184
2022-05-27,4.213
2022-05-28,4.213
2022-05-29,4.213
2022-05-30,4.222
2022-05-31,4.318
2022-06-01,4.318
2022-06-02,4.337
2022-06-03,4.413
2022-06-04,4.413
2022-06-05,4.413
2022-06-06,4.846
2022-06-07,4.576
2022-06-08,4.302
2022-06-09,4.324
2022-06-10,4.164
2022-06-11,4.164
2022-06-12,4.164
2022-06-13,4.111
2022-06-14,4.122
2022-06-15,3.909
2022-06-16,4.058
2022-06-17,3.452
2022-06-18,3.452
2022-06-19,3.452
2022-06-20,3.452
2022-06-21,3.73
2022-06-22,3.813
2022-06-23,3.786
2022-06-24,3.786
2022-06-25,3.786
2022-06-26,3.786
2022-06-27,3.675
2022-06-28,3.73
2022-06-29,3.693
2022-06-30,3.536
2022-07-01,3.443
2022-07-02,3.443
2022-07-03,3.443
2022-07-04,3.544
2022-07-05,3.804
2022-07-06,3.717
2022-07-07,3.707
2022-07-08,3.784
2022-07-09,3.784
2022-07-10,3.784
2022-07-11,3.727
2022-07-12,3.833
2022-07-13,3.881
2022-07-14,4.052
2022-07-15,3.932
2022-07-16,3.932
2022-07-17,3.932
2022-07-18,3.882
2022-07-19,4.049
2022-07-20,4.1
2022-07-21,4.09
2022-07-22,4.12
2022-07-23,4.12
2022-07-24,4.12
2022-07-25,4.131
2022-07-26,4.161
2022-07-27,4.344
2022-07-28,4.344
2022-07-29,4.375
2022-07-30,4.375
2022-07-31,4.375
2022-08-01,4.354
2022-08-02,4.263
2022-08-03,4.304
2022-08-04,4.182
2022-08-05,4.208
2022-08-06,4.208
2022-08-07,4.208
2022-08-08,4.219
2022-08-09,4.25
2022-08-10,4.354
2022-08-11,4.333
2022-08-12,4.333
2022-08-13,4.333
2022-08-14,4.333
2022-08-15,4.313
2022-08-16,4.26
2022-08-17,4.26
2022-08-18,4.313
2022-08-19,4.396
2022-08-20,4.396
2022-08-21,4.396
2022-08-22,4.281
2022-08-23,4.575
2022-08-24,4.662
2022-08-25,4.694
2022-08-26,4.694
2022-08-27,4.694
2022-08-28,4.694
2022-08-29,4.689
2022-08-30,4.672
2022-08-31,4.532
2022-09-01,4.521
2022-09-02,4.543
2022-09-03,4.543
2022-09-04,4.543
2022-09-05,4.745
2022-09-06,4.767
2022-09-07,4.724
2022-09-08,4.617
2022-09-09,4.596
2022-09-10,4.596
2022-09-11,4.596
2022-09-12,4.628
2022-09-13,4.66
2022-09-14,4.649
2022-09-15,4.703
2022-09-16,4.607
2022-09-17,4.607
2022-09-18,4.607
2022-09-19,4.5
2022-09-20,4.479
2022-09-21,4.489
2022-09-22,4.628
2022-09-23,4.585
2022-09-24,4.585
2022-09-25,4.585
2022-09-26,4.425
2022-09-27,4.447
2022-09-28,4.425
2022-09-29,4.415
2022-09-30,4.447
2022-10-01,4.447
2022-10-02,4.447
2022-10-03,4.436
2022-10-04,4.521
2022-10-05,3.871
2022-10-06,3.89
2022-10-07,3.945
2022-10-08,3.945
2022-10-09,3.945
2022-10-10,3.816
2022-10-11,3.88
2022-10-12,3.917
2022-10-13,3.908
2022-10-14,3.89
2022-10-15,3.89
2022-10-16,3.89
2022-10-17,3.908
2022-10-18,3.641
2022-10-19,3.431
2022-10-20,3.523
2022-10-21,3.523
2022-10-22,3.523
2022-10-23,3.523
2022-10-24,3.477
2022-10-25,3.472
2022-10-26,3.528
2022-10-27,3.382
2022-10-28,3.382
2022-10-29,3.382
2022-10-30,3.382
2022-10-31,3.562
2022-11-01,3.258
2022-11-02,3.249
2022-11-03,3.32
2022-11-04,3.32
2022-11-05,3.32
2022-11-06,3.32
2022-11-07,3.391
2022-11-08,3.355
2022-11-09,3.24
2022-11-10,3.072
2022-11-11,3.081
2022-11-12,3.081
2022-11-13,3.081
2022-11-14,3.081
2022-11-15,3.098
2022-11-16,3.098
2022-11-17,3.143
2022-11-18,3.143
2022-11-19,3.143
2022-11-20,3.143
2022-11-21,3.231
2022-11-22,3.267
2022-11-23,3.276
2022-11-24,3.267
2022-11-25,3.222
2022-11-26,3.222
2022-11-27,3.222
2022-11-28,3.345
2022-11-29,3.408
2022-11-30,3.454
2022-12-01,3.463
2022-12-02,3.426
2022-12-03,3.426
2022-12-04,3.426
2022-12-05,3.354
2022-12-06,3.326
2022-12-07,3.354
2022-12-08,3.363
2022-12-09,3.29
2022-12-10,3.29
2022-12-11,3.29
2022-12-12,3.454
2022-12-13,3.381
2022-12-14,3.445
2022-12-15,3.426
2022-12-16,3.454
2022-12-17,3.454
2022-12-18,3.454
2022-12-19,3.472
2022-12-20,3.426
2022-12-21,3.417
2022-12-22,3.417
2022-12-23,3.399
2022-12-24,3.399
2022-12-25,3.399
2022-12-26,3.603
2022-12-27,3.593
2022-12-28,3.573
2022-12-29,3.573
2022-12-30,3.593
2022-12-31,3.593
2023-01-01,3.593
2023-01-02,3.593
2023-01-03,3.632
2023-01-04,3.525
2023-01-05,3.297
2023-01-06,3.317
2023-01-07,3.317
2023-01-08,3.317
2023-01-09,3.172
2023-01-10,3.249
2023-01-11,3.288
2023-01-12,3.22
2023-01-13,3.22
2023-01-14,3.22
2023-01-15,3.22
2023-01-16,3.21
2023-01-17,3.239
2023-01-18,3.297
2023-01-19,3.375
2023-01-20,3.452
2023-01-21,3.452
2023-01-22,3.452
2023-01-23,3.452
2023-01-24,3.423
2023-01-25,3.365
2023-01-26,3.278
2023-01-27,3.355
2023-01-28,3.355
2023-01-29,3.355
2023-01-30,3.336
2023-01-31,3.288
2023-02-01,3.268
2023-02-02,3.307
2023-02-03,3.22
2023-02-04,3.22
2023-02-05,3.22
2023-02-06,3.152
2023-02-07,3.355
2023-02-08,3.375
2023-02-09,3.365
2023-02-10,3.259
2023-02-11,3.259
2023-02-12,3.259
2023-02-13,3.332
2023-02-14,3.361
2023-02-15,3.401
2023-02-16,3.47
2023-02-17,3.45
2023-02-18,3.45
2023-02-19,3.45
2023-02-20,3.529
2023-02-21,3.48
2023-02-22,3.5
2023-02-23,3.52
2023-02-24,3.618
2023-02-25,3.618
2023-02-26,3.618
2023-02-27,3.688
2023-02-28,3.816
2023-03-01,3.836
2023-03-02,3.955
2023-03-03,3.965
2023-03-04,3.965
2023-03-05,3.965
2023-03-06,3.945
2023-03-07,3.787
2023-03-08,3.816
2023-03-09,3.948
2023-03-10,3.898
2023-03-11,3.898
2023-03-12,3.898
2023-03-13,4.027
2023-03-14,3.941
2023-03-15,3.925
2023-03-16,3.695
2023-03-17,3.926
2023-03-18,3.926
2023-03-19,3.926
2023-03-20,3.875
2023-03-21,3.801
2023-03-22,3.801
2023-03-23,3.801
2023-03-24,3.761
2023-03-25,3.761
2023-03-26,3.761
2023-03-27,3.775
2023-03-28,3.887
2023-03-29,3.989
2023-03-30,3.948
2023-03-31,4.07
2023-04-01,4.07
2023-04-02,4.07
2023-04-03,4.121
2023-04-04,4.451
2023-04-05,4.418
2023-04-06,4.375
2023-04-07,4.375
2023-04-08,4.375
2023-04-09,4.375
2023-04-10,4.378
2023-04-11,4.4
2023-04-12,4.333
2023-04-13,4.411
2023-04-14,4.4
2023-04-15,4.4
2023-04-16,4.4
2023-04-17,4.044
2023-04-18,4.136
2023-04-19,4.136
2023-04-20,4.136
2023-04-21,4.136
2023-04-22,4.136
2023-04-23,4.136
2023-04-24,4.136
2023-04-25,4.136
2023-04-26,4.238
2023-04-27,4.228
2023-04-28,4.13
2023-04-29,4.13
2023-04-30,4.13
2023-05-01,4.13
2023-05-02,3.922
2023-05-03,3.597
2023-05-04,3.417
2023-05-05,3.484
2023-05-06,3.484
2023-05-07,3.484
2023-05-08,3.726
2023-05-09,3.726
2023-05-10,3.726
2023-05-11,3.673
2023-05-12,3.63
2023-05-13,3.63
2023-05-14,3.63
2023-05-15,3.641
2023-05-16,3.598
2023-05-17,3.492
2023-05-18,3.492
2023-05-19,3.491
2023-05-20,3.491
2023-05-21,3.491
2023-05-22,3.536
2023-05-23,3.524
2023-05-24,3.606
2023-05-25,3.49
2023-05-26,3.409
2023-05-27,3.409
2023-05-28,3.409
2023-05-29,3.432
2023-05-30,3.582
2023-05-31,3.548
2023-06-01,3.548
2023-06-02,3.548
2023-06-03,3.548
2023-06-04,3.548
2023-06-05,3.652
2023-06-06,3.803
2023-06-07,3.698
2023-06-08,3.826
2023-06-09,3.919
2023-06-10,3.919
2023-06-11,3.919
2023-06-12,4.093
2023-06-13,4.046
2023-06-14,4.035
2023-06-15,4.209
2023-06-16,4.429
2023-06-17,4.429
2023-06-18,4.429
2023-06-19,4.394
2023-06-20,4.464
2023-06-21,4.464
2023-06-22,4.382
2023-06-23,4.29
2023-06-24,4.29
2023-06-25,4.29
2023-06-26,5.185
2023-06-27,4.77
2023-06-28,4.77
2023-06-29,4.77
2023-06-30,4.77
2023-07-01,4.77
2023-07-02,4.77
2023-07-03,4.841
2023-07-04,4.859
2023-07-05,4.948
2023-07-06,5.001
2023-07-07,5.769
2023-07-08,5.769
2023-07-09,5.769
2023-07-10,5.79
2023-07-11,5.748
2023-07-12,5.686
2023-07-13,5.706
2023-07-14,5.769
2023-07-15,5.769
2023-07-16,5.769
2023-07-17,5.811
2023-07-18,5.727
2023-07-19,5.727
2023-07-20,5.769
2023-07-21,5.837
2023-07-22,5.837
2023-07-23,5.837
2023-07-24,6.036
2023-07-25,5.973
2023-07-26,5.989
2023-07-27,5.885
2023-07-28,5.822
2023-07-29,5.822
2023-07-30,5.822
2023-07-31,5.162
2023-08-01,5.087
2023-08-02,5.106
2023-08-03,5.106
2023-08-04,5.18
2023-08-05,5.18
2023-08-06,5.18
2023-08-07,5.162
2023-08-08,5.162
2023-08-09,5.18
2023-08-10,5.199
2023-08-11,5.162
2023-08-12,5.162
2023-08-13,5.162
2023-08-14,5.18
2023-08-15,5.199
2023-08-16,5.162
2023-08-17,5.162
2023-08-18,5.199
2023-08-19,5.199
2023-08-20,5.199
2023-08-21,5.218
2023-08-22,5.572
2023-08-23,5.628
2023-08-24,5.497
2023-08-25,5.423
2023-08-26,5.423
2023-08-27,5.423
2023-08-28,5.534
2023-08-29,5.516
2023-08-30,5.496
2023-08-31,6.102
2023-09-01,6.275
2023-09-02,6.275
2023-09-03,6.275
2023-09-04,6.362
2023-09-05,6.384
2023-09-06,6.515
2023-09-07,6.362
2023-09-08,6.419
2023-09-09,6.419
2023-09-10,6.419
2023-09-11,6.309
2023-09-12,6.287
2023-09-13,6.2
2023-09-14,6.331
2023-09-15,6.243
2023-09-16,6.243
2023-09-17,6.243
2023-09-18,6.221
2023-09-19,6.183
2023-09-20,6.162
2023-09-21,6.054
2023-09-22,6.14
2023-09-23,6.14
2023-09-24,6.14
2023-09-25,6.119
2023-09-26,6.033
2023-09-27,6.011
2023-09-28,6.011
2023-09-29,6.011
2023-09-30,6.011
2023-10-01,6.011
2023-10-02,5.623
2023-10-03,5.503
2023-10-04,5.478
2023-10-05,5.417
2023-10-06,5.417
2023-10-07,5.417
2023-10-08,5.417
2023-10-09,5.539
2023-10-10,5.6
2023-10-11,5.58
2023-10-12,5.519
2023-10-13,5.478
2023-10-14,5.478
2023-10-15,5.478
2023-10-16,5.519
2023-10-17,5.539
2023-10-18,5.669
2023-10-19,5.606
2023-10-20,5.669
2023-10-21,5.669
2023-10-22,5.669
2023-10-23,5.544
2023-10-24,5.564
2023-10-25,5.606
2023-10-26,5.544
2023-10-27,5.544
2023-10-28,5.544
2023-10-29,5.544
2023-10-30,5.398
2023-10-31,4.995
2023-11-01,4.792
2023-11-02,4.916
2023-11-03,4.937
2023-11-04,4.937
2023-11-05,4.937
2023-11-06,5.084
2023-11-07,5.069
2023-11-08,5.004
2023-11-09,5.047
2023-11-10,5.026
2023-11-11,5.026
2023-11-12,5.026
2023-11-13,5.069
2023-11-14,5.071
2023-11-15,5.092
2023-11-16,5.049
2023-11-17,5.092
2023-11-18,5.092
2023-11-19,5.092
2023-11-20,5.134
2023-11-21,5.156
2023-11-22,5.134
2023-11-23,5.156
2023-11-24,5.219
2023-11-25,5.219
2023-11-26,5.219
2023-11-27,5.177
2023-11-28,5.271
2023-11-29,5.228
2023-11-30,5.228
2023-12-01,5.25
2023-12-02,5.25
2023-12-03,5.25
2023-12-04,5.315
2023-12-05,5.228
2023-12-06,5.207
2023-12-07,5.881
2023-12-08,5.857
2023-12-09,5.857
2023-12-10,5.857
2023-12-11,5.76
2023-12-12,5.782
2023-12-13,5.871
2023-12-14,5.897
2023-12-15,5.897
2023-12-16,5.897
2023-12-17,5.897
2023-12-18,5.948
2023-12-19,6.05
2023-12-20,6.025
2023-12-21,6.076
2023-12-22,6.148
2023-12-23,6.148
2023-12-24,6.148
2023-12-25,6.148
2023-12-26,6.148
2023-12-27,6.251
2023-12-28,6.302
2023-12-29,6.251
2023-12-30,6.251
2023-12-31,6.251
2024-01-01,6.251
2024-01-02,6.49
2024-01-03,6.49
2024-01-04,6.798
2024-01-05,6.824
2024-01-06,6.824
2024-01-07,6.824
2024-01-08,6.747
2024-01-09,6.747
2024-01-10,6.798
2024-01-11,6.721
2024-01-12,6.772
2024-01-13,6.772
2024-01-14,6.772
2024-01-15,6.952
2024-01-16,6.926
2024-01-17,6.824
2024-01-18,6.772
2024-01-19,6.721
2024-01-20,6.721
2024-01-21,6.721
2024-01-22,6.542
2024-01-23,6.516
2024-01-24,6.439
2024-01-25,6.593
2024-01-26,6.593
2024-01-27,6.593
2024-01-28,6.593
2024-01-29,6.225
2024-01-30,6.273
2024-01-31,6.322
2024-02-01,6.201
2024-02-02,6.152
2024-02-03,6.152
2024-02-04,6.152
2024-02-05,6.152
2024-02-06,6.201
2024-02-07,6.322
2024-02-08,6.322
2024-02-09,6.322
2024-02-10,6.322
2024-02-11,6.322
2024-02-12,6.419
2024-02-13,6.394
2024-02-14,6.394
2024-02-15,6.443
2024-02-16,6.491
2024-02-17,6.491
2024-02-18,6.491
2024-02-19,6.515
2024-02-20,6.266
2024-02-21,6.195
2024-02-22,6.242
2024-02-23,6.242
2024-02-24,6.242
2024-02-25,6.242
2024-02-26,6.123
2024-02-27,6.147
2024-02-28,6.218
2024-02-29,6.076
2024-03-01,6.123
2024-03-02,6.123
2024-03-03,6.123
2024-03-04,6.385
2024-03-05,6.503
2024-03-06,6.524
2024-03-07,6.665
2024-03-08,6.806
2024-03-09,6.806
2024-03-10,6.806
2024-03-11,6.806
2024-03-12,6.806
2024-03-13,6.764
2024-03-14,6.958
2024-03-15,6.869
2024-03-16,6.869
2024-03-17,6.869
2024-03-18,6.93
2024-03-19,7.124
2024-03-20,7.027
2024-03-21,7.173
