,FFIV US Equity
,RETURN_COM_EQY
2020-01-01,23.6836
2020-01-02,23.6836
2020-01-03,23.6836
2020-01-04,23.6836
2020-01-05,23.6836
2020-01-06,23.6836
2020-01-07,23.6836
2020-01-08,23.6836
2020-01-09,23.6836
2020-01-10,23.6836
2020-01-11,23.6836
2020-01-12,23.6836
2020-01-13,23.6836
2020-01-14,23.6836
2020-01-15,23.6836
2020-01-16,23.6836
2020-01-17,23.6836
2020-01-18,23.6836
2020-01-19,23.6836
2020-01-20,23.6836
2020-01-21,23.6836
2020-01-22,23.6836
2020-01-23,23.6836
2020-01-24,23.6836
2020-01-25,23.6836
2020-01-26,23.6836
2020-01-27,23.6836
2020-01-28,23.6836
2020-01-29,23.6836
2020-01-30,23.6836
2020-01-31,23.6836
2020-02-01,23.6836
2020-02-02,23.6836
2020-02-03,23.6836
2020-02-04,23.6836
2020-02-05,23.6836
2020-02-06,23.6836
2020-02-07,23.6836
2020-02-08,23.6836
2020-02-09,23.6836
2020-02-10,23.6836
2020-02-11,23.6836
2020-02-12,23.6836
2020-02-13,23.6836
2020-02-14,23.6836
2020-02-15,23.6836
2020-02-16,23.6836
2020-02-17,23.6836
2020-02-18,23.6836
2020-02-19,23.6836
2020-02-20,23.6836
2020-02-21,23.6836
2020-02-22,23.6836
2020-02-23,23.6836
2020-02-24,23.6836
2020-02-25,23.6836
2020-02-26,23.6836
2020-02-27,23.6836
2020-02-28,23.6836
2020-02-29,23.6836
2020-03-01,23.6836
2020-03-02,23.6836
2020-03-03,23.6836
2020-03-04,23.6836
2020-03-05,23.6836
2020-03-06,23.6836
2020-03-07,23.6836
2020-03-08,23.6836
2020-03-09,23.6836
2020-03-10,23.6836
2020-03-11,23.6836
2020-03-12,23.6836
2020-03-13,23.6836
2020-03-14,23.6836
2020-03-15,23.6836
2020-03-16,23.6836
2020-03-17,23.6836
2020-03-18,23.6836
2020-03-19,23.6836
2020-03-20,23.6836
2020-03-21,23.6836
2020-03-22,23.6836
2020-03-23,23.6836
2020-03-24,23.6836
2020-03-25,23.6836
2020-03-26,23.6836
2020-03-27,23.6836
2020-03-28,23.6836
2020-03-29,23.6836
2020-03-30,23.6836
2020-03-31,19.6588
2020-04-01,19.6588
2020-04-02,19.6588
2020-04-03,19.6588
2020-04-04,19.6588
2020-04-05,19.6588
2020-04-06,19.6588
2020-04-07,19.6588
2020-04-08,19.6588
2020-04-09,19.6588
2020-04-10,19.6588
2020-04-11,19.6588
2020-04-12,19.6588
2020-04-13,19.6588
2020-04-14,19.6588
2020-04-15,19.6588
2020-04-16,19.6588
2020-04-17,19.6588
2020-04-18,19.6588
2020-04-19,19.6588
2020-04-20,19.6588
2020-04-21,19.6588
2020-04-22,19.6588
2020-04-23,19.6588
2020-04-24,19.6588
2020-04-25,19.6588
2020-04-26,19.6588
2020-04-27,19.6588
2020-04-28,19.6588
2020-04-29,19.6588
2020-04-30,19.6588
2020-05-01,19.6588
2020-05-02,19.6588
2020-05-03,19.6588
2020-05-04,19.6588
2020-05-05,19.6588
2020-05-06,19.6588
2020-05-07,19.6588
2020-05-08,19.6588
2020-05-09,19.6588
2020-05-10,19.6588
2020-05-11,19.6588
2020-05-12,19.6588
2020-05-13,19.6588
2020-05-14,19.6588
2020-05-15,19.6588
2020-05-16,19.6588
2020-05-17,19.6588
2020-05-18,19.6588
2020-05-19,19.6588
2020-05-20,19.6588
2020-05-21,19.6588
2020-05-22,19.6588
2020-05-23,19.6588
2020-05-24,19.6588
2020-05-25,19.6588
2020-05-26,19.6588
2020-05-27,19.6588
2020-05-28,19.6588
2020-05-29,19.6588
2020-05-30,19.6588
2020-05-31,19.6588
2020-06-01,19.6588
2020-06-02,19.6588
2020-06-03,19.6588
2020-06-04,19.6588
2020-06-05,19.6588
2020-06-06,19.6588
2020-06-07,19.6588
2020-06-08,19.6588
2020-06-09,19.6588
2020-06-10,19.6588
2020-06-11,19.6588
2020-06-12,19.6588
2020-06-13,19.6588
2020-06-14,19.6588
2020-06-15,19.6588
2020-06-16,19.6588
2020-06-17,19.6588
2020-06-18,19.6588
2020-06-19,19.6588
2020-06-20,19.6588
2020-06-21,19.6588
2020-06-22,19.6588
2020-06-23,19.6588
2020-06-24,19.6588
2020-06-25,19.6588
2020-06-26,19.6588
2020-06-27,19.6588
2020-06-28,19.6588
2020-06-29,19.6588
2020-06-30,17.1859
2020-07-01,17.1859
2020-07-02,17.1859
2020-07-03,17.1859
2020-07-04,17.1859
2020-07-05,17.1859
2020-07-06,17.1859
2020-07-07,17.1859
2020-07-08,17.1859
2020-07-09,17.1859
2020-07-10,17.1859
2020-07-11,17.1859
2020-07-12,17.1859
2020-07-13,17.1859
2020-07-14,17.1859
2020-07-15,17.1859
2020-07-16,17.1859
2020-07-17,17.1859
2020-07-18,17.1859
2020-07-19,17.1859
2020-07-20,17.1859
2020-07-21,17.1859
2020-07-22,17.1859
2020-07-23,17.1859
2020-07-24,17.1859
2020-07-25,17.1859
2020-07-26,17.1859
2020-07-27,17.1859
2020-07-28,17.1859
2020-07-29,17.1859
2020-07-30,17.1859
2020-07-31,17.1859
2020-08-01,17.1859
2020-08-02,17.1859
2020-08-03,17.1859
2020-08-04,17.1859
2020-08-05,17.1859
2020-08-06,17.1859
2020-08-07,17.1859
2020-08-08,17.1859
2020-08-09,17.1859
2020-08-10,17.1859
2020-08-11,17.1859
2020-08-12,17.1859
2020-08-13,17.1859
2020-08-14,17.1859
2020-08-15,17.1859
2020-08-16,17.1859
2020-08-17,17.1859
2020-08-18,17.1859
2020-08-19,17.1859
2020-08-20,17.1859
2020-08-21,17.1859
2020-08-22,17.1859
2020-08-23,17.1859
2020-08-24,17.1859
2020-08-25,17.1859
2020-08-26,17.1859
2020-08-27,17.1859
2020-08-28,17.1859
2020-08-29,17.1859
2020-08-30,17.1859
2020-08-31,17.1859
2020-09-01,17.1859
2020-09-02,17.1859
2020-09-03,17.1859
2020-09-04,17.1859
2020-09-05,17.1859
2020-09-06,17.1859
2020-09-07,17.1859
2020-09-08,17.1859
2020-09-09,17.1859
2020-09-10,17.1859
2020-09-11,17.1859
2020-09-12,17.1859
2020-09-13,17.1859
2020-09-14,17.1859
2020-09-15,17.1859
2020-09-16,17.1859
2020-09-17,17.1859
2020-09-18,17.1859
2020-09-19,17.1859
2020-09-20,17.1859
2020-09-21,17.1859
2020-09-22,17.1859
2020-09-23,17.1859
2020-09-24,17.1859
2020-09-25,17.1859
2020-09-26,17.1859
2020-09-27,17.1859
2020-09-28,17.1859
2020-09-29,17.1859
2020-09-30,15.396
2020-10-01,15.396
2020-10-02,15.396
2020-10-03,15.396
2020-10-04,15.396
2020-10-05,15.396
2020-10-06,15.396
2020-10-07,15.396
2020-10-08,15.396
2020-10-09,15.396
2020-10-10,15.396
2020-10-11,15.396
2020-10-12,15.396
2020-10-13,15.396
2020-10-14,15.396
2020-10-15,15.396
2020-10-16,15.396
2020-10-17,15.396
2020-10-18,15.396
2020-10-19,15.396
2020-10-20,15.396
2020-10-21,15.396
2020-10-22,15.396
2020-10-23,15.396
2020-10-24,15.396
2020-10-25,15.396
2020-10-26,15.396
2020-10-27,15.396
2020-10-28,15.396
2020-10-29,15.396
2020-10-30,15.396
2020-10-31,15.396
2020-11-01,15.396
2020-11-02,15.396
2020-11-03,15.396
2020-11-04,15.396
2020-11-05,15.396
2020-11-06,15.396
2020-11-07,15.396
2020-11-08,15.396
2020-11-09,15.396
2020-11-10,15.396
2020-11-11,15.396
2020-11-12,15.396
2020-11-13,15.396
2020-11-14,15.396
2020-11-15,15.396
2020-11-16,15.396
2020-11-17,15.396
2020-11-18,15.396
2020-11-19,15.396
2020-11-20,15.396
2020-11-21,15.396
2020-11-22,15.396
2020-11-23,15.396
2020-11-24,15.396
2020-11-25,15.396
2020-11-26,15.396
2020-11-27,15.396
2020-11-28,15.396
2020-11-29,15.396
2020-11-30,15.396
2020-12-01,15.396
2020-12-02,15.396
2020-12-03,15.396
2020-12-04,15.396
2020-12-05,15.396
2020-12-06,15.396
2020-12-07,15.396
2020-12-08,15.396
2020-12-09,15.396
2020-12-10,15.396
2020-12-11,15.396
2020-12-12,15.396
2020-12-13,15.396
2020-12-14,15.396
2020-12-15,15.396
2020-12-16,15.396
2020-12-17,15.396
2020-12-18,15.396
2020-12-19,15.396
2020-12-20,15.396
2020-12-21,15.396
2020-12-22,15.396
2020-12-23,15.396
2020-12-24,15.396
2020-12-25,15.396
2020-12-26,15.396
2020-12-27,15.396
2020-12-28,15.396
2020-12-29,15.396
2020-12-30,15.396
2020-12-31,13.6961
2021-01-01,13.6961
2021-01-02,13.6961
2021-01-03,13.6961
2021-01-04,13.6961
2021-01-05,13.6961
2021-01-06,13.6961
2021-01-07,13.6961
2021-01-08,13.6961
2021-01-09,13.6961
2021-01-10,13.6961
2021-01-11,13.6961
2021-01-12,13.6961
2021-01-13,13.6961
2021-01-14,13.6961
2021-01-15,13.6961
2021-01-16,13.6961
2021-01-17,13.6961
2021-01-18,13.6961
2021-01-19,13.6961
2021-01-20,13.6961
2021-01-21,13.6961
2021-01-22,13.6961
2021-01-23,13.6961
2021-01-24,13.6961
2021-01-25,13.6961
2021-01-26,13.6961
2021-01-27,13.6961
2021-01-28,13.6961
2021-01-29,13.6961
2021-01-30,13.6961
2021-01-31,13.6961
2021-02-01,13.6961
2021-02-02,13.6961
2021-02-03,13.6961
2021-02-04,13.6961
2021-02-05,13.6961
2021-02-06,13.6961
2021-02-07,13.6961
2021-02-08,13.6961
2021-02-09,13.6961
2021-02-10,13.6961
2021-02-11,13.6961
2021-02-12,13.6961
2021-02-13,13.6961
2021-02-14,13.6961
2021-02-15,13.6961
2021-02-16,13.6961
2021-02-17,13.6961
2021-02-18,13.6961
2021-02-19,13.6961
2021-02-20,13.6961
2021-02-21,13.6961
2021-02-22,13.6961
2021-02-23,13.6961
2021-02-24,13.6961
2021-02-25,13.6961
2021-02-26,13.6961
2021-02-27,13.6961
2021-02-28,13.6961
2021-03-01,13.6961
2021-03-02,13.6961
2021-03-03,13.6961
2021-03-04,13.6961
2021-03-05,13.6961
2021-03-06,13.6961
2021-03-07,13.6961
2021-03-08,13.6961
2021-03-09,13.6961
2021-03-10,13.6961
2021-03-11,13.6961
2021-03-12,13.6961
2021-03-13,13.6961
2021-03-14,13.6961
2021-03-15,13.6961
2021-03-16,13.6961
2021-03-17,13.6961
2021-03-18,13.6961
2021-03-19,13.6961
2021-03-20,13.6961
2021-03-21,13.6961
2021-03-22,13.6961
2021-03-23,13.6961
2021-03-24,13.6961
2021-03-25,13.6961
2021-03-26,13.6961
2021-03-27,13.6961
2021-03-28,13.6961
2021-03-29,13.6961
2021-03-30,13.6961
2021-03-31,13.9018
2021-04-01,13.9018
2021-04-02,13.9018
2021-04-03,13.9018
2021-04-04,13.9018
2021-04-05,13.9018
2021-04-06,13.9018
2021-04-07,13.9018
2021-04-08,13.9018
2021-04-09,13.9018
2021-04-10,13.9018
2021-04-11,13.9018
2021-04-12,13.9018
2021-04-13,13.9018
2021-04-14,13.9018
2021-04-15,13.9018
2021-04-16,13.9018
2021-04-17,13.9018
2021-04-18,13.9018
2021-04-19,13.9018
2021-04-20,13.9018
2021-04-21,13.9018
2021-04-22,13.9018
2021-04-23,13.9018
2021-04-24,13.9018
2021-04-25,13.9018
2021-04-26,13.9018
2021-04-27,13.9018
2021-04-28,13.9018
2021-04-29,13.9018
2021-04-30,13.9018
2021-05-01,13.9018
2021-05-02,13.9018
2021-05-03,13.9018
2021-05-04,13.9018
2021-05-05,13.9018
2021-05-06,13.9018
2021-05-07,13.9018
2021-05-08,13.9018
2021-05-09,13.9018
2021-05-10,13.9018
2021-05-11,13.9018
2021-05-12,13.9018
2021-05-13,13.9018
2021-05-14,13.9018
2021-05-15,13.9018
2021-05-16,13.9018
2021-05-17,13.9018
2021-05-18,13.9018
2021-05-19,13.9018
2021-05-20,13.9018
2021-05-21,13.9018
2021-05-22,13.9018
2021-05-23,13.9018
2021-05-24,13.9018
2021-05-25,13.9018
2021-05-26,13.9018
2021-05-27,13.9018
2021-05-28,13.9018
2021-05-29,13.9018
2021-05-30,13.9018
2021-05-31,13.9018
2021-06-01,13.9018
2021-06-02,13.9018
2021-06-03,13.9018
2021-06-04,13.9018
2021-06-05,13.9018
2021-06-06,13.9018
2021-06-07,13.9018
2021-06-08,13.9018
2021-06-09,13.9018
2021-06-10,13.9018
2021-06-11,13.9018
2021-06-12,13.9018
2021-06-13,13.9018
2021-06-14,13.9018
2021-06-15,13.9018
2021-06-16,13.9018
2021-06-17,13.9018
2021-06-18,13.9018
2021-06-19,13.9018
2021-06-20,13.9018
2021-06-21,13.9018
2021-06-22,13.9018
2021-06-23,13.9018
2021-06-24,13.9018
2021-06-25,13.9018
2021-06-26,13.9018
2021-06-27,13.9018
2021-06-28,13.9018
2021-06-29,13.9018
2021-06-30,13.7221
2021-07-01,13.7221
2021-07-02,13.7221
2021-07-03,13.7221
2021-07-04,13.7221
2021-07-05,13.7221
2021-07-06,13.7221
2021-07-07,13.7221
2021-07-08,13.7221
2021-07-09,13.7221
2021-07-10,13.7221
2021-07-11,13.7221
2021-07-12,13.7221
2021-07-13,13.7221
2021-07-14,13.7221
2021-07-15,13.7221
2021-07-16,13.7221
2021-07-17,13.7221
2021-07-18,13.7221
2021-07-19,13.7221
2021-07-20,13.7221
2021-07-21,13.7221
2021-07-22,13.7221
2021-07-23,13.7221
2021-07-24,13.7221
2021-07-25,13.7221
2021-07-26,13.7221
2021-07-27,13.7221
2021-07-28,13.7221
2021-07-29,13.7221
2021-07-30,13.7221
2021-07-31,13.7221
2021-08-01,13.7221
2021-08-02,13.7221
2021-08-03,13.7221
2021-08-04,13.7221
2021-08-05,13.7221
2021-08-06,13.7221
2021-08-07,13.7221
2021-08-08,13.7221
2021-08-09,13.7221
2021-08-10,13.7221
2021-08-11,13.7221
2021-08-12,13.7221
2021-08-13,13.7221
2021-08-14,13.7221
2021-08-15,13.7221
2021-08-16,13.7221
2021-08-17,13.7221
2021-08-18,13.7221
2021-08-19,13.7221
2021-08-20,13.7221
2021-08-21,13.7221
2021-08-22,13.7221
2021-08-23,13.7221
2021-08-24,13.7221
2021-08-25,13.7221
2021-08-26,13.7221
2021-08-27,13.7221
2021-08-28,13.7221
2021-08-29,13.7221
2021-08-30,13.7221
2021-08-31,13.7221
2021-09-01,13.7221
2021-09-02,13.7221
2021-09-03,13.7221
2021-09-04,13.7221
2021-09-05,13.7221
2021-09-06,13.7221
2021-09-07,13.7221
2021-09-08,13.7221
2021-09-09,13.7221
2021-09-10,13.7221
2021-09-11,13.7221
2021-09-12,13.7221
2021-09-13,13.7221
2021-09-14,13.7221
2021-09-15,13.7221
2021-09-16,13.7221
2021-09-17,13.7221
2021-09-18,13.7221
2021-09-19,13.7221
2021-09-20,13.7221
2021-09-21,13.7221
2021-09-22,13.7221
2021-09-23,13.7221
2021-09-24,13.7221
2021-09-25,13.7221
2021-09-26,13.7221
2021-09-27,13.7221
2021-09-28,13.7221
2021-09-29,13.7221
2021-09-30,14.4254
2021-10-01,14.4254
2021-10-02,14.4254
2021-10-03,14.4254
2021-10-04,14.4254
2021-10-05,14.4254
2021-10-06,14.4254
2021-10-07,14.4254
2021-10-08,14.4254
2021-10-09,14.4254
2021-10-10,14.4254
2021-10-11,14.4254
2021-10-12,14.4254
2021-10-13,14.4254
2021-10-14,14.4254
2021-10-15,14.4254
2021-10-16,14.4254
2021-10-17,14.4254
2021-10-18,14.4254
2021-10-19,14.4254
2021-10-20,14.4254
2021-10-21,14.4254
2021-10-22,14.4254
2021-10-23,14.4254
2021-10-24,14.4254
2021-10-25,14.4254
2021-10-26,14.4254
2021-10-27,14.4254
2021-10-28,14.4254
2021-10-29,14.4254
2021-10-30,14.4254
2021-10-31,14.4254
2021-11-01,14.4254
2021-11-02,14.4254
2021-11-03,14.4254
2021-11-04,14.4254
2021-11-05,14.4254
2021-11-06,14.4254
2021-11-07,14.4254
2021-11-08,14.4254
2021-11-09,14.4254
2021-11-10,14.4254
2021-11-11,14.4254
2021-11-12,14.4254
2021-11-13,14.4254
2021-11-14,14.4254
2021-11-15,14.4254
2021-11-16,14.4254
2021-11-17,14.4254
2021-11-18,14.4254
2021-11-19,14.4254
2021-11-20,14.4254
2021-11-21,14.4254
2021-11-22,14.4254
2021-11-23,14.4254
2021-11-24,14.4254
2021-11-25,14.4254
2021-11-26,14.4254
2021-11-27,14.4254
2021-11-28,14.4254
2021-11-29,14.4254
2021-11-30,14.4254
2021-12-01,14.4254
2021-12-02,14.4254
2021-12-03,14.4254
2021-12-04,14.4254
2021-12-05,14.4254
2021-12-06,14.4254
2021-12-07,14.4254
2021-12-08,14.4254
2021-12-09,14.4254
2021-12-10,14.4254
2021-12-11,14.4254
2021-12-12,14.4254
2021-12-13,14.4254
2021-12-14,14.4254
2021-12-15,14.4254
2021-12-16,14.4254
2021-12-17,14.4254
2021-12-18,14.4254
2021-12-19,14.4254
2021-12-20,14.4254
2021-12-21,14.4254
2021-12-22,14.4254
2021-12-23,14.4254
2021-12-24,14.4254
2021-12-25,14.4254
2021-12-26,14.4254
2021-12-27,14.4254
2021-12-28,14.4254
2021-12-29,14.4254
2021-12-30,14.4254
2021-12-31,14.0264
2022-01-01,14.0264
2022-01-02,14.0264
2022-01-03,14.0264
2022-01-04,14.0264
2022-01-05,14.0264
2022-01-06,14.0264
2022-01-07,14.0264
2022-01-08,14.0264
2022-01-09,14.0264
2022-01-10,14.0264
2022-01-11,14.0264
2022-01-12,14.0264
2022-01-13,14.0264
2022-01-14,14.0264
2022-01-15,14.0264
2022-01-16,14.0264
2022-01-17,14.0264
2022-01-18,14.0264
2022-01-19,14.0264
2022-01-20,14.0264
2022-01-21,14.0264
2022-01-22,14.0264
2022-01-23,14.0264
2022-01-24,14.0264
2022-01-25,14.0264
2022-01-26,14.0264
2022-01-27,14.0264
2022-01-28,14.0264
2022-01-29,14.0264
2022-01-30,14.0264
2022-01-31,14.0264
2022-02-01,14.0264
2022-02-02,14.0264
2022-02-03,14.0264
2022-02-04,14.0264
2022-02-05,14.0264
2022-02-06,14.0264
2022-02-07,14.0264
2022-02-08,14.0264
2022-02-09,14.0264
2022-02-10,14.0264
2022-02-11,14.0264
2022-02-12,14.0264
2022-02-13,14.0264
2022-02-14,14.0264
2022-02-15,14.0264
2022-02-16,14.0264
2022-02-17,14.0264
2022-02-18,14.0264
2022-02-19,14.0264
2022-02-20,14.0264
2022-02-21,14.0264
2022-02-22,14.0264
2022-02-23,14.0264
2022-02-24,14.0264
2022-02-25,14.0264
2022-02-26,14.0264
2022-02-27,14.0264
2022-02-28,14.0264
2022-03-01,14.0264
2022-03-02,14.0264
2022-03-03,14.0264
2022-03-04,14.0264
2022-03-05,14.0264
2022-03-06,14.0264
2022-03-07,14.0264
2022-03-08,14.0264
2022-03-09,14.0264
2022-03-10,14.0264
2022-03-11,14.0264
2022-03-12,14.0264
2022-03-13,14.0264
2022-03-14,14.0264
2022-03-15,14.0264
2022-03-16,14.0264
2022-03-17,14.0264
2022-03-18,14.0264
2022-03-19,14.0264
2022-03-20,14.0264
2022-03-21,14.0264
2022-03-22,14.0264
2022-03-23,14.0264
2022-03-24,14.0264
2022-03-25,14.0264
2022-03-26,14.0264
2022-03-27,14.0264
2022-03-28,14.0264
2022-03-29,14.0264
2022-03-30,14.0264
2022-03-31,15.8965
2022-04-01,15.8965
2022-04-02,15.8965
2022-04-03,15.8965
2022-04-04,15.8965
2022-04-05,15.8965
2022-04-06,15.8965
2022-04-07,15.8965
2022-04-08,15.8965
2022-04-09,15.8965
2022-04-10,15.8965
2022-04-11,15.8965
2022-04-12,15.8965
2022-04-13,15.8965
2022-04-14,15.8965
2022-04-15,15.8965
2022-04-16,15.8965
2022-04-17,15.8965
2022-04-18,15.8965
2022-04-19,15.8965
2022-04-20,15.8965
2022-04-21,15.8965
2022-04-22,15.8965
2022-04-23,15.8965
2022-04-24,15.8965
2022-04-25,15.8965
2022-04-26,15.8965
2022-04-27,15.8965
2022-04-28,15.8965
2022-04-29,15.8965
2022-04-30,15.8965
2022-05-01,15.8965
2022-05-02,15.8965
2022-05-03,15.8965
2022-05-04,15.8965
2022-05-05,15.8965
2022-05-06,15.8965
2022-05-07,15.8965
2022-05-08,15.8965
2022-05-09,15.8965
2022-05-10,15.8965
2022-05-11,15.8965
2022-05-12,15.8965
2022-05-13,15.8965
2022-05-14,15.8965
2022-05-15,15.8965
2022-05-16,15.8965
2022-05-17,15.8965
2022-05-18,15.8965
2022-05-19,15.8965
2022-05-20,15.8965
2022-05-21,15.8965
2022-05-22,15.8965
2022-05-23,15.8965
2022-05-24,15.8965
2022-05-25,15.8965
2022-05-26,15.8965
2022-05-27,15.8965
2022-05-28,15.8965
2022-05-29,15.8965
2022-05-30,15.8965
2022-05-31,15.8965
2022-06-01,15.8965
2022-06-02,15.8965
2022-06-03,15.8965
2022-06-04,15.8965
2022-06-05,15.8965
2022-06-06,15.8965
2022-06-07,15.8965
2022-06-08,15.8965
2022-06-09,15.8965
2022-06-10,15.8965
2022-06-11,15.8965
2022-06-12,15.8965
2022-06-13,15.8965
2022-06-14,15.8965
2022-06-15,15.8965
2022-06-16,15.8965
2022-06-17,15.8965
2022-06-18,15.8965
2022-06-19,15.8965
2022-06-20,15.8965
2022-06-21,15.8965
2022-06-22,15.8965
2022-06-23,15.8965
2022-06-24,15.8965
2022-06-25,15.8965
2022-06-26,15.8965
2022-06-27,15.8965
2022-06-28,15.8965
2022-06-29,15.8965
2022-06-30,15.2168
2022-07-01,15.2168
2022-07-02,15.2168
2022-07-03,15.2168
2022-07-04,15.2168
2022-07-05,15.2168
2022-07-06,15.2168
2022-07-07,15.2168
2022-07-08,15.2168
2022-07-09,15.2168
2022-07-10,15.2168
2022-07-11,15.2168
2022-07-12,15.2168
2022-07-13,15.2168
2022-07-14,15.2168
2022-07-15,15.2168
2022-07-16,15.2168
2022-07-17,15.2168
2022-07-18,15.2168
2022-07-19,15.2168
2022-07-20,15.2168
2022-07-21,15.2168
2022-07-22,15.2168
2022-07-23,15.2168
2022-07-24,15.2168
2022-07-25,15.2168
2022-07-26,15.2168
2022-07-27,15.2168
2022-07-28,15.2168
2022-07-29,15.2168
2022-07-30,15.2168
2022-07-31,15.2168
2022-08-01,15.2168
2022-08-02,15.2168
2022-08-03,15.2168
2022-08-04,15.2168
2022-08-05,15.2168
2022-08-06,15.2168
2022-08-07,15.2168
2022-08-08,15.2168
2022-08-09,15.2168
2022-08-10,15.2168
2022-08-11,15.2168
2022-08-12,15.2168
2022-08-13,15.2168
2022-08-14,15.2168
2022-08-15,15.2168
2022-08-16,15.2168
2022-08-17,15.2168
2022-08-18,15.2168
2022-08-19,15.2168
2022-08-20,15.2168
2022-08-21,15.2168
2022-08-22,15.2168
2022-08-23,15.2168
2022-08-24,15.2168
2022-08-25,15.2168
2022-08-26,15.2168
2022-08-27,15.2168
2022-08-28,15.2168
2022-08-29,15.2168
2022-08-30,15.2168
2022-08-31,15.2168
2022-09-01,15.2168
2022-09-02,15.2168
2022-09-03,15.2168
2022-09-04,15.2168
2022-09-05,15.2168
2022-09-06,15.2168
2022-09-07,15.2168
2022-09-08,15.2168
2022-09-09,15.2168
2022-09-10,15.2168
2022-09-11,15.2168
2022-09-12,15.2168
2022-09-13,15.2168
2022-09-14,15.2168
2022-09-15,15.2168
2022-09-16,15.2168
2022-09-17,15.2168
2022-09-18,15.2168
2022-09-19,15.2168
2022-09-20,15.2168
2022-09-21,15.2168
2022-09-22,15.2168
2022-09-23,15.2168
2022-09-24,15.2168
2022-09-25,15.2168
2022-09-26,15.2168
2022-09-27,15.2168
2022-09-28,15.2168
2022-09-29,15.2168
2022-09-30,13.3422
2022-10-01,13.3422
2022-10-02,13.3422
2022-10-03,13.3422
2022-10-04,13.3422
2022-10-05,13.3422
2022-10-06,13.3422
2022-10-07,13.3422
2022-10-08,13.3422
2022-10-09,13.3422
2022-10-10,13.3422
2022-10-11,13.3422
2022-10-12,13.3422
2022-10-13,13.3422
2022-10-14,13.3422
2022-10-15,13.3422
2022-10-16,13.3422
2022-10-17,13.3422
2022-10-18,13.3422
2022-10-19,13.3422
2022-10-20,13.3422
2022-10-21,13.3422
2022-10-22,13.3422
2022-10-23,13.3422
2022-10-24,13.3422
2022-10-25,13.3422
2022-10-26,13.3422
2022-10-27,13.3422
2022-10-28,13.3422
2022-10-29,13.3422
2022-10-30,13.3422
2022-10-31,13.3422
2022-11-01,13.3422
2022-11-02,13.3422
2022-11-03,13.3422
2022-11-04,13.3422
2022-11-05,13.3422
2022-11-06,13.3422
2022-11-07,13.3422
2022-11-08,13.3422
2022-11-09,13.3422
2022-11-10,13.3422
2022-11-11,13.3422
2022-11-12,13.3422
2022-11-13,13.3422
2022-11-14,13.3422
2022-11-15,13.3422
2022-11-16,13.3422
2022-11-17,13.3422
2022-11-18,13.3422
2022-11-19,13.3422
2022-11-20,13.3422
2022-11-21,13.3422
2022-11-22,13.3422
2022-11-23,13.3422
2022-11-24,13.3422
2022-11-25,13.3422
2022-11-26,13.3422
2022-11-27,13.3422
2022-11-28,13.3422
2022-11-29,13.3422
2022-11-30,13.3422
2022-12-01,13.3422
2022-12-02,13.3422
2022-12-03,13.3422
2022-12-04,13.3422
2022-12-05,13.3422
2022-12-06,13.3422
2022-12-07,13.3422
2022-12-08,13.3422
2022-12-09,13.3422
2022-12-10,13.3422
2022-12-11,13.3422
2022-12-12,13.3422
2022-12-13,13.3422
2022-12-14,13.3422
2022-12-15,13.3422
2022-12-16,13.3422
2022-12-17,13.3422
2022-12-18,13.3422
2022-12-19,13.3422
2022-12-20,13.3422
2022-12-21,13.3422
2022-12-22,13.3422
2022-12-23,13.3422
2022-12-24,13.3422
2022-12-25,13.3422
2022-12-26,13.3422
2022-12-27,13.3422
2022-12-28,13.3422
2022-12-29,13.3422
2022-12-30,13.3422
2022-12-31,12.0698
2023-01-01,12.0698
2023-01-02,12.0698
2023-01-03,12.0698
2023-01-04,12.0698
2023-01-05,12.0698
2023-01-06,12.0698
2023-01-07,12.0698
2023-01-08,12.0698
2023-01-09,12.0698
2023-01-10,12.0698
2023-01-11,12.0698
2023-01-12,12.0698
2023-01-13,12.0698
2023-01-14,12.0698
2023-01-15,12.0698
2023-01-16,12.0698
2023-01-17,12.0698
2023-01-18,12.0698
2023-01-19,12.0698
2023-01-20,12.0698
2023-01-21,12.0698
2023-01-22,12.0698
2023-01-23,12.0698
2023-01-24,12.0698
2023-01-25,12.0698
2023-01-26,12.0698
2023-01-27,12.0698
2023-01-28,12.0698
2023-01-29,12.0698
2023-01-30,12.0698
2023-01-31,12.0698
2023-02-01,12.0698
2023-02-02,12.0698
2023-02-03,12.0698
2023-02-04,12.0698
2023-02-05,12.0698
2023-02-06,12.0698
2023-02-07,12.0698
2023-02-08,12.0698
2023-02-09,12.0698
2023-02-10,12.0698
2023-02-11,12.0698
2023-02-12,12.0698
2023-02-13,12.0698
2023-02-14,12.0698
2023-02-15,12.0698
2023-02-16,12.0698
2023-02-17,12.0698
2023-02-18,12.0698
2023-02-19,12.0698
2023-02-20,12.0698
2023-02-21,12.0698
2023-02-22,12.0698
2023-02-23,12.0698
2023-02-24,12.0698
2023-02-25,12.0698
2023-02-26,12.0698
2023-02-27,12.0698
2023-02-28,12.0698
2023-03-01,12.0698
2023-03-02,12.0698
2023-03-03,12.0698
2023-03-04,12.0698
2023-03-05,12.0698
2023-03-06,12.0698
2023-03-07,12.0698
2023-03-08,12.0698
2023-03-09,12.0698
2023-03-10,12.0698
2023-03-11,12.0698
2023-03-12,12.0698
2023-03-13,12.0698
2023-03-14,12.0698
2023-03-15,12.0698
2023-03-16,12.0698
2023-03-17,12.0698
2023-03-18,12.0698
2023-03-19,12.0698
2023-03-20,12.0698
2023-03-21,12.0698
2023-03-22,12.0698
2023-03-23,12.0698
2023-03-24,12.0698
2023-03-25,12.0698
2023-03-26,12.0698
2023-03-27,12.0698
2023-03-28,12.0698
2023-03-29,12.0698
2023-03-30,12.0698
2023-03-31,12.7356
2023-04-01,12.7356
2023-04-02,12.7356
2023-04-03,12.7356
2023-04-04,12.7356
2023-04-05,12.7356
2023-04-06,12.7356
2023-04-07,12.7356
2023-04-08,12.7356
2023-04-09,12.7356
2023-04-10,12.7356
2023-04-11,12.7356
2023-04-12,12.7356
2023-04-13,12.7356
2023-04-14,12.7356
2023-04-15,12.7356
2023-04-16,12.7356
2023-04-17,12.7356
2023-04-18,12.7356
2023-04-19,12.7356
2023-04-20,12.7356
2023-04-21,12.7356
2023-04-22,12.7356
2023-04-23,12.7356
2023-04-24,12.7356
2023-04-25,12.7356
2023-04-26,12.7356
2023-04-27,12.7356
2023-04-28,12.7356
2023-04-29,12.7356
2023-04-30,12.7356
2023-05-01,12.7356
2023-05-02,12.7356
2023-05-03,12.7356
2023-05-04,12.7356
2023-05-05,12.7356
2023-05-06,12.7356
2023-05-07,12.7356
2023-05-08,12.7356
2023-05-09,12.7356
2023-05-10,12.7356
2023-05-11,12.7356
2023-05-12,12.7356
2023-05-13,12.7356
2023-05-14,12.7356
2023-05-15,12.7356
2023-05-16,12.7356
2023-05-17,12.7356
2023-05-18,12.7356
2023-05-19,12.7356
2023-05-20,12.7356
2023-05-21,12.7356
2023-05-22,12.7356
2023-05-23,12.7356
2023-05-24,12.7356
2023-05-25,12.7356
2023-05-26,12.7356
2023-05-27,12.7356
2023-05-28,12.7356
2023-05-29,12.7356
2023-05-30,12.7356
2023-05-31,12.7356
2023-06-01,12.7356
2023-06-02,12.7356
2023-06-03,12.7356
2023-06-04,12.7356
2023-06-05,12.7356
2023-06-06,12.7356
2023-06-07,12.7356
2023-06-08,12.7356
2023-06-09,12.7356
2023-06-10,12.7356
2023-06-11,12.7356
2023-06-12,12.7356
2023-06-13,12.7356
2023-06-14,12.7356
2023-06-15,12.7356
2023-06-16,12.7356
2023-06-17,12.7356
2023-06-18,12.7356
2023-06-19,12.7356
2023-06-20,12.7356
2023-06-21,12.7356
2023-06-22,12.7356
2023-06-23,12.7356
2023-06-24,12.7356
2023-06-25,12.7356
2023-06-26,12.7356
2023-06-27,12.7356
2023-06-28,12.7356
2023-06-29,12.7356
2023-06-30,13.3385
2023-07-01,13.3385
2023-07-02,13.3385
2023-07-03,13.3385
2023-07-04,13.3385
2023-07-05,13.3385
2023-07-06,13.3385
2023-07-07,13.3385
2023-07-08,13.3385
2023-07-09,13.3385
2023-07-10,13.3385
2023-07-11,13.3385
2023-07-12,13.3385
2023-07-13,13.3385
2023-07-14,13.3385
2023-07-15,13.3385
2023-07-16,13.3385
2023-07-17,13.3385
2023-07-18,13.3385
2023-07-19,13.3385
2023-07-20,13.3385
2023-07-21,13.3385
2023-07-22,13.3385
2023-07-23,13.3385
2023-07-24,13.3385
2023-07-25,13.3385
2023-07-26,13.3385
2023-07-27,13.3385
2023-07-28,13.3385
2023-07-29,13.3385
2023-07-30,13.3385
2023-07-31,13.3385
2023-08-01,13.3385
2023-08-02,13.3385
2023-08-03,13.3385
2023-08-04,13.3385
2023-08-05,13.3385
2023-08-06,13.3385
2023-08-07,13.3385
2023-08-08,13.3385
2023-08-09,13.3385
2023-08-10,13.3385
2023-08-11,13.3385
2023-08-12,13.3385
2023-08-13,13.3385
2023-08-14,13.3385
2023-08-15,13.3385
2023-08-16,13.3385
2023-08-17,13.3385
2023-08-18,13.3385
2023-08-19,13.3385
2023-08-20,13.3385
2023-08-21,13.3385
2023-08-22,13.3385
2023-08-23,13.3385
2023-08-24,13.3385
2023-08-25,13.3385
2023-08-26,13.3385
2023-08-27,13.3385
2023-08-28,13.3385
2023-08-29,13.3385
2023-08-30,13.3385
2023-08-31,13.3385
2023-09-01,13.3385
2023-09-02,13.3385
2023-09-03,13.3385
2023-09-04,13.3385
2023-09-05,13.3385
2023-09-06,13.3385
2023-09-07,13.3385
2023-09-08,13.3385
2023-09-09,13.3385
2023-09-10,13.3385
2023-09-11,13.3385
2023-09-12,13.3385
2023-09-13,13.3385
2023-09-14,13.3385
2023-09-15,13.3385
2023-09-16,13.3385
2023-09-17,13.3385
2023-09-18,13.3385
2023-09-19,13.3385
2023-09-20,13.3385
2023-09-21,13.3385
2023-09-22,13.3385
2023-09-23,13.3385
2023-09-24,13.3385
2023-09-25,13.3385
2023-09-26,13.3385
2023-09-27,13.3385
2023-09-28,13.3385
2023-09-29,13.3385
2023-09-30,14.9908
2023-10-01,14.9908
2023-10-02,14.9908
2023-10-03,14.9908
2023-10-04,14.9908
2023-10-05,14.9908
2023-10-06,14.9908
2023-10-07,14.9908
2023-10-08,14.9908
2023-10-09,14.9908
2023-10-10,14.9908
2023-10-11,14.9908
2023-10-12,14.9908
2023-10-13,14.9908
2023-10-14,14.9908
2023-10-15,14.9908
2023-10-16,14.9908
2023-10-17,14.9908
2023-10-18,14.9908
2023-10-19,14.9908
2023-10-20,14.9908
2023-10-21,14.9908
2023-10-22,14.9908
2023-10-23,14.9908
2023-10-24,14.9908
2023-10-25,14.9908
2023-10-26,14.9908
2023-10-27,14.9908
2023-10-28,14.9908
2023-10-29,14.9908
2023-10-30,14.9908
2023-10-31,14.9908
2023-11-01,14.9908
2023-11-02,14.9908
2023-11-03,14.9908
2023-11-04,14.9908
2023-11-05,14.9908
2023-11-06,14.9908
2023-11-07,14.9908
2023-11-08,14.9908
2023-11-09,14.9908
2023-11-10,14.9908
2023-11-11,14.9908
2023-11-12,14.9908
2023-11-13,14.9908
2023-11-14,14.9908
2023-11-15,14.9908
2023-11-16,14.9908
2023-11-17,14.9908
2023-11-18,14.9908
2023-11-19,14.9908
2023-11-20,14.9908
2023-11-21,14.9908
2023-11-22,14.9908
2023-11-23,14.9908
2023-11-24,14.9908
2023-11-25,14.9908
2023-11-26,14.9908
2023-11-27,14.9908
2023-11-28,14.9908
2023-11-29,14.9908
2023-11-30,14.9908
2023-12-01,14.9908
2023-12-02,14.9908
2023-12-03,14.9908
2023-12-04,14.9908
2023-12-05,14.9908
2023-12-06,14.9908
2023-12-07,14.9908
2023-12-08,14.9908
2023-12-09,14.9908
2023-12-10,14.9908
2023-12-11,14.9908
2023-12-12,14.9908
2023-12-13,14.9908
2023-12-14,14.9908
2023-12-15,14.9908
2023-12-16,14.9908
2023-12-17,14.9908
2023-12-18,14.9908
2023-12-19,14.9908
2023-12-20,14.9908
2023-12-21,14.9908
2023-12-22,14.9908
2023-12-23,14.9908
2023-12-24,14.9908
2023-12-25,14.9908
2023-12-26,14.9908
2023-12-27,14.9908
2023-12-28,14.9908
2023-12-29,14.9908
2023-12-30,14.9908
2023-12-31,16.9355
2024-01-01,16.9355
2024-01-02,16.9355
2024-01-03,16.9355
2024-01-04,16.9355
2024-01-05,16.9355
2024-01-06,16.9355
2024-01-07,16.9355
2024-01-08,16.9355
2024-01-09,16.9355
2024-01-10,16.9355
2024-01-11,16.9355
2024-01-12,16.9355
2024-01-13,16.9355
2024-01-14,16.9355
2024-01-15,16.9355
2024-01-16,16.9355
2024-01-17,16.9355
2024-01-18,16.9355
2024-01-19,16.9355
2024-01-20,16.9355
2024-01-21,16.9355
2024-01-22,16.9355
2024-01-23,16.9355
2024-01-24,16.9355
2024-01-25,16.9355
2024-01-26,16.9355
2024-01-27,16.9355
2024-01-28,16.9355
2024-01-29,16.9355
2024-01-30,16.9355
2024-01-31,16.9355
2024-02-01,16.9355
2024-02-02,16.9355
2024-02-03,16.9355
2024-02-04,16.9355
2024-02-05,16.9355
2024-02-06,16.9355
2024-02-07,16.9355
2024-02-08,16.9355
2024-02-09,16.9355
2024-02-10,16.9355
2024-02-11,16.9355
2024-02-12,16.9355
2024-02-13,16.9355
2024-02-14,16.9355
2024-02-15,16.9355
2024-02-16,16.9355
2024-02-17,16.9355
2024-02-18,16.9355
2024-02-19,16.9355
2024-02-20,16.9355
2024-02-21,16.9355
2024-02-22,16.9355
2024-02-23,16.9355
2024-02-24,16.9355
2024-02-25,16.9355
2024-02-26,16.9355
2024-02-27,16.9355
2024-02-28,16.9355
2024-02-29,16.9355
2024-03-01,16.9355
2024-03-02,16.9355
2024-03-03,16.9355
2024-03-04,16.9355
2024-03-05,16.9355
2024-03-06,16.9355
2024-03-07,16.9355
2024-03-08,16.9355
2024-03-09,16.9355
2024-03-10,16.9355
2024-03-11,16.9355
2024-03-12,16.9355
2024-03-13,16.9355
2024-03-14,16.9355
2024-03-15,16.9355
2024-03-16,16.9355
2024-03-17,16.9355
2024-03-18,16.9355
2024-03-19,16.9355
2024-03-20,16.9355
2024-03-21,16.9355
2024-03-22,16.9355
2024-03-23,16.9355
2024-03-24,16.9355
2024-03-25,16.9355
2024-03-26,16.9355
2024-03-27,16.9355
2024-03-28,16.9355
2024-03-29,16.9355
2024-03-30,16.9355
2024-03-31,16.9355
2024-04-01,16.9355
2024-04-02,16.9355
2024-04-03,16.9355
2024-04-04,16.9355
2024-04-05,16.9355
2024-04-06,16.9355
2024-04-07,16.9355
2024-04-08,16.9355
