,GD US Equity
,CURRENT_EV_TO_T12M_EBIT
2020-01-01,13.9834
2020-01-02,14.1151
2020-01-03,14.2259
2020-01-04,14.2259
2020-01-05,14.2259
2020-01-06,14.3468
2020-01-07,14.2157
2020-01-08,14.2449
2020-01-09,14.3164
2020-01-10,14.1834
2020-01-11,14.1834
2020-01-12,14.1834
2020-01-13,14.286
2020-01-14,14.2759
2020-01-15,14.3164
2020-01-16,14.3664
2020-01-17,14.3341
2020-01-18,14.3341
2020-01-19,14.3341
2020-01-20,14.3341
2020-01-21,14.4227
2020-01-22,14.4107
2020-01-23,14.5069
2020-01-24,14.5354
2020-01-25,14.5354
2020-01-26,14.5354
2020-01-27,14.3772
2020-01-28,14.4443
2020-01-29,14.4341
2020-01-30,14.2923
2020-01-31,13.9258
2020-02-01,13.9258
2020-02-02,13.9258
2020-02-03,14.0005
2020-02-04,14.1847
2020-02-05,14.4658
2020-02-06,14.6025
2020-02-07,14.6411
2020-02-08,14.6411
2020-02-09,14.6411
2020-02-10,14.6232
2020-02-11,14.6669
2020-02-12,14.7817
2020-02-13,14.8247
2020-02-14,14.7379
2020-02-15,14.7379
2020-02-16,14.7379
2020-02-17,14.7379
2020-02-18,14.743
2020-02-19,14.6422
2020-02-20,14.6042
2020-02-21,14.7088
2020-02-22,14.7088
2020-02-23,14.7088
2020-02-24,14.5193
2020-02-25,13.8418
2020-02-26,13.6916
2020-02-27,13.3487
2020-02-28,12.94
2020-02-29,12.94
2020-03-01,12.94
2020-03-02,13.2784
2020-03-03,13.0261
2020-03-04,13.4844
2020-03-05,13.1725
2020-03-06,13.1516
2020-03-07,13.1516
2020-03-08,13.1516
2020-03-09,12.3271
2020-03-10,12.6617
2020-03-11,12.2276
2020-03-12,11.1997
2020-03-13,11.6693
2020-03-14,11.6693
2020-03-15,11.6693
2020-03-16,10.8492
2020-03-17,11.1591
2020-03-18,10.4949
2020-03-19,10.2997
2020-03-20,10.0437
2020-03-21,10.0437
2020-03-22,10.0437
2020-03-23,9.5753
2020-03-24,10.0576
2020-03-25,10.5513
2020-03-26,11.2586
2020-03-27,11.5265
2020-03-28,11.5265
2020-03-29,11.5265
2020-03-30,11.7716
2020-03-31,11.6882
2020-04-01,11.3709
2020-04-02,11.4045
2020-04-03,11.2597
2020-04-04,11.2597
2020-04-05,11.2597
2020-04-06,11.7774
2020-04-07,11.8233
2020-04-08,12.0166
2020-04-09,12.2505
2020-04-10,12.2505
2020-04-11,12.2505
2020-04-12,12.2505
2020-04-13,11.9881
2020-04-14,12.0883
2020-04-15,11.7852
2020-04-16,11.6966
2020-04-17,12.0683
2020-04-18,12.0683
2020-04-19,12.0683
2020-04-20,11.8782
2020-04-21,11.6481
2020-04-22,11.7567
2020-04-23,11.5706
2020-04-24,11.4937
2020-04-25,11.4937
2020-04-26,11.4937
2020-04-27,11.8298
2020-04-28,11.9584
2020-04-29,11.8668
2020-04-30,11.4816
2020-05-01,11.3014
2020-05-02,11.3014
2020-05-03,11.3014
2020-05-04,11.1085
2020-05-05,11.2094
2020-05-06,10.9136
2020-05-07,11.2586
2020-05-08,11.7838
2020-05-09,11.7838
2020-05-10,11.7838
2020-05-11,11.6854
2020-05-12,11.5723
2020-05-13,11.5378
2020-05-14,11.6279
2020-05-15,11.5007
2020-05-16,11.5007
2020-05-17,11.5007
2020-05-18,12.0476
2020-05-19,11.8374
2020-05-20,11.8885
2020-05-21,11.9959
2020-05-22,11.9895
2020-05-23,11.9895
2020-05-24,11.9895
2020-05-25,11.9895
2020-05-26,12.3779
2020-05-27,12.7485
2020-05-28,12.6233
2020-05-29,12.5172
2020-05-30,12.5172
2020-05-31,12.5172
2020-06-01,12.5453
2020-06-02,12.6763
2020-06-03,13.0539
2020-06-04,13.1727
2020-06-05,13.5005
2020-06-06,13.5005
2020-06-07,13.5005
2020-06-08,13.8557
2020-06-09,13.581
2020-06-10,13.2341
2020-06-11,12.6271
2020-06-12,12.6686
2020-06-13,12.6686
2020-06-14,12.6686
2020-06-15,12.9172
2020-06-16,13.1024
2020-06-17,13.1702
2020-06-18,13.2986
2020-06-19,13.2066
2020-06-20,13.2066
2020-06-21,13.2066
2020-06-22,12.9625
2020-06-23,12.8954
2020-06-24,12.4929
2020-06-25,12.5255
2020-06-26,13.1239
2020-06-27,13.1239
2020-06-28,13.1239
2020-06-29,13.3468
2020-06-30,13.3549
2020-07-01,13.1977
2020-07-02,13.2086
2020-07-03,13.2086
2020-07-04,13.2086
2020-07-05,13.2086
2020-07-06,13.2879
2020-07-07,13.0649
2020-07-08,12.9782
2020-07-09,12.5798
2020-07-10,12.8475
2020-07-11,12.8475
2020-07-12,12.8475
2020-07-13,12.9051
2020-07-14,12.9416
2020-07-15,13.1063
2020-07-16,13.2906
2020-07-17,13.3177
2020-07-18,13.3177
2020-07-19,13.3177
2020-07-20,13.0832
2020-07-21,13.2431
2020-07-22,13.4952
2020-07-23,13.4599
2020-07-24,13.4017
2020-07-25,13.4017
2020-07-26,13.4017
2020-07-27,13.2547
2020-07-28,13.2946
2020-07-29,13.356
2020-07-30,13.3167
2020-07-31,13.173
2020-08-01,13.173
2020-08-02,13.173
2020-08-03,13.2394
2020-08-04,13.2069
2020-08-05,13.339
2020-08-06,13.3356
2020-08-07,13.5952
2020-08-08,13.5952
2020-08-09,13.5952
2020-08-10,13.8385
2020-08-11,13.9937
2020-08-12,13.8283
2020-08-13,13.7294
2020-08-14,13.8317
2020-08-15,13.8317
2020-08-16,13.8317
2020-08-17,13.646
2020-08-18,13.5993
2020-08-19,13.5627
2020-08-20,13.4576
2020-08-21,13.381
2020-08-22,13.381
2020-08-23,13.381
2020-08-24,13.6176
2020-08-25,13.4935
2020-08-26,13.4258
2020-08-27,13.5593
2020-08-28,13.5478
2020-08-29,13.5478
2020-08-30,13.5478
2020-08-31,13.3499
2020-09-01,13.4068
2020-09-02,13.6596
2020-09-03,13.5254
2020-09-04,13.5091
2020-09-05,13.5091
2020-09-06,13.5091
2020-09-07,13.5091
2020-09-08,13.1879
2020-09-09,13.1344
2020-09-10,12.8911
2020-09-11,13.0795
2020-09-12,13.0795
2020-09-13,13.0795
2020-09-14,13.2225
2020-09-15,13.0646
2020-09-16,13.1757
2020-09-17,13.0273
2020-09-18,12.9189
2020-09-19,12.9189
2020-09-20,12.9189
2020-09-21,12.6031
2020-09-22,12.679
2020-09-23,12.4797
2020-09-24,12.5062
2020-09-25,12.9533
2020-09-26,12.9533
2020-09-27,12.9533
2020-09-28,13.1434
2020-09-29,12.9771
2020-09-30,12.9687
2020-10-01,12.954
2020-10-02,13.1132
2020-10-03,13.1132
2020-10-04,13.1132
2020-10-05,13.2704
2020-10-06,13.2409
2020-10-07,13.4205
2020-10-08,13.4324
2020-10-09,13.3356
2020-10-10,13.3356
2020-10-11,13.3356
2020-10-12,13.4107
2020-10-13,13.3062
2020-10-14,13.2816
2020-10-15,13.1357
2020-10-16,13.236
2020-10-17,13.236
2020-10-18,13.236
2020-10-19,12.9863
2020-10-20,12.9708
2020-10-21,12.841
2020-10-22,13.0382
2020-10-23,13.128
2020-10-24,13.128
2020-10-25,13.128
2020-10-26,12.9743
2020-10-27,12.719
2020-10-28,12.5491
2020-10-29,12.4712
2020-10-30,12.4719
2020-10-31,12.4719
2020-11-01,12.4719
2020-11-02,12.8059
2020-11-03,12.9539
2020-11-04,13.0164
2020-11-05,13.0206
2020-11-06,13.0325
2020-11-07,13.0325
2020-11-08,13.0325
2020-11-09,13.5805
2020-11-10,13.8738
2020-11-11,13.8022
2020-11-12,13.6065
2020-11-13,13.8626
2020-11-14,13.8626
2020-11-15,13.8626
2020-11-16,13.9874
2020-11-17,13.885
2020-11-18,14.0274
2020-11-19,13.7812
2020-11-20,13.6668
2020-11-21,13.6668
2020-11-22,13.6668
2020-11-23,13.7833
2020-11-24,14.0394
2020-11-25,13.925
2020-11-26,13.925
2020-11-27,13.9264
2020-11-28,13.9264
2020-11-29,13.9264
2020-11-30,13.7363
2020-12-01,13.9054
2020-12-02,14.0169
2020-12-03,14.0541
2020-12-04,14.2057
2020-12-05,14.2057
2020-12-06,14.2057
2020-12-07,13.9924
2020-12-08,14.0324
2020-12-09,14.0723
2020-12-10,13.8078
2020-12-11,13.8752
2020-12-12,13.8752
2020-12-13,13.8752
2020-12-14,14.0162
2020-12-15,14.1046
2020-12-16,14.0204
2020-12-17,13.8934
2020-12-18,13.9692
2020-12-19,13.9692
2020-12-20,13.9692
2020-12-21,13.7587
2020-12-22,13.5363
2020-12-23,13.6521
2020-12-24,13.7124
2020-12-25,13.7124
2020-12-26,13.7124
2020-12-27,13.7124
2020-12-28,13.6921
2020-12-29,13.61
2020-12-30,13.6626
2020-12-31,13.2144
2021-01-01,13.2144
2021-01-02,13.2144
2021-01-03,13.2144
2021-01-04,13.0144
2021-01-05,13.0193
2021-01-06,13.2783
2021-01-07,13.4158
2021-01-08,13.3498
2021-01-09,13.3498
2021-01-10,13.3498
2021-01-11,13.4199
2021-01-12,13.5394
2021-01-13,13.479
2021-01-14,13.5803
2021-01-15,13.5165
2021-01-16,13.5165
2021-01-17,13.5165
2021-01-18,13.5165
2021-01-19,13.5137
2021-01-20,13.5762
2021-01-21,13.37
2021-01-22,13.4887
2021-01-23,13.4887
2021-01-24,13.4887
2021-01-25,13.5158
2021-01-26,13.3193
2021-01-27,13.4859
2021-01-28,13.3262
2021-01-29,13.0658
2021-01-30,13.0658
2021-01-31,13.0658
2021-02-01,13.1346
2021-02-02,13.2839
2021-02-03,13.5102
2021-02-04,13.8192
2021-02-05,13.9088
2021-02-06,13.9088
2021-02-07,13.9088
2021-02-08,13.9657
2021-02-09,14.1115
2021-02-10,14.1801
2021-02-11,14.2023
2021-02-12,14.2978
2021-02-13,14.2978
2021-02-14,14.2978
2021-02-15,14.2978
2021-02-16,14.1933
2021-02-17,14.2743
2021-02-18,14.187
2021-02-19,14.2944
2021-02-20,14.2944
2021-02-21,14.2944
2021-02-22,14.408
2021-02-23,14.4724
2021-02-24,14.5216
2021-02-25,14.3927
2021-02-26,14.2037
2021-02-27,14.2037
2021-02-28,14.2037
2021-03-01,14.4523
2021-03-02,14.4952
2021-03-03,14.5139
2021-03-04,14.363
2021-03-05,14.692
2021-03-06,14.692
2021-03-07,14.692
2021-03-08,14.8423
2021-03-09,14.5687
2021-03-10,14.8236
2021-03-11,14.8409
2021-03-12,15.0916
2021-03-13,15.0916
2021-03-14,15.0916
2021-03-15,15.1207
2021-03-16,15.0244
2021-03-17,15.1768
2021-03-18,15.2959
2021-03-19,15.1837
2021-03-20,15.1837
2021-03-21,15.1837
2021-03-22,15.1103
2021-03-23,14.9933
2021-03-24,15.1006
2021-03-25,15.2346
2021-03-26,15.3361
2021-03-27,15.3361
2021-03-28,15.3361
2021-03-29,15.4569
2021-03-30,15.3746
2021-03-31,15.3375
2021-04-01,15.459
2021-04-02,15.459
2021-04-03,15.459
2021-04-04,15.459
2021-04-05,15.7853
2021-04-06,15.7524
2021-04-07,15.7304
2021-04-08,15.6838
2021-04-09,15.6077
2021-04-10,15.6077
2021-04-11,15.6077
2021-04-12,15.7407
2021-04-13,15.5584
2021-04-14,15.6406
2021-04-15,15.6715
2021-04-16,15.7085
2021-04-17,15.7085
2021-04-18,15.7085
2021-04-19,15.7304
2021-04-20,15.6811
2021-04-21,15.8031
2021-04-22,15.7106
2021-04-23,15.8463
2021-04-24,15.8463
2021-04-25,15.8463
2021-04-26,15.7578
2021-04-27,15.8058
2021-04-28,15.7199
2021-04-29,16.0921
2021-04-30,16.0594
2021-05-01,16.0594
2021-05-02,16.0594
2021-05-03,16.1591
2021-05-04,16.1796
2021-05-05,16.0901
2021-05-06,16.2267
2021-05-07,16.3729
2021-05-08,16.3729
2021-05-09,16.3729
2021-05-10,16.3579
2021-05-11,16.1488
2021-05-12,15.8305
2021-05-13,16.1318
2021-05-14,16.1762
2021-05-15,16.1762
2021-05-16,16.1762
2021-05-17,16.1564
2021-05-18,15.9992
2021-05-19,15.9426
2021-05-20,15.9794
2021-05-21,16.0355
2021-05-22,16.0355
2021-05-23,16.0355
2021-05-24,16.0163
2021-05-25,15.9692
2021-05-26,15.9767
2021-05-27,16.0894
2021-05-28,16.0375
2021-05-29,16.0375
2021-05-30,16.0375
2021-05-31,16.0375
2021-06-01,16.0122
2021-06-02,16.1488
2021-06-03,16.099
2021-06-04,16.2875
2021-06-05,16.2875
2021-06-06,16.2875
2021-06-07,16.1646
2021-06-08,16.2295
2021-06-09,16.1714
2021-06-10,16.1447
2021-06-11,16.1454
2021-06-12,16.1454
2021-06-13,16.1454
2021-06-14,16.101
2021-06-15,16.211
2021-06-16,16.0491
2021-06-17,15.8852
2021-06-18,15.7123
2021-06-19,15.7123
2021-06-20,15.7123
2021-06-21,16.0969
2021-06-22,16.015
2021-06-23,15.8257
2021-06-24,15.9145
2021-06-25,16.0307
2021-06-26,16.0307
2021-06-27,16.0307
2021-06-28,15.9665
2021-06-29,15.8182
2021-06-30,15.9248
2021-07-01,15.9104
2021-07-02,15.4793
2021-07-03,15.4793
2021-07-04,15.4793
2021-07-05,15.4793
2021-07-06,15.3713
2021-07-07,15.5622
2021-07-08,15.4449
2021-07-09,15.5907
2021-07-10,15.5907
2021-07-11,15.5907
2021-07-12,15.5317
2021-07-13,15.4926
2021-07-14,15.5404
2021-07-15,15.5331
2021-07-16,15.5284
2021-07-17,15.5284
2021-07-18,15.5284
2021-07-19,15.1843
2021-07-20,15.5768
2021-07-21,15.6842
2021-07-22,15.614
2021-07-23,15.6995
2021-07-24,15.6995
2021-07-25,15.6995
2021-07-26,15.7035
2021-07-27,15.8447
2021-07-28,15.8013
2021-07-29,15.9738
2021-07-30,15.8354
2021-07-31,15.8354
2021-08-01,15.8354
2021-08-02,15.8223
2021-08-03,15.92
2021-08-04,15.8249
2021-08-05,15.8787
2021-08-06,16.0355
2021-08-07,16.0355
2021-08-08,16.0355
2021-08-09,15.9148
2021-08-10,16.0315
2021-08-11,16.1411
2021-08-12,16.0414
2021-08-13,15.9889
2021-08-14,15.9889
2021-08-15,15.9889
2021-08-16,16.126
2021-08-17,16.0512
2021-08-18,15.8859
2021-08-19,15.8
2021-08-20,15.9187
2021-08-21,15.9187
2021-08-22,15.9187
2021-08-23,15.9653
2021-08-24,16.025
2021-08-25,16.0499
2021-08-26,16.0348
2021-08-27,16.0774
2021-08-28,16.0774
2021-08-29,16.0774
2021-08-30,16.0427
2021-08-31,16.1161
2021-09-01,16.082
2021-09-02,16.2467
2021-09-03,16.2571
2021-09-04,16.2571
2021-09-05,16.2571
2021-09-06,16.2571
2021-09-07,16.2526
2021-09-08,16.3844
2021-09-09,16.3457
2021-09-10,16.2007
2021-09-11,16.2007
2021-09-12,16.2007
2021-09-13,16.0578
2021-09-14,15.8767
2021-09-15,15.9961
2021-09-16,15.76
2021-09-17,15.7757
2021-09-18,15.7757
2021-09-19,15.7757
2021-09-20,15.6649
2021-09-21,15.518
2021-09-22,15.6859
2021-09-23,15.8826
2021-09-24,15.9266
2021-09-25,15.9266
2021-09-26,15.9266
2021-09-27,15.9489
2021-09-28,15.9056
2021-09-29,15.9902
2021-09-30,15.8354
2021-10-01,15.8278
2021-10-02,15.8278
2021-10-03,15.8278
2021-10-04,15.7813
2021-10-05,15.8239
2021-10-06,15.9024
2021-10-07,16.0576
2021-10-08,16.0831
2021-10-09,16.0831
2021-10-10,16.0831
2021-10-11,16.1329
2021-10-12,16.1767
2021-10-13,16.1663
2021-10-14,16.2808
2021-10-15,16.472
2021-10-16,16.472
2021-10-17,16.472
2021-10-18,16.3803
2021-10-19,16.5086
2021-10-20,16.4969
2021-10-21,16.4707
2021-10-22,16.5676
2021-10-23,16.5676
2021-10-24,16.5676
2021-10-25,16.4622
2021-10-26,16.2435
2021-10-27,16.308
2021-10-28,16.1001
2021-10-29,16.1092
2021-10-30,16.1092
2021-10-31,16.1092
2021-11-01,16.053
2021-11-02,16.0438
2021-11-03,16.0085
2021-11-04,15.8091
2021-11-05,15.9948
2021-11-06,15.9948
2021-11-07,15.9948
2021-11-08,16.102
2021-11-09,16.1177
2021-11-10,16.0164
2021-11-11,15.8699
2021-11-12,15.9928
2021-11-13,15.9928
2021-11-14,15.9928
2021-11-15,15.9994
2021-11-16,15.847
2021-11-17,15.8941
2021-11-18,15.7986
2021-11-19,15.6881
2021-11-20,15.6881
2021-11-21,15.6881
2021-11-22,15.8876
2021-11-23,15.9484
2021-11-24,15.847
2021-11-25,15.847
2021-11-26,15.4959
2021-11-27,15.4959
2021-11-28,15.4959
2021-11-29,15.5658
2021-11-30,15.2081
2021-12-01,15.2395
2021-12-02,15.5684
2021-12-03,15.7744
2021-12-04,15.7744
2021-12-05,15.7744
2021-12-06,15.9013
2021-12-07,15.8849
2021-12-08,15.987
2021-12-09,16.0556
2021-12-10,16.2518
2021-12-11,16.2518
2021-12-12,16.2518
2021-12-13,16.1576
2021-12-14,16.1563
2021-12-15,16.3375
2021-12-16,16.3335
2021-12-17,16.0733
2021-12-18,16.0733
2021-12-19,16.0733
2021-12-20,15.8431
2021-12-21,16.1445
2021-12-22,16.1753
2021-12-23,16.2361
2021-12-24,16.2361
2021-12-25,16.2361
2021-12-26,16.2361
2021-12-27,16.3956
2021-12-28,16.431
2021-12-29,16.4453
2021-12-30,16.4225
2021-12-31,16.7623
2022-01-01,16.7623
2022-01-02,16.7623
2022-01-03,16.6946
2022-01-04,17.0025
2022-01-05,16.8857
2022-01-06,16.9817
2022-01-07,17.0051
2022-01-08,17.0051
2022-01-09,17.0051
2022-01-10,16.9059
2022-01-11,16.9709
2022-01-12,16.9944
2022-01-13,16.9568
2022-01-14,17.0729
2022-01-15,17.0729
2022-01-16,17.0729
2022-01-17,17.0729
2022-01-18,16.9428
2022-01-19,16.8891
2022-01-20,16.7965
2022-01-21,16.6329
2022-01-22,16.6329
2022-01-23,16.6329
2022-01-24,16.6691
2022-01-25,16.594
2022-01-26,16.5242
2022-01-27,16.7845
2022-01-28,17.0541
2022-01-29,17.0541
2022-01-30,17.0541
2022-01-31,17.0058
2022-02-01,17.0574
2022-02-02,17.1386
2022-02-03,17.0105
2022-02-04,17.0185
2022-02-05,17.0185
2022-02-06,17.0185
2022-02-07,17.0071
2022-02-08,17.1641
2022-02-09,17.1509
2022-02-10,16.8894
2022-02-11,17.0388
2022-02-12,17.0388
2022-02-13,17.0388
2022-02-14,16.8661
2022-02-15,16.9728
2022-02-16,17.0822
2022-02-17,17.0815
2022-02-18,17.1763
2022-02-19,17.1763
2022-02-20,17.1763
2022-02-21,17.1763
2022-02-22,17.243
2022-02-23,17.2063
2022-02-24,17.357
2022-02-25,17.9874
2022-02-26,17.9874
2022-02-27,17.9874
2022-02-28,18.419
2022-03-01,18.3436
2022-03-02,18.5057
2022-03-03,18.6645
2022-03-04,19.1421
2022-03-05,19.1421
2022-03-06,19.1421
2022-03-07,19.2755
2022-03-08,18.4764
2022-03-09,18.5764
2022-03-10,18.4904
2022-03-11,18.2876
2022-03-12,18.2876
2022-03-13,18.2876
2022-03-14,18.3776
2022-03-15,18.6305
2022-03-16,17.9681
2022-03-17,18.1562
2022-03-18,18.1375
2022-03-19,18.1375
2022-03-20,18.1375
2022-03-21,18.5271
2022-03-22,18.6445
2022-03-23,18.7685
2022-03-24,18.8813
2022-03-25,19.1058
2022-03-26,19.1058
2022-03-27,19.1058
2022-03-28,18.874
2022-03-29,18.8873
2022-03-30,19.1031
2022-03-31,18.8933
2022-04-01,18.804
2022-04-02,18.804
2022-04-03,18.804
2022-04-04,18.5833
2022-04-05,18.5779
2022-04-06,18.6862
2022-04-07,18.878
2022-04-08,18.7724
2022-04-09,18.7724
2022-04-10,18.7724
2022-04-11,18.874
2022-04-12,18.8921
2022-04-13,18.8847
2022-04-14,18.8868
2022-04-15,18.8868
2022-04-16,18.8868
2022-04-17,18.8868
2022-04-18,18.8948
2022-04-19,19.0786
2022-04-20,19.1526
2022-04-21,18.7737
2022-04-22,18.5536
2022-04-23,18.5536
2022-04-24,18.5536
2022-04-25,18.5799
2022-04-26,18.4285
2022-04-27,18.6087
2022-04-28,18.6907
2022-04-29,18.3769
2022-04-30,18.3769
2022-05-01,18.3769
2022-05-02,18.1565
2022-05-03,18.1652
2022-05-04,18.8062
2022-05-05,18.559
2022-05-06,18.5831
2022-05-07,18.5831
2022-05-08,18.5831
2022-05-09,17.8958
2022-05-10,17.8911
2022-05-11,17.7325
2022-05-12,17.5007
2022-05-13,17.6902
2022-05-14,17.6902
2022-05-15,17.6902
2022-05-16,17.7903
2022-05-17,18.047
2022-05-18,17.668
2022-05-19,17.117
2022-05-20,16.8294
2022-05-21,16.8294
2022-05-22,16.8294
2022-05-23,17.0444
2022-05-24,17.2541
2022-05-25,17.2695
2022-05-26,17.3508
2022-05-27,17.7036
2022-05-28,17.7036
2022-05-29,17.7036
2022-05-30,17.7036
2022-05-31,17.5961
2022-06-01,17.6841
2022-06-02,17.9005
2022-06-03,17.9468
2022-06-04,17.9468
2022-06-05,17.9468
2022-06-06,17.9314
2022-06-07,18.313
2022-06-08,18.0295
2022-06-09,17.7291
2022-06-10,17.5773
2022-06-11,17.5773
2022-06-12,17.5773
2022-06-13,17.1002
2022-06-14,16.9907
2022-06-15,17.1264
2022-06-16,16.7213
2022-06-17,16.5795
2022-06-18,16.5795
2022-06-19,16.5795
2022-06-20,16.5795
2022-06-21,17.0344
2022-06-22,16.9981
2022-06-23,17.0377
2022-06-24,17.4227
2022-06-25,17.4227
2022-06-26,17.4227
2022-06-27,17.5014
2022-06-28,17.2991
2022-06-29,17.2178
2022-06-30,17.3502
2022-07-01,17.6098
2022-07-02,17.6098
2022-07-03,17.6098
2022-07-04,17.6098
2022-07-05,16.9858
2022-07-06,17.3222
2022-07-07,17.3905
2022-07-08,17.4259
2022-07-09,17.4259
2022-07-10,17.4259
2022-07-11,17.3349
2022-07-12,17.1263
2022-07-13,16.9096
2022-07-14,16.7129
2022-07-15,16.8681
2022-07-16,16.8681
2022-07-17,16.8681
2022-07-18,16.6688
2022-07-19,16.9958
2022-07-20,17.1323
2022-07-21,17.1437
2022-07-22,17.135
2022-07-23,17.135
2022-07-24,17.135
2022-07-25,17.2714
2022-07-26,17.1932
2022-07-27,17.1585
2022-07-28,17.4194
2022-07-29,17.609
2022-07-30,17.609
2022-07-31,17.609
2022-08-01,17.5766
2022-08-02,17.6334
2022-08-03,17.8732
2022-08-04,17.7734
2022-08-05,17.747
2022-08-06,17.747
2022-08-07,17.747
2022-08-08,17.5508
2022-08-09,17.6717
2022-08-10,17.8593
2022-08-11,17.9491
2022-08-12,18.354
2022-08-13,18.354
2022-08-14,18.354
2022-08-15,18.572
2022-08-16,18.5872
2022-08-17,18.6671
2022-08-18,18.7332
2022-08-19,18.5997
2022-08-20,18.5997
2022-08-21,18.5997
2022-08-22,18.1255
2022-08-23,18.0931
2022-08-24,18.1255
2022-08-25,18.358
2022-08-26,18.0
2022-08-27,18.0
2022-08-28,18.0
2022-08-29,18.0733
2022-08-30,17.9029
2022-08-31,17.7582
2022-09-01,17.5231
2022-09-02,17.4907
2022-09-03,17.4907
2022-09-04,17.4907
2022-09-05,17.4907
2022-09-06,17.4689
2022-09-07,17.6796
2022-09-08,17.6763
2022-09-09,17.9353
2022-09-10,17.9353
2022-09-11,17.9353
2022-09-12,18.1882
2022-09-13,17.6955
2022-09-14,17.8771
2022-09-15,17.7272
2022-09-16,17.6605
2022-09-17,17.6605
2022-09-18,17.6605
2022-09-19,17.7648
2022-09-20,17.7701
2022-09-21,17.71
2022-09-22,17.7028
2022-09-23,17.2939
2022-09-24,17.2939
2022-09-25,17.2939
2022-09-26,17.1968
2022-09-27,17.0805
2022-09-28,17.1981
2022-09-29,16.8005
2022-09-30,16.5019
2022-10-01,16.5019
2022-10-02,16.5019
2022-10-03,17.0517
2022-10-04,17.4535
2022-10-05,17.4561
2022-10-06,17.2411
2022-10-07,17.2588
2022-10-08,17.2588
2022-10-09,17.2588
2022-10-10,17.3726
2022-10-11,17.5259
2022-10-12,17.2352
2022-10-13,17.6173
2022-10-14,17.0938
2022-10-15,17.0938
2022-10-16,17.0938
2022-10-17,17.5982
2022-10-18,18.1664
2022-10-19,18.2907
2022-10-20,18.1638
2022-10-21,18.5031
2022-10-22,18.5031
2022-10-23,18.5031
2022-10-24,18.5827
2022-10-25,18.7103
2022-10-26,18.7249
2022-10-27,18.8763
2022-10-28,19.0554
2022-10-29,19.0554
2022-10-30,19.0554
2022-10-31,18.9948
2022-11-01,19.002
2022-11-02,18.769
2022-11-03,18.9382
2022-11-04,18.9658
2022-11-05,18.9658
2022-11-06,18.9658
2022-11-07,19.112
2022-11-08,19.1752
2022-11-09,18.9764
2022-11-10,19.2371
2022-11-11,18.5557
2022-11-12,18.5557
2022-11-13,18.5557
2022-11-14,18.5352
2022-11-15,18.7538
2022-11-16,18.6702
2022-11-17,18.7789
2022-11-18,18.8908
2022-11-19,18.8908
2022-11-20,18.8908
2022-11-21,19.0462
2022-11-22,19.108
2022-11-23,19.1587
2022-11-24,19.1587
2022-11-25,19.2562
2022-11-26,19.2562
2022-11-27,19.2562
2022-11-28,19.0402
2022-11-29,19.0883
2022-11-30,19.1653
2022-12-01,19.1574
2022-12-02,19.3859
2022-12-03,19.3859
2022-12-04,19.3859
2022-12-05,19.0679
2022-12-06,18.8947
2022-12-07,18.7584
2022-12-08,18.8552
2022-12-09,18.8131
2022-12-10,18.8131
2022-12-11,18.8131
2022-12-12,18.983
2022-12-13,18.9244
2022-12-14,18.9434
2022-12-15,18.688
2022-12-16,18.7538
2022-12-17,18.7538
2022-12-18,18.7538
2022-12-19,18.6327
2022-12-20,18.7854
2022-12-21,19.006
2022-12-22,18.7835
2022-12-23,18.8697
2022-12-24,18.8697
2022-12-25,18.8697
2022-12-26,18.8697
2022-12-27,18.925
2022-12-28,18.8085
2022-12-29,18.9573
2022-12-30,18.8113
2022-12-31,18.8113
2023-01-01,18.8113
2023-01-02,18.8113
2023-01-03,18.8432
2023-01-04,18.6229
2023-01-05,18.5837
2023-01-06,18.8204
2023-01-07,18.8204
2023-01-08,18.8204
2023-01-09,18.6222
2023-01-10,18.7741
2023-01-11,18.8491
2023-01-12,18.7846
2023-01-13,18.3014
2023-01-14,18.3014
2023-01-15,18.3014
2023-01-16,18.3014
2023-01-17,18.3569
2023-01-18,18.0869
2023-01-19,17.7316
2023-01-20,17.8125
2023-01-21,17.8125
2023-01-22,17.8125
2023-01-23,17.7903
2023-01-24,17.9859
2023-01-25,17.4271
2023-01-26,17.5073
2023-01-27,17.4669
2023-01-28,17.4669
2023-01-29,17.4669
2023-01-30,17.5047
2023-01-31,17.8301
2023-02-01,17.6599
2023-02-02,17.7225
2023-02-03,17.731
2023-02-04,17.731
2023-02-05,17.731
2023-02-06,17.7838
2023-02-07,17.7518
2023-02-08,17.5667
2023-02-09,17.5367
2023-02-10,17.8339
2023-02-11,17.8339
2023-02-12,17.8339
2023-02-13,17.8117
2023-02-14,17.759
2023-02-15,17.785
2023-02-16,17.7088
2023-02-17,17.9669
2023-02-18,17.9669
2023-02-19,17.9669
2023-02-20,17.9669
2023-02-21,17.8535
2023-02-22,17.8619
2023-02-23,17.7133
2023-02-24,17.7511
2023-02-25,17.7511
2023-02-26,17.7511
2023-02-27,17.6645
2023-02-28,17.4879
2023-03-01,17.4735
2023-03-02,17.6404
2023-03-03,17.6918
2023-03-04,17.6918
2023-03-05,17.6918
2023-03-06,17.7935
2023-03-07,17.6234
2023-03-08,17.4325
2023-03-09,17.1594
2023-03-10,17.033
2023-03-11,17.033
2023-03-12,17.033
2023-03-13,16.8935
2023-03-14,16.9613
2023-03-15,16.7751
2023-03-16,16.9904
2023-03-17,16.8664
2023-03-18,16.8664
2023-03-19,16.8664
2023-03-20,16.9812
2023-03-21,17.1417
2023-03-22,16.9369
2023-03-23,16.9943
2023-03-24,17.2154
2023-03-25,17.2154
2023-03-26,17.2154
2023-03-27,17.3153
2023-03-28,17.346
2023-03-29,17.4308
2023-03-30,17.4106
2023-03-31,17.1545
2023-04-01,17.1545
2023-04-02,17.1545
2023-04-03,17.4234
2023-04-04,17.2264
2023-04-05,17.2044
2023-04-06,17.1222
2023-04-07,17.1222
2023-04-08,17.1222
2023-04-09,17.1222
2023-04-10,17.209
2023-04-11,17.1584
2023-04-12,17.2213
2023-04-13,17.1908
2023-04-14,17.1209
2023-04-15,17.1209
2023-04-16,17.1209
2023-04-17,17.2355
2023-04-18,17.2679
2023-04-19,17.1928
2023-04-20,17.1098
2023-04-21,16.9479
2023-04-22,16.9479
2023-04-23,16.9479
2023-04-24,16.9142
2023-04-25,16.8002
2023-04-26,16.2687
2023-04-27,16.3243
2023-04-28,16.4957
2023-04-29,16.4957
2023-04-30,16.4957
2023-05-01,16.4822
2023-05-02,16.151
2023-05-03,15.9569
2023-05-04,15.8819
2023-05-05,16.0805
2023-05-06,16.0805
2023-05-07,16.0805
2023-05-08,16.0022
2023-05-09,16.0339
2023-05-10,16.0552
2023-05-11,15.8301
2023-05-12,15.9537
2023-05-13,15.9537
2023-05-14,15.9537
2023-05-15,15.9698
2023-05-16,15.8004
2023-05-17,16.0416
2023-05-18,16.0164
2023-05-19,15.9983
2023-05-20,15.9983
2023-05-21,15.9983
2023-05-22,16.1193
2023-05-23,15.759
2023-05-24,15.7318
2023-05-25,15.5908
2023-05-26,15.649
2023-05-27,15.649
2023-05-28,15.649
2023-05-29,15.649
2023-05-30,15.6483
2023-05-31,15.5798
2023-06-01,15.6542
2023-06-02,15.8974
2023-06-03,15.8974
2023-06-04,15.8974
2023-06-05,15.9077
2023-06-06,16.0087
2023-06-07,16.2266
2023-06-08,16.1852
2023-06-09,16.1031
2023-06-10,16.1031
2023-06-11,16.1031
2023-06-12,16.1548
2023-06-13,16.2027
2023-06-14,16.0947
2023-06-15,16.2771
2023-06-16,16.4311
2023-06-17,16.4311
2023-06-18,16.4311
2023-06-19,16.4311
2023-06-20,16.3114
2023-06-21,16.4433
2023-06-22,16.2441
2023-06-23,16.1109
2023-06-24,16.1109
2023-06-25,16.1109
2023-06-26,16.0914
2023-06-27,16.0895
2023-06-28,16.0209
2023-06-29,16.2351
2023-06-30,16.4152
2023-07-01,16.4152
2023-07-02,16.4152
2023-07-03,16.4561
2023-07-04,16.4561
2023-07-05,16.4178
2023-07-06,16.3587
2023-07-07,16.3503
2023-07-08,16.3503
2023-07-09,16.3503
2023-07-10,16.3847
2023-07-11,16.547
2023-07-12,16.575
2023-07-13,16.5327
2023-07-14,16.4263
2023-07-15,16.4263
2023-07-16,16.4263
2023-07-17,16.4944
2023-07-18,16.3094
2023-07-19,16.3113
2023-07-20,16.4756
2023-07-21,16.436
2023-07-22,16.436
2023-07-23,16.436
2023-07-24,16.5769
2023-07-25,16.6003
2023-07-26,16.8425
2023-07-27,16.6512
2023-07-28,16.8334
2023-07-29,16.8334
2023-07-30,16.8334
2023-07-31,16.8942
2023-08-01,17.0079
2023-08-02,17.0667
2023-08-03,17.0266
2023-08-04,16.922
2023-08-05,16.922
2023-08-06,16.922
2023-08-07,17.1275
2023-08-08,16.9517
2023-08-09,17.0596
2023-08-10,17.0286
2023-08-11,17.1145
2023-08-12,17.1145
2023-08-13,17.1145
2023-08-14,17.0745
2023-08-15,16.8651
2023-08-16,16.8948
2023-08-17,16.8121
2023-08-18,16.9485
2023-08-19,16.9485
2023-08-20,16.9485
2023-08-21,16.9394
2023-08-22,16.9394
2023-08-23,16.9769
2023-08-24,16.9136
2023-08-25,16.8948
2023-08-26,16.8948
2023-08-27,16.8948
2023-08-28,17.0086
2023-08-29,17.0603
2023-08-30,17.1307
2023-08-31,17.0919
2023-09-01,17.0745
2023-09-02,17.0745
2023-09-03,17.0745
2023-09-04,17.0745
2023-09-05,16.878
2023-09-06,16.5368
2023-09-07,16.5781
2023-09-08,16.5252
2023-09-09,16.5252
2023-09-10,16.5252
2023-09-11,16.4218
2023-09-12,16.4935
2023-09-13,16.6428
2023-09-14,16.7572
2023-09-15,16.9245
2023-09-16,16.9245
2023-09-17,16.9245
2023-09-18,16.9426
2023-09-19,16.847
2023-09-20,17.0215
2023-09-21,16.7843
2023-09-22,16.5555
2023-09-23,16.5555
2023-09-24,16.5555
2023-09-25,16.6195
2023-09-26,16.5452
2023-09-27,16.7274
2023-09-28,16.8173
2023-09-29,16.7254
2023-09-30,16.7254
2023-10-01,16.7254
2023-10-02,16.8533
2023-10-03,16.7104
2023-10-04,16.6184
2023-10-05,16.45
2023-10-06,16.6582
2023-10-07,16.6582
2023-10-08,16.6582
2023-10-09,17.8681
2023-10-10,17.75
2023-10-11,17.8224
2023-10-12,17.7976
2023-10-13,18.1657
2023-10-14,18.1657
2023-10-15,18.1657
2023-10-16,18.1546
2023-10-17,18.0502
2023-10-18,17.9549
2023-10-19,17.8335
2023-10-20,17.6371
2023-10-21,17.6371
2023-10-22,17.6371
2023-10-23,17.5242
2023-10-24,17.5105
2023-10-25,18.1155
2023-10-26,17.9948
2023-10-27,17.8448
2023-10-28,17.8448
2023-10-29,17.8448
2023-10-30,17.8924
2023-10-31,18.0444
2023-11-01,18.1351
2023-11-02,18.2205
2023-11-03,18.1683
2023-11-04,18.1683
2023-11-05,18.1683
2023-11-06,18.2153
2023-11-07,18.137
2023-11-08,18.0907
2023-11-09,17.9655
2023-11-10,18.1905
2023-11-11,18.1905
2023-11-12,18.1905
2023-11-13,18.3927
2023-11-14,18.4716
2023-11-15,18.3346
2023-11-16,18.302
2023-11-17,18.2649
2023-11-18,18.2649
2023-11-19,18.2649
2023-11-20,18.3359
2023-11-21,18.377
2023-11-22,18.437
2023-11-23,18.437
2023-11-24,18.4697
2023-11-25,18.4697
2023-11-26,18.4697
2023-11-27,18.3738
2023-11-28,18.2994
2023-11-29,18.274
2023-11-30,18.4136
2023-12-01,18.591
2023-12-02,18.591
2023-12-03,18.591
2023-12-04,18.7553
2023-12-05,18.6692
2023-12-06,18.7384
2023-12-07,18.7084
2023-12-08,18.7606
2023-12-09,18.7606
2023-12-10,18.7606
2023-12-11,18.769
2023-12-12,18.8199
2023-12-13,18.9927
2023-12-14,18.6862
2023-12-15,18.7775
2023-12-16,18.7775
2023-12-17,18.7775
2023-12-18,18.7984
2023-12-19,18.8649
2023-12-20,18.5825
2023-12-21,18.7697
2023-12-22,18.8786
2023-12-23,18.8786
2023-12-24,18.8786
2023-12-25,18.8786
2023-12-26,19.0162
2023-12-27,19.0958
2023-12-28,19.1421
2023-12-29,18.8535
2023-12-30,18.8535
2023-12-31,18.8535
2024-01-01,18.8535
2024-01-02,18.7847
2024-01-03,18.6523
2024-01-04,18.6291
2024-01-05,18.4826
2024-01-06,18.4826
2024-01-07,18.4826
2024-01-08,18.4774
2024-01-09,18.3116
2024-01-10,18.3122
2024-01-11,18.228
2024-01-12,18.5411
2024-01-13,18.5411
2024-01-14,18.5411
2024-01-15,18.5411
2024-01-16,18.2736
2024-01-17,18.2299
2024-01-18,18.2929
2024-01-19,18.1894
2024-01-20,18.1894
2024-01-21,18.1894
2024-01-22,18.2164
2024-01-23,18.1914
2024-01-24,18.9506
2024-01-25,19.2514
2024-01-26,19.2007
2024-01-27,19.2007
2024-01-28,19.2007
2024-01-29,19.182
2024-01-30,19.4321
2024-01-31,19.1955
2024-02-01,19.3164
2024-02-02,19.2135
2024-02-03,19.2135
2024-02-04,19.2135
2024-02-05,19.2296
2024-02-06,19.3691
2024-02-07,19.4591
2024-02-08,19.5219
2024-02-09,19.5955
2024-02-10,19.5955
2024-02-11,19.5955
2024-02-12,19.5503
2024-02-13,19.4071
2024-02-14,19.5284
2024-02-15,19.5865
2024-02-16,19.5503
2024-02-17,19.5503
2024-02-18,19.5503
2024-02-19,19.5503
2024-02-20,19.5174
2024-02-21,19.7091
2024-02-22,19.7369
2024-02-23,19.8285
2024-02-24,19.8285
2024-02-25,19.8285
2024-02-26,19.7814
2024-02-27,19.8253
2024-02-28,19.8647
2024-02-29,19.7963
2024-03-01,19.7123
2024-03-02,19.7123
2024-03-03,19.7123
2024-03-04,19.8905
2024-03-05,19.8188
2024-03-06,19.8253
2024-03-07,19.7821
2024-03-08,19.7356
2024-03-09,19.7356
2024-03-10,19.7356
2024-03-11,19.7975
2024-03-12,19.8866
2024-03-13,19.9324
2024-03-14,19.935
2024-03-15,19.9228
2024-03-16,19.9228
2024-03-17,19.9228
2024-03-18,20.077
2024-03-19,20.2125
2024-03-20,20.3965
2024-03-21,20.3184
2024-03-22,20.3068
2024-03-23,20.3068
2024-03-24,20.3068
2024-03-25,20.1916
2024-03-26,20.1509
2024-03-27,20.3803
2024-03-28,20.4184
2024-03-29,20.4184
2024-03-30,20.4184
2024-03-31,20.4184
2024-04-01,21.004
2024-04-02,20.9387
2024-04-03,21.0131
2024-04-04,21.112
2024-04-05,21.2386
2024-04-06,21.2386
2024-04-07,21.2386
2024-04-08,21.1061
