,CAKE US Equity,CAKE US Equity,CAKE US Equity,CAKE US Equity,CAKE US Equity
,PX_OPEN,PX_HIGH,PX_LOW,PX_LAST,PX_VOLUME
2020-01-01,35.98,36.6291,35.9336,36.0356,777825.0
2020-01-02,36.388,37.0742,35.98,36.1376,677852.0
2020-01-03,35.9151,36.184,35.609,35.9336,612415.0
2020-01-04,35.9151,36.184,35.609,35.9336,612415.0
2020-01-05,35.9151,36.184,35.609,35.9336,612415.0
2020-01-06,35.7296,37.0186,35.7203,36.8238,715919.0
2020-01-07,36.6476,37.0,36.2953,36.5178,745743.0
2020-01-08,36.4529,37.1484,36.3602,36.7589,490256.0
2020-01-09,36.9166,37.1113,36.7682,36.8517,343030.0
2020-01-10,36.7126,36.8238,36.3694,36.5735,609968.0
2020-01-11,36.7126,36.8238,36.3694,36.5735,609968.0
2020-01-12,36.7126,36.8238,36.3694,36.5735,609968.0
2020-01-13,36.4807,36.8795,36.3973,36.5364,460268.0
2020-01-14,36.5085,36.7311,36.082,36.6847,787067.0
2020-01-15,36.4993,36.898,36.286,36.4251,466144.0
2020-01-16,36.5364,37.8717,36.5364,37.575,799199.0
2020-01-17,36.9722,37.1159,35.9707,36.0171,1067671.0
2020-01-18,36.9722,37.1159,35.9707,36.0171,1067671.0
2020-01-19,36.9722,37.1159,35.9707,36.0171,1067671.0
2020-01-20,36.9722,37.1159,35.9707,36.0171,1067671.0
2020-01-21,35.9151,36.592,35.609,36.5642,856996.0
2020-01-22,36.5364,37.0464,36.082,36.2489,541145.0
2020-01-23,35.9429,36.8795,35.9429,36.7311,520451.0
2020-01-24,36.8517,37.0278,36.4807,36.6105,561356.0
2020-01-25,36.8517,37.0278,36.4807,36.6105,561356.0
2020-01-26,36.8517,37.0278,36.4807,36.6105,561356.0
2020-01-27,36.2025,36.4436,35.609,35.6832,786080.0
2020-01-28,35.98,36.3787,35.6832,35.7667,403018.0
2020-01-29,35.7111,36.5085,35.3216,36.1052,659676.0
2020-01-30,35.9892,36.6105,35.7203,36.1562,815517.0
2020-01-31,36.0449,36.2303,35.4421,35.609,709251.0
2020-02-01,36.0449,36.2303,35.4421,35.609,709251.0
2020-02-02,36.0449,36.2303,35.4421,35.609,709251.0
2020-02-03,35.7018,35.8826,34.9877,35.1732,733196.0
2020-02-04,35.5627,36.3324,35.4792,36.1098,720965.0
2020-02-05,36.3973,37.2226,36.2674,37.0928,514614.0
2020-02-06,37.1577,37.5379,36.8331,37.473,375297.0
2020-02-07,37.2689,37.4915,36.49,36.6384,451452.0
2020-02-08,37.2689,37.4915,36.49,36.6384,451452.0
2020-02-09,37.2689,37.4915,36.49,36.6384,451452.0
2020-02-10,36.4622,37.4822,36.4622,37.3895,587734.0
2020-02-11,37.51,37.6491,36.9908,37.1484,559770.0
2020-02-12,37.408,37.6862,36.9537,37.2133,453377.0
2020-02-13,37.0928,37.4498,36.898,37.0464,677842.0
2020-02-14,37.1298,37.4637,36.8702,37.3802,437913.0
2020-02-15,37.1298,37.4637,36.8702,37.3802,437913.0
2020-02-16,37.1298,37.4637,36.8702,37.3802,437913.0
2020-02-17,37.1298,37.4637,36.8702,37.3802,437913.0
2020-02-18,37.0557,37.4451,36.5085,37.2411,865660.0
2020-02-19,37.3153,38.3632,37.1438,37.9088,1665979.0
2020-02-20,36.9073,39.8747,36.49,39.1792,2548790.0
2020-02-21,39.1792,39.4273,38.493,39.0679,1184947.0
2020-02-22,39.1792,39.4273,38.493,39.0679,1184947.0
2020-02-23,39.1792,39.4273,38.493,39.0679,1184947.0
2020-02-24,38.0757,38.9752,37.473,38.6877,1078738.0
2020-02-25,38.9567,39.0494,35.8594,35.9985,1400357.0
2020-02-26,36.184,36.184,33.8286,34.0141,2238599.0
2020-02-27,33.3928,34.5241,31.2506,32.5489,2285904.0
2020-02-28,31.8627,33.5319,31.1579,33.0404,2057213.0
2020-02-29,31.8627,33.5319,31.1579,33.0404,2057213.0
2020-03-01,31.8627,33.5319,31.1579,33.0404,2057213.0
2020-03-02,33.2907,33.5782,32.1687,33.4206,1288335.0
2020-03-03,33.3278,34.1161,31.8256,32.1316,1371997.0
2020-03-04,32.6231,33.2444,32.0203,33.2073,989717.0
2020-03-05,32.382,32.382,28.8628,29.2291,3133004.0
2020-03-06,28.1972,30.7487,27.625,29.4917,2040340.0
2020-03-07,28.1972,30.7487,27.625,29.4917,2040340.0
2020-03-08,28.1972,30.7487,27.625,29.4917,2040340.0
2020-03-09,27.278,28.0847,26.0023,27.2123,2567841.0
2020-03-10,28.2629,29.7731,25.3738,26.9684,1960782.0
2020-03-11,26.1992,26.2555,22.9912,23.6478,2668588.0
2020-03-12,21.6404,21.6404,18.2916,20.1489,3592664.0
2020-03-13,21.6404,22.5034,19.5768,22.0531,2549290.0
2020-03-14,21.6404,22.5034,19.5768,22.0531,2549290.0
2020-03-15,21.6404,22.5034,19.5768,22.0531,2549290.0
2020-03-16,18.77,19.4079,15.8246,15.8621,3123207.0
2020-03-17,16.4249,17.8977,13.6202,17.5506,3737563.0
2020-03-18,15.7683,19.5861,14.0142,19.558,3951241.0
2020-03-19,17.8414,21.8561,15.9841,19.239,6709609.0
2020-03-20,19.5486,20.6367,14.774,14.8584,4615764.0
2020-03-21,19.5486,20.6367,14.774,14.8584,4615764.0
2020-03-22,19.5486,20.6367,14.774,14.8584,4615764.0
2020-03-23,15.0742,15.6651,14.0705,14.7365,3114604.0
2020-03-24,16.7345,18.5918,16.4156,18.029,2894802.0
2020-03-25,19.1171,20.7211,16.697,17.7007,7038281.0
2020-03-26,15.9465,19.8206,15.5104,18.4417,9616736.0
2020-03-27,16.9221,17.3255,15.0648,15.1774,6858610.0
2020-03-28,16.9221,17.3255,15.0648,15.1774,6858610.0
2020-03-29,16.9221,17.3255,15.0648,15.1774,6858610.0
2020-03-30,17.1285,17.153,15.2618,15.4775,5469068.0
2020-03-31,15.6464,16.8283,15.5244,16.0216,3755980.0
2020-04-01,15.1492,15.6651,14.5583,14.7459,3555676.0
2020-04-02,14.577,15.0648,13.7234,14.1643,3520507.0
2020-04-03,14.4176,14.8397,13.8454,14.5489,2351614.0
2020-04-04,14.4176,14.8397,13.8454,14.5489,2351614.0
2020-04-05,14.4176,14.8397,13.8454,14.5489,2351614.0
2020-04-06,15.5713,16.2186,15.168,15.7496,4035224.0
2020-04-07,16.8846,17.2927,15.0836,15.3274,4587218.0
2020-04-08,15.5807,17.4849,15.0085,17.3348,5933619.0
2020-04-09,18.1978,19.905,17.8695,18.9482,5190770.0
2020-04-10,18.1978,19.905,17.8695,18.9482,5190770.0
2020-04-11,18.1978,19.905,17.8695,18.9482,5190770.0
2020-04-12,18.1978,19.905,17.8695,18.9482,5190770.0
2020-04-13,19.3704,19.3704,17.1472,17.71,3449690.0
2020-04-14,18.2447,19.1733,17.3911,17.8039,2960471.0
2020-04-15,16.9971,17.4003,16.0591,16.3405,3148340.0
2020-04-16,16.4249,16.6688,15.5995,16.6032,2721675.0
2020-04-17,17.635,18.0102,16.8471,17.56,3346299.0
2020-04-18,17.635,18.0102,16.8471,17.56,3346299.0
2020-04-19,17.635,18.0102,16.8471,17.56,3346299.0
2020-04-20,17.9164,19.1452,17.3817,17.7569,5786045.0
2020-04-21,17.1847,18.0571,17.1847,17.635,2499360.0
2020-04-22,18.0477,18.8075,17.8977,18.6856,3327633.0
2020-04-23,18.8826,18.8826,17.1566,17.166,3778199.0
2020-04-24,17.4193,17.6678,16.9316,17.4427,2515419.0
2020-04-25,17.4193,17.6678,16.9316,17.4427,2515419.0
2020-04-26,17.4193,17.6678,16.9316,17.4427,2515419.0
2020-04-27,17.6725,19.1695,17.485,18.7982,3816906.0
2020-04-28,19.8641,20.89,19.1077,20.0082,4645902.0
2020-04-29,21.1151,24.1168,21.1151,22.8505,5675798.0
2020-04-30,21.9969,22.5034,20.5007,20.9087,4208743.0
2020-05-01,20.1771,20.5523,18.6199,18.8826,3578473.0
2020-05-02,20.1771,20.5523,18.6199,18.8826,3578473.0
2020-05-03,20.1771,20.5523,18.6199,18.8826,3578473.0
2020-05-04,18.301,19.164,17.6725,18.7794,2370925.0
2020-05-05,19.2297,19.4173,18.2822,18.3104,3382940.0
2020-05-06,18.967,19.4923,18.0759,18.4886,3747114.0
2020-05-07,18.7513,19.5485,17.9915,19.3235,5946489.0
2020-05-08,19.9519,21.1245,19.6143,21.0494,3689079.0
2020-05-09,19.9519,21.1245,19.6143,21.0494,3689079.0
2020-05-10,19.9519,21.1245,19.6143,21.0494,3689079.0
2020-05-11,20.3272,20.965,19.9332,20.0317,2956141.0
2020-05-12,20.102,20.299,18.1322,18.1415,3563835.0
2020-05-13,17.8695,17.8695,16.1904,17.1378,5406450.0
2020-05-14,16.2936,17.4849,15.7589,17.0769,3482572.0
2020-05-15,16.8095,17.6631,16.4156,17.3677,2240418.0
2020-05-16,16.8095,17.6631,16.4156,17.3677,2240418.0
2020-05-17,16.8095,17.6631,16.4156,17.3677,2240418.0
2020-05-18,18.5543,18.8544,17.8601,18.5449,2726147.0
2020-05-19,18.4417,19.3235,17.6256,18.8263,2883853.0
2020-05-20,19.2203,19.4266,18.5918,18.7231,1649505.0
2020-05-21,18.7982,19.0983,18.4417,18.7231,1858848.0
2020-05-22,18.9107,19.1265,18.2729,18.7325,1524061.0
2020-05-23,18.9107,19.1265,18.2729,18.7325,1524061.0
2020-05-24,18.9107,19.1265,18.2729,18.7325,1524061.0
2020-05-25,18.9107,19.1265,18.2729,18.7325,1524061.0
2020-05-26,19.7362,20.1349,19.3891,19.9801,3226893.0
2020-05-27,20.6836,22.3627,20.4116,22.1,5626848.0
2020-05-28,22.1282,22.5128,20.1771,20.421,3520313.0
2020-05-29,19.8581,20.3928,19.4644,20.1489,3838374.0
2020-05-30,19.8581,20.3928,19.4644,20.1489,3838374.0
2020-05-31,19.8581,20.3928,19.4644,20.1489,3838374.0
2020-06-01,20.2427,20.5898,19.3985,19.4923,2751159.0
2020-06-02,19.83,19.9895,18.8451,19.6518,3922823.0
2020-06-03,21.359,23.8917,21.3496,22.8598,12285246.0
2020-06-04,23.0568,25.5145,22.6816,24.5952,9108286.0
2020-06-05,27.2029,27.5312,25.5708,26.4525,6835360.0
2020-06-06,27.2029,27.5312,25.5708,26.4525,6835360.0
2020-06-07,27.2029,27.5312,25.5708,26.4525,6835360.0
2020-06-08,27.7751,28.5256,26.6777,27.9627,6005513.0
2020-06-09,26.687,26.7996,25.158,25.2284,4755351.0
2020-06-10,25.5239,25.5239,22.8692,23.4133,5170784.0
2020-06-11,21.1057,22.3533,20.6367,20.8243,5779366.0
2020-06-12,22.5128,22.7567,21.0494,22.7285,3454955.0
2020-06-13,22.5128,22.7567,21.0494,22.7285,3454955.0
2020-06-14,22.5128,22.7567,21.0494,22.7285,3454955.0
2020-06-15,21.6685,23.7322,21.5747,23.5727,3830443.0
2020-06-16,25.0924,25.1862,22.9818,23.3382,3591883.0
2020-06-17,23.2726,23.5727,22.4471,22.6441,2477025.0
2020-06-18,21.9969,23.3289,21.9031,23.0099,2027897.0
2020-06-19,23.357,23.4414,21.4153,21.4997,10184292.0
2020-06-20,23.357,23.4414,21.4153,21.4997,10184292.0
2020-06-21,23.357,23.4414,21.4153,21.4997,10184292.0
2020-06-22,21.3871,21.4622,20.768,21.1432,2301304.0
2020-06-23,21.2933,22.9724,21.162,22.7754,4327124.0
2020-06-24,21.578,21.7764,20.0176,20.9087,5236127.0
2020-06-25,20.7868,21.4622,19.9332,20.6086,2966870.0
2020-06-26,20.3675,20.9087,18.5542,18.892,5726444.0
2020-06-27,20.3675,20.9087,18.5542,18.892,5726444.0
2020-06-28,20.3675,20.9087,18.5542,18.892,5726444.0
2020-06-29,19.2953,21.4527,19.1452,21.3309,4488866.0
2020-06-30,21.2839,21.7436,20.7774,21.4997,3055248.0
2020-07-01,21.6216,22.1751,20.2803,20.4022,4017115.0
2020-07-02,21.0682,21.1151,19.9988,20.224,2329025.0
2020-07-03,21.0682,21.1151,19.9988,20.224,2329025.0
2020-07-04,21.0682,21.1151,19.9988,20.224,2329025.0
2020-07-05,21.0682,21.1151,19.9988,20.224,2329025.0
2020-07-06,20.89,21.0588,19.8112,20.6648,2991664.0
2020-07-07,20.0739,20.2897,19.6331,19.8019,2339096.0
2020-07-08,19.6738,20.1208,19.3421,20.1208,1610504.0
2020-07-09,19.9144,20.2733,19.089,19.633,2147956.0
2020-07-10,19.5486,20.3741,19.1172,20.3459,2506236.0
2020-07-11,19.5486,20.3741,19.1172,20.3459,2506236.0
2020-07-12,19.5486,20.3741,19.1172,20.3459,2506236.0
2020-07-13,20.5523,20.8712,19.5955,19.7174,2592235.0
2020-07-14,19.6893,19.8769,18.9952,19.2953,1961965.0
2020-07-15,20.3928,21.9593,20.3365,21.828,4021184.0
2020-07-16,21.1995,21.6779,20.7399,21.237,1696939.0
2020-07-17,20.8806,21.6216,20.8806,21.1808,1704058.0
2020-07-18,20.8806,21.6216,20.8806,21.1808,1704058.0
2020-07-19,20.8806,21.6216,20.8806,21.1808,1704058.0
2020-07-20,20.9932,21.3402,20.0551,20.6179,1704428.0
2020-07-21,20.7962,21.4153,20.6555,21.1948,1469931.0
2020-07-22,20.7305,22.4706,20.7305,22.1376,2447326.0
2020-07-23,21.9687,22.6066,21.4997,22.5081,2237545.0
2020-07-24,22.8548,23.4508,22.2783,23.2726,2322193.0
2020-07-25,22.8548,23.4508,22.2783,23.2726,2322193.0
2020-07-26,22.8548,23.4508,22.2783,23.2726,2322193.0
2020-07-27,23.1506,23.5165,22.7567,23.1788,2028085.0
2020-07-28,23.0474,24.0418,23.0005,23.751,2136208.0
2020-07-29,24.0136,25.5895,24.0136,24.9235,3650100.0
2020-07-30,23.4508,24.1074,22.8786,23.8635,3077210.0
2020-07-31,23.8917,24.1356,22.2032,22.5128,2115763.0
2020-08-01,23.8917,24.1356,22.2032,22.5128,2115763.0
2020-08-02,23.8917,24.1356,22.2032,22.5128,2115763.0
2020-08-03,21.9218,22.1094,21.3402,21.8092,1982956.0
2020-08-04,21.9593,22.9818,21.95,22.3158,1712366.0
2020-08-05,22.8411,23.1031,22.3908,22.6535,1346574.0
2020-08-06,22.6535,23.7416,22.3345,23.5165,1784765.0
2020-08-07,23.3382,24.2669,23.1131,24.2388,1363680.0
2020-08-08,23.3382,24.2669,23.1131,24.2388,1363680.0
2020-08-09,23.3382,24.2669,23.1131,24.2388,1363680.0
2020-08-10,24.7359,25.274,24.3701,24.7078,1107942.0
2020-08-11,25.6552,26.2649,25.1862,25.2987,2438679.0
2020-08-12,25.8053,25.9741,25.0079,25.477,1384957.0
2020-08-13,25.3925,25.8615,25.1486,25.3269,1019667.0
2020-08-14,25.0455,25.7115,24.6796,25.4957,972364.0
2020-08-15,25.0455,25.7115,24.6796,25.4957,972364.0
2020-08-16,25.0455,25.7115,24.6796,25.4957,972364.0
2020-08-17,25.4207,25.4957,24.2575,24.5952,1572159.0
2020-08-18,24.5952,24.5966,23.7604,24.417,1258501.0
2020-08-19,24.2575,24.5764,23.9198,23.9855,1025389.0
2020-08-20,23.6388,24.295,23.3195,24.1731,1568818.0
2020-08-21,24.098,24.6515,24.0324,24.4264,959173.0
2020-08-22,24.098,24.6515,24.0324,24.4264,959173.0
2020-08-23,24.098,24.6515,24.0324,24.4264,959173.0
2020-08-24,24.9235,25.5801,24.1918,25.5708,1449420.0
2020-08-25,25.6552,26.4525,25.0455,25.6364,1462446.0
2020-08-26,25.7021,25.946,25.1955,25.4113,1145280.0
2020-08-27,25.5614,26.8183,25.5614,26.6589,1686066.0
2020-08-28,27.0247,29.6135,26.9872,28.882,3150294.0
2020-08-29,27.0247,29.6135,26.9872,28.882,3150294.0
2020-08-30,27.0247,29.6135,26.9872,28.882,3150294.0
2020-08-31,28.7413,28.7882,27.5969,27.7001,1869500.0
2020-09-01,27.4093,28.8539,27.2311,28.8445,1354984.0
2020-09-02,28.8632,29.7638,28.7507,29.351,1328903.0
2020-09-03,29.5293,30.6127,28.8539,29.4636,1467816.0
2020-09-04,30.0733,30.3453,28.8163,29.2666,1176411.0
2020-09-05,30.0733,30.3453,28.8163,29.2666,1176411.0
2020-09-06,30.0733,30.3453,28.8163,29.2666,1176411.0
2020-09-07,30.0733,30.3453,28.8163,29.2666,1176411.0
2020-09-08,28.7976,29.6934,28.685,29.2009,1491472.0
2020-09-09,29.2197,29.4073,28.1663,29.1165,1453493.0
2020-09-10,29.2009,29.5902,27.7564,27.8127,1484653.0
2020-09-11,28.1316,28.1316,25.9553,26.4619,1831738.0
2020-09-12,28.1316,28.1316,25.9553,26.4619,1831738.0
2020-09-13,28.1316,28.1316,25.9553,26.4619,1831738.0
2020-09-14,26.7808,28.8539,26.7621,28.7694,1947382.0
2020-09-15,28.7694,29.1259,28.1503,29.079,1366038.0
2020-09-16,29.079,29.5386,28.807,29.079,1033137.0
2020-09-17,28.4318,28.6756,27.0716,27.4656,1526752.0
2020-09-18,27.7282,28.5443,27.2405,27.5031,1634668.0
2020-09-19,27.7282,28.5443,27.2405,27.5031,1634668.0
2020-09-20,27.7282,28.5443,27.2405,27.5031,1634668.0
2020-09-21,26.4337,26.6401,25.1017,26.1336,1244361.0
2020-09-22,26.1242,26.6636,25.5989,26.6307,1143051.0
2020-09-23,26.8465,27.353,26.1617,26.1805,1026961.0
2020-09-24,26.1336,27.2358,25.6552,26.5182,1457755.0
2020-09-25,26.4619,26.49,24.8297,25.1017,2608851.0
2020-09-26,26.4619,26.49,24.8297,25.1017,2608851.0
2020-09-27,26.4619,26.49,24.8297,25.1017,2608851.0
2020-09-28,25.4957,26.5557,24.9517,26.3681,2143953.0
2020-09-29,26.3681,26.3962,24.8766,25.3738,1467422.0
2020-09-30,25.6177,26.4994,25.6177,26.021,1624036.0
2020-10-01,26.2649,26.8652,25.8146,26.8277,1184406.0
2020-10-02,25.9178,27.6063,25.6364,27.475,1300479.0
2020-10-03,25.9178,27.6063,25.6364,27.475,1300479.0
2020-10-04,25.9178,27.6063,25.6364,27.475,1300479.0
2020-10-05,27.7658,28.0753,27.2311,27.6907,1143967.0
2020-10-06,27.6719,28.8257,27.3812,27.4281,1449536.0
2020-10-07,27.8689,28.2348,27.2217,27.944,1177670.0
2020-10-08,28.3661,29.3135,27.747,29.1916,1015506.0
2020-10-09,29.548,30.1108,29.5011,29.7075,1511526.0
2020-10-10,29.548,30.1108,29.5011,29.7075,1511526.0
2020-10-11,29.548,30.1108,29.5011,29.7075,1511526.0
2020-10-12,29.8763,29.8763,28.0941,28.338,1605818.0
2020-10-13,28.0622,28.141,27.3999,27.8971,1401442.0
2020-10-14,27.9534,28.3661,27.8689,28.2629,980577.0
2020-10-15,27.4843,29.2385,27.4374,28.9383,1697227.0
2020-10-16,29.154,29.2385,28.4318,28.5912,683753.0
2020-10-17,29.154,29.2385,28.4318,28.5912,683753.0
2020-10-18,29.154,29.2385,28.4318,28.5912,683753.0
2020-10-19,29.0509,31.4147,28.8679,30.2984,2801081.0
2020-10-20,30.6606,30.9457,30.0076,30.5236,1288335.0
2020-10-21,30.486,30.88,29.3698,29.8763,1473477.0
2020-10-22,29.8576,31.3912,29.8576,31.3209,937615.0
2020-10-23,31.607,31.7116,29.6793,30.6924,1431287.0
2020-10-24,31.607,31.7116,29.6793,30.6924,1431287.0
2020-10-25,31.607,31.7116,29.6793,30.6924,1431287.0
2020-10-26,30.1953,30.3453,28.1503,28.7413,1254231.0
2020-10-27,28.7413,29.5574,28.2348,28.5443,1163124.0
2020-10-28,27.4965,28.3098,27.156,27.2498,1085187.0
2020-10-29,27.2592,28.2629,26.7339,28.0847,1386273.0
2020-10-30,29.745,30.4767,27.3812,27.8783,2261254.0
2020-10-31,29.745,30.4767,27.3812,27.8783,2261254.0
2020-11-01,29.745,30.4767,27.3812,27.8783,2261254.0
2020-11-02,28.1503,28.3661,27.3436,28.0565,1249279.0
2020-11-03,28.3755,29.1259,28.1785,28.9383,707504.0
2020-11-04,28.6663,29.9138,28.4974,29.3885,649363.0
2020-11-05,29.8482,30.7206,29.4073,29.942,750823.0
2020-11-06,29.7731,30.3452,29.0509,29.1353,741378.0
2020-11-07,29.7731,30.3452,29.0509,29.1353,741378.0
2020-11-08,29.7731,30.3452,29.0509,29.1353,741378.0
2020-11-09,33.2251,37.0992,32.6435,34.6978,4391088.0
2020-11-10,35.2231,35.6077,33.7879,35.392,1333435.0
2020-11-11,35.27,35.6265,32.878,33.2157,1369780.0
2020-11-12,32.2964,32.9718,31.1229,31.668,1426527.0
2020-11-13,32.4559,32.9531,31.9588,32.9343,1184235.0
2020-11-14,32.4559,32.9531,31.9588,32.9343,1184235.0
2020-11-15,32.4559,32.9531,31.9588,32.9343,1184235.0
2020-11-16,35.1481,35.4107,33.9005,34.21,2068259.0
2020-11-17,33.6097,34.2945,33.1125,33.6754,783487.0
2020-11-18,33.9192,34.7967,33.5065,33.9099,949393.0
2020-11-19,33.6754,34.0787,33.136,33.8254,999504.0
2020-11-20,33.5065,33.6191,32.1651,32.6435,1564879.0
2020-11-21,33.5065,33.6191,32.1651,32.6435,1564879.0
2020-11-22,33.5065,33.6191,32.1651,32.6435,1564879.0
2020-11-23,33.2626,33.4408,32.2495,32.878,1307463.0
2020-11-24,33.5722,35.5889,33.3001,35.3263,1484557.0
2020-11-25,34.7822,35.542,34.3507,35.1105,850806.0
2020-11-26,34.7822,35.542,34.3507,35.1105,850806.0
2020-11-27,35.1574,35.3544,34.6697,34.9136,411749.0
2020-11-28,35.1574,35.3544,34.6697,34.9136,411749.0
2020-11-29,35.1574,35.3544,34.6697,34.9136,411749.0
2020-11-30,34.5668,35.8328,34.2194,35.1574,1701678.0
2020-12-01,35.664,36.6771,35.5561,36.3581,1369447.0
2020-12-02,35.936,36.4801,35.3966,36.3956,736295.0
2020-12-03,36.4144,37.4744,35.8141,36.9866,971128.0
2020-12-04,37.0523,37.7464,36.0298,36.2268,1025516.0
2020-12-05,37.0523,37.7464,36.0298,36.2268,1025516.0
2020-12-06,37.0523,37.7464,36.0298,36.2268,1025516.0
2020-12-07,35.7859,36.0546,33.9474,34.3789,1316213.0
2020-12-08,33.9755,35.3638,33.9273,35.1199,792808.0
2020-12-09,35.4389,36.0064,34.912,35.4951,739856.0
2020-12-10,34.7635,35.8188,34.5477,35.7484,509794.0
2020-12-11,35.27,35.7484,34.0599,34.8667,589686.0
2020-12-12,35.27,35.7484,34.0599,34.8667,589686.0
2020-12-13,35.27,35.7484,34.0599,34.8667,589686.0
2020-12-14,35.0167,35.2888,33.1829,33.197,1310984.0
2020-12-15,33.3658,35.073,33.2439,35.0543,1008861.0
2020-12-16,34.4352,35.739,34.3132,34.4914,921036.0
2020-12-17,35.0918,35.1387,34.3414,34.9417,807320.0
2020-12-18,34.7072,35.8234,34.4952,35.1293,1565647.0
2020-12-19,34.7072,35.8234,34.4952,35.1293,1565647.0
2020-12-20,34.7072,35.8234,34.4952,35.1293,1565647.0
2020-12-21,34.4164,35.2888,33.5628,35.0261,834138.0
2020-12-22,35.1199,35.195,34.4445,34.7353,583552.0
2020-12-23,35.0543,35.7203,34.7072,35.1668,613776.0
2020-12-24,35.0449,35.4858,34.4445,34.9042,372189.0
2020-12-25,35.0449,35.4858,34.4445,34.9042,372189.0
2020-12-26,35.0449,35.4858,34.4445,34.9042,372189.0
2020-12-27,35.0449,35.4858,34.4445,34.9042,372189.0
2020-12-28,35.2512,35.7296,34.801,35.0355,715325.0
2020-12-29,35.3826,35.3826,34.3414,34.6884,622786.0
2020-12-30,34.6884,35.27,33.8817,34.21,558546.0
2020-12-31,34.135,35.4435,33.6754,34.7635,900733.0
2021-01-01,34.135,35.4435,33.6754,34.7635,900733.0
2021-01-02,34.135,35.4435,33.6754,34.7635,900733.0
2021-01-03,34.135,35.4435,33.6754,34.7635,900733.0
2021-01-04,34.8854,35.1105,32.4934,33.2157,1719835.0
2021-01-05,32.8593,34.332,32.8406,33.2814,803545.0
2021-01-06,33.9099,35.7109,33.2532,35.0543,1129608.0
2021-01-07,34.1913,35.9923,34.1913,34.9229,978322.0
2021-01-08,35.0824,36.2831,34.8948,35.7672,994191.0
2021-01-09,35.0824,36.2831,34.8948,35.7672,994191.0
2021-01-10,35.0824,36.2831,34.8948,35.7672,994191.0
2021-01-11,35.2606,36.0486,35.0261,36.0204,559538.0
2021-01-12,36.1987,37.1742,36.1049,37.1086,642218.0
2021-01-13,37.071,38.5437,36.8365,37.8871,926283.0
2021-01-14,38.1404,38.8345,37.4275,38.3186,767724.0
2021-01-15,38.1779,39.585,37.6239,38.6657,1214229.0
2021-01-16,38.1779,39.585,37.6239,38.6657,1214229.0
2021-01-17,38.1779,39.585,37.6239,38.6657,1214229.0
2021-01-18,38.1779,39.585,37.6239,38.6657,1214229.0
2021-01-19,38.8721,39.6225,38.1216,39.1535,728386.0
2021-01-20,39.3129,41.1421,39.2097,40.7481,1433002.0
2021-01-21,40.8513,40.992,39.8851,40.3166,1091322.0
2021-01-22,39.7913,39.9602,38.9377,39.735,839810.0
2021-01-23,39.7913,39.9602,38.9377,39.735,839810.0
2021-01-24,39.7913,39.9602,38.9377,39.735,839810.0
2021-01-25,40.3541,44.641,40.1126,42.2021,1801260.0
2021-01-26,42.3803,43.853,41.658,43.0651,1676584.0
2021-01-27,42.2677,53.6554,42.2114,46.8172,5267153.0
2021-01-28,44.6597,47.4457,41.9019,42.2161,2921371.0
2021-01-29,42.9713,46.0152,41.4141,42.1833,2085424.0
2021-01-30,42.9713,46.0152,41.4141,42.1833,2085424.0
2021-01-31,42.9713,46.0152,41.4141,42.1833,2085424.0
2021-02-01,43.0182,43.0182,41.4047,42.1739,890515.0
2021-02-02,42.3498,42.6052,40.0634,40.6918,1548176.0
2021-02-03,40.7763,43.4403,40.3729,42.8868,834440.0
2021-02-04,43.1495,43.7123,42.8118,43.262,523281.0
2021-02-05,43.7873,44.8848,43.6091,44.444,522656.0
2021-02-06,43.7873,44.8848,43.6091,44.444,522656.0
2021-02-07,43.7873,44.8848,43.6091,44.444,522656.0
2021-02-08,44.9317,45.8792,44.0875,45.7384,593344.0
2021-02-09,45.7291,47.2487,44.9036,46.9204,647078.0
2021-02-10,47.1643,49.1529,46.9296,47.7083,1221971.0
2021-02-11,48.0236,48.4212,46.245,48.4118,1326381.0
2021-02-12,47.9897,48.0835,46.4373,46.911,555704.0
2021-02-13,47.9897,48.0835,46.4373,46.911,555704.0
2021-02-14,47.9897,48.0835,46.4373,46.911,555704.0
2021-02-15,47.9897,48.0835,46.4373,46.911,555704.0
2021-02-16,46.9016,47.305,46.3294,46.9485,717018.0
2021-02-17,46.7797,46.7797,44.1626,44.3971,1265297.0
2021-02-18,45.8998,48.4511,44.6034,48.0272,1945544.0
2021-02-19,48.0272,49.7157,47.849,49.4812,1133148.0
2021-02-20,48.0272,49.7157,47.849,49.4812,1133148.0
2021-02-21,48.0272,49.7157,47.849,49.4812,1133148.0
2021-02-22,48.9946,51.695,48.4212,50.635,1734576.0
2021-02-23,50.5412,51.2541,48.5338,50.4567,1368541.0
2021-02-24,50.982,52.9801,50.6537,52.0795,1106565.0
2021-02-25,51.7419,52.2484,49.0403,51.1509,1009835.0
2021-02-26,50.8132,52.239,48.7026,51.5449,862973.0
2021-02-27,50.8132,52.239,48.7026,51.5449,862973.0
2021-02-28,50.8132,52.239,48.7026,51.5449,862973.0
2021-03-01,52.3422,53.5616,51.967,52.0233,695845.0
2021-03-02,52.2484,53.2714,51.6293,52.9425,520961.0
2021-03-03,53.4678,56.0193,52.9988,54.509,1062434.0
2021-03-04,55.1563,55.9067,50.1847,52.2484,1201108.0
2021-03-05,53.1395,53.2521,49.1435,52.6424,967338.0
2021-03-06,53.1395,53.2521,49.1435,52.6424,967338.0
2021-03-07,53.1395,53.2521,49.1435,52.6424,967338.0
2021-03-08,53.4678,55.9818,52.7455,55.2876,806332.0
2021-03-09,55.3439,55.9161,53.5804,54.4809,689586.0
2021-03-10,55.1938,55.8317,54.1245,55.3533,587830.0
2021-03-11,55.2501,55.8867,53.612,54.0682,747764.0
2021-03-12,54.6779,58.1205,54.4059,57.9235,902648.0
2021-03-13,54.6779,58.1205,54.4059,57.9235,902648.0
2021-03-14,54.6779,58.1205,54.4059,57.9235,902648.0
2021-03-15,58.6176,59.2836,57.22,58.6082,738138.0
2021-03-16,58.233,58.4113,55.7379,56.357,508733.0
2021-03-17,56.3664,57.6561,55.9958,57.2481,420228.0
2021-03-18,56.9948,58.0736,55.888,56.1037,443486.0
2021-03-19,55.7848,57.492,54.7342,56.6009,649887.0
2021-03-20,55.7848,57.492,54.7342,56.6009,649887.0
2021-03-21,55.7848,57.492,54.7342,56.6009,649887.0
2021-03-22,56.5821,57.1637,54.5467,54.8843,646610.0
2021-03-23,53.6601,55.372,51.4417,51.5824,927622.0
2021-03-24,52.4548,54.1057,51.301,51.5167,828051.0
2021-03-25,51.2916,56.1318,50.6542,55.8598,963361.0
2021-03-26,56.7978,58.2799,55.5034,58.1674,828931.0
2021-03-27,56.7978,58.2799,55.5034,58.1674,828931.0
2021-03-28,56.7978,58.2799,55.5034,58.1674,828931.0
2021-03-29,57.8021,58.5144,54.5653,54.5747,600278.0
2021-03-30,54.7717,56.5633,54.6873,55.9349,387934.0
2021-03-31,55.9349,56.9948,54.7717,54.8843,502086.0
2021-04-01,55.3814,56.1834,54.4528,55.4189,597637.0
2021-04-02,55.3814,56.1834,54.4528,55.4189,597637.0
2021-04-03,55.3814,56.1834,54.4528,55.4189,597637.0
2021-04-04,55.3814,56.1834,54.4528,55.4189,597637.0
2021-04-05,55.8035,56.357,54.1995,54.9218,645649.0
2021-04-06,55.3251,56.4226,54.2745,54.4528,627192.0
2021-04-07,54.1901,56.6478,54.1807,55.888,414653.0
2021-04-08,55.5878,55.9677,54.4997,55.8598,432241.0
2021-04-09,56.0005,56.0005,54.2183,54.9781,462184.0
2021-04-10,56.0005,56.0005,54.2183,54.9781,462184.0
2021-04-11,56.0005,56.0005,54.2183,54.9781,462184.0
2021-04-12,55.3439,55.8411,54.6685,55.4565,404114.0
2021-04-13,55.1844,55.2782,53.5804,54.04,558976.0
2021-04-14,54.237,55.8799,54.0869,54.5935,532678.0
2021-04-15,55.4377,55.4377,54.0963,54.1151,378334.0
2021-04-16,54.6873,55.1375,53.768,54.2558,370269.0
2021-04-17,54.6873,55.1375,53.768,54.2558,370269.0
2021-04-18,54.6873,55.1375,53.768,54.2558,370269.0
2021-04-19,54.2839,54.9781,53.8243,54.5935,400791.0
2021-04-20,54.509,55.3439,51.5261,52.3516,771948.0
2021-04-21,51.967,54.0776,51.7325,54.04,452206.0
2021-04-22,54.3214,56.0099,53.8899,55.4002,894508.0
2021-04-23,55.888,55.888,54.0776,54.2745,683216.0
2021-04-24,55.888,55.888,54.0776,54.2745,683216.0
2021-04-25,55.888,55.888,54.0776,54.2745,683216.0
2021-04-26,54.6404,55.5221,53.7774,54.7154,640762.0
2021-04-27,54.5747,56.1694,54.1432,54.3777,528686.0
2021-04-28,54.8843,55.5221,53.3271,55.3627,683902.0
2021-04-29,58.4488,61.7319,56.6196,59.2836,1557406.0
2021-04-30,59.1396,60.1654,57.6515,58.7114,849004.0
2021-05-01,59.1396,60.1654,57.6515,58.7114,849004.0
2021-05-02,59.1396,60.1654,57.6515,58.7114,849004.0
2021-05-03,59.2836,59.4478,57.2481,58.0548,811347.0
2021-05-04,58.2518,58.8709,56.7675,58.355,776492.0
2021-05-05,58.3081,59.0866,56.3851,58.5895,745935.0
2021-05-06,58.8521,59.0022,56.7697,58.4019,684388.0
2021-05-07,57.7922,60.8195,57.7922,59.8277,794551.0
2021-05-08,57.7922,60.8195,57.7922,59.8277,794551.0
2021-05-09,57.7922,60.8195,57.7922,59.8277,794551.0
2021-05-10,59.7714,59.8183,57.7265,57.886,565493.0
2021-05-11,56.2819,57.7453,54.6873,57.5014,538812.0
2021-05-12,57.0324,57.3419,53.1583,53.7586,1306072.0
2021-05-13,53.8149,55.1469,52.1687,54.1245,932125.0
2021-05-14,54.8843,55.997,54.4246,55.6253,465610.0
2021-05-15,54.8843,55.997,54.4246,55.6253,465610.0
2021-05-16,54.8843,55.997,54.4246,55.6253,465610.0
2021-05-17,55.4189,55.7191,53.9768,55.2595,477326.0
2021-05-18,55.569,55.9958,54.4152,54.4997,445293.0
2021-05-19,53.4678,54.1901,52.4923,54.0307,594648.0
2021-05-20,53.768,54.0307,51.4511,52.5767,928314.0
2021-05-21,53.2333,54.0869,52.2859,52.3141,555184.0
2021-05-22,53.2333,54.0869,52.2859,52.3141,555184.0
2021-05-23,53.2333,54.0869,52.2859,52.3141,555184.0
2021-05-24,52.6424,53.5335,51.77,53.2239,613745.0
2021-05-25,53.5804,54.2839,51.967,52.3141,1149243.0
2021-05-26,52.6236,54.434,52.4266,54.3683,633280.0
2021-05-27,54.4997,55.3533,53.8055,55.0906,532047.0
2021-05-28,55.2032,55.7097,53.693,55.1751,630343.0
2021-05-29,55.2032,55.7097,53.693,55.1751,630343.0
2021-05-30,55.2032,55.7097,53.693,55.1751,630343.0
2021-05-31,55.2032,55.7097,53.693,55.1751,630343.0
2021-06-01,55.0906,55.3017,53.0868,53.6836,976443.0
2021-06-02,54.9405,55.5034,53.5616,54.556,2010988.0
2021-06-03,54.0494,54.0494,51.8357,53.0645,1083098.0
2021-06-04,52.9801,53.3271,51.7043,52.7268,563818.0
2021-06-05,52.9801,53.3271,51.7043,52.7268,563818.0
2021-06-06,52.9801,53.3271,51.7043,52.7268,563818.0
2021-06-07,52.8018,54.8045,52.7455,54.3027,606697.0
2021-06-08,54.5935,58.9459,54.5935,58.5989,1290922.0
2021-06-09,58.5989,59.3305,57.6702,57.7922,778723.0
2021-06-10,54.2089,55.0625,51.7888,53.3365,4798054.0
2021-06-11,54.1714,54.4997,52.5204,52.6048,4925907.0
2021-06-12,54.1714,54.4997,52.5204,52.6048,4925907.0
2021-06-13,54.1714,54.4997,52.5204,52.6048,4925907.0
2021-06-14,53.374,54.0776,52.0796,52.5486,1618144.0
2021-06-15,52.5298,52.8112,51.5261,52.164,1227258.0
2021-06-16,52.3516,52.7878,51.0196,52.5767,1714462.0
2021-06-17,52.5579,53.102,48.7777,50.7006,1616386.0
2021-06-18,49.847,49.847,48.3462,48.515,1358845.0
2021-06-19,49.847,49.847,48.3462,48.515,1358845.0
2021-06-20,49.847,49.847,48.3462,48.515,1358845.0
2021-06-21,48.834,49.8095,48.3649,49.6407,792397.0
2021-06-22,49.7063,50.2879,49.0216,50.0534,877312.0
2021-06-23,50.2785,51.0946,50.1284,50.5693,614476.0
2021-06-24,50.6913,51.4042,50.5224,50.907,867104.0
2021-06-25,51.0852,51.6199,50.6631,50.7757,3012607.0
2021-06-26,51.0852,51.6199,50.6631,50.7757,3012607.0
2021-06-27,51.0852,51.6199,50.6631,50.7757,3012607.0
2021-06-28,50.6256,50.8038,48.6463,50.1191,1056897.0
2021-06-29,50.0534,50.3536,49.1998,49.1998,657223.0
2021-06-30,48.9665,50.9633,48.9665,50.8226,957104.0
2021-07-01,51.3573,51.4417,50.1003,50.316,577639.0
2021-07-02,50.6725,50.6725,49.9033,50.0253,468114.0
2021-07-03,50.6725,50.6725,49.9033,50.0253,468114.0
2021-07-04,50.6725,50.6725,49.9033,50.0253,468114.0
2021-07-05,50.6725,50.6725,49.9033,50.0253,468114.0
2021-07-06,49.8845,49.8845,48.273,49.3405,1318881.0
2021-07-07,49.1154,49.2019,46.9042,47.3425,1230410.0
2021-07-08,46.4326,47.2299,45.8229,46.3857,1270478.0
2021-07-09,47.2768,48.7495,47.0024,48.4587,667612.0
2021-07-10,47.2768,48.7495,47.0024,48.4587,667612.0
2021-07-11,47.2768,48.7495,47.0024,48.4587,667612.0
2021-07-12,49.7345,50.6256,49.2748,50.4474,1275440.0
2021-07-13,49.8564,50.6256,49.0872,49.9033,784878.0
2021-07-14,50.1191,50.8413,49.0497,49.1998,791169.0
2021-07-15,48.8527,48.9653,47.1736,47.9897,713822.0
2021-07-16,48.4869,48.8527,46.4701,46.7609,660503.0
2021-07-17,48.4869,48.8527,46.4701,46.7609,660503.0
2021-07-18,48.4869,48.8527,46.4701,46.7609,660503.0
2021-07-19,45.1569,45.3445,43.6466,44.05,1322942.0
2021-07-20,44.3033,47.3143,44.1297,47.0142,1735371.0
2021-07-21,47.2581,49.2842,47.2581,48.5807,901778.0
2021-07-22,48.2618,48.9465,47.4832,48.7308,963409.0
2021-07-23,49.0309,49.5153,48.1229,48.5807,721963.0
2021-07-24,49.0309,49.5153,48.1229,48.5807,721963.0
2021-07-25,49.0309,49.5153,48.1229,48.5807,721963.0
2021-07-26,48.6088,51.1978,48.6088,51.1415,1862389.0
2021-07-27,50.7288,51.8826,50.1847,51.6011,1812232.0
2021-07-28,47.8396,48.1586,44.7863,44.791,6096770.0
2021-07-29,45.1287,45.9354,44.1438,44.7817,2226685.0
2021-07-30,44.3033,45.2413,42.3897,42.4553,2920094.0
2021-07-31,44.3033,45.2413,42.3897,42.4553,2920094.0
2021-08-01,44.3033,45.2413,42.3897,42.4553,2920094.0
2021-08-02,42.8962,43.5528,42.2771,42.3428,1521504.0
2021-08-03,42.2114,42.2583,39.6694,40.8607,2436920.0
2021-08-04,40.3823,40.6918,39.7538,40.3541,1337047.0
2021-08-05,40.4573,41.4516,40.2134,41.3954,1245264.0
2021-08-06,41.6392,42.1364,40.5136,40.9732,903520.0
2021-08-07,41.6392,42.1364,40.5136,40.9732,903520.0
2021-08-08,41.6392,42.1364,40.5136,40.9732,903520.0
2021-08-09,41.0014,41.0295,39.4724,39.8664,1040005.0
2021-08-10,39.735,41.0201,39.585,40.7012,909839.0
2021-08-11,40.7106,41.8456,39.9696,41.8269,869080.0
2021-08-12,41.6768,41.9113,40.9826,41.8175,639123.0
2021-08-13,41.9957,42.0801,41.1702,41.4141,536400.0
2021-08-14,41.9957,42.0801,41.1702,41.4141,536400.0
2021-08-15,41.9957,42.0801,41.1702,41.4141,536400.0
2021-08-16,41.1984,41.4423,40.4712,41.0858,554525.0
2021-08-17,40.7856,41.189,39.6506,39.932,754051.0
2021-08-18,39.8195,40.8513,38.9846,40.1947,731337.0
2021-08-19,39.8288,39.8664,38.1967,38.8721,1246705.0
2021-08-20,38.7407,40.1384,38.4406,39.66,779251.0
2021-08-21,38.7407,40.1384,38.4406,39.66,779251.0
2021-08-22,38.7407,40.1384,38.4406,39.66,779251.0
2021-08-23,40.2784,40.7481,39.5193,40.3166,542148.0
2021-08-24,40.4667,41.7331,40.4667,41.2734,679052.0
2021-08-25,40.8607,42.3146,40.8325,42.0051,1110458.0
2021-08-26,41.855,42.521,41.4516,42.1458,929368.0
2021-08-27,42.2021,43.8999,42.0801,43.7873,940215.0
2021-08-28,42.2021,43.8999,42.0801,43.7873,940215.0
2021-08-29,42.2021,43.8999,42.0801,43.7873,940215.0
2021-08-30,43.5435,43.8061,42.5022,42.9337,1131560.0
2021-08-31,43.1026,43.9562,42.7755,43.7592,1872684.0
2021-09-01,44.0875,44.1813,43.3558,43.9937,801009.0
2021-09-02,44.0875,44.7441,43.7404,43.778,618793.0
2021-09-03,43.6373,43.8999,42.6242,42.6992,756474.0
2021-09-04,43.6373,43.8999,42.6242,42.6992,756474.0
2021-09-05,43.6373,43.8999,42.6242,42.6992,756474.0
2021-09-06,43.6373,43.8999,42.6242,42.6992,756474.0
2021-09-07,42.9994,43.1213,42.1739,42.2302,609355.0
2021-09-08,42.1458,42.793,41.6241,41.7706,456885.0
2021-09-09,41.4704,42.5398,41.2265,42.0801,529321.0
2021-09-10,42.2771,42.596,41.658,41.6674,580522.0
2021-09-11,42.2771,42.596,41.658,41.6674,580522.0
2021-09-12,42.2771,42.596,41.658,41.6674,580522.0
2021-09-13,42.0051,42.99,41.2987,42.9431,852955.0
2021-09-14,43.0557,43.2386,41.583,42.1083,827903.0
2021-09-15,41.9394,42.0614,41.1984,41.6205,797339.0
2021-09-16,41.8738,42.8868,41.8738,42.249,654480.0
2021-09-17,42.5679,43.1401,41.8925,42.2208,1365678.0
2021-09-18,42.5679,43.1401,41.8925,42.2208,1365678.0
2021-09-19,42.5679,43.1401,41.8925,42.2208,1365678.0
2021-09-20,41.0577,41.658,40.6262,41.2734,718133.0
2021-09-21,40.9732,41.6017,39.9883,40.6074,741957.0
2021-09-22,41.0858,42.1083,41.0858,41.386,681314.0
2021-09-23,42.2959,44.3689,42.1378,44.1719,1438352.0
2021-09-24,45.2601,46.5545,45.1381,46.4326,2608350.0
2021-09-25,45.2601,46.5545,45.1381,46.4326,2608350.0
2021-09-26,45.2601,46.5545,45.1381,46.4326,2608350.0
2021-09-27,46.919,48.0179,46.6399,46.7328,1201935.0
2021-09-28,46.245,47.1267,45.4383,45.6446,834172.0
2021-09-29,46.0292,46.3575,44.594,44.641,505294.0
2021-09-30,44.5659,44.6316,42.8305,44.0875,933093.0
2021-10-01,45.2601,46.9391,45.0255,46.3294,1181565.0
2021-10-02,45.2601,46.9391,45.0255,46.3294,1181565.0
2021-10-03,45.2601,46.9391,45.0255,46.3294,1181565.0
2021-10-04,46.0525,46.381,45.0771,45.4383,851604.0
2021-10-05,45.3351,45.5133,43.7029,43.7404,1149395.0
2021-10-06,42.915,44.0781,41.991,43.9093,856123.0
2021-10-07,44.0969,44.5565,43.3277,43.6935,622016.0
2021-10-08,43.5622,43.6654,42.521,42.6336,561227.0
2021-10-09,43.5622,43.6654,42.521,42.6336,561227.0
2021-10-10,43.5622,43.6654,42.521,42.6336,561227.0
2021-10-11,42.8962,43.8155,42.324,42.4084,517910.0
2021-10-12,42.4084,43.112,41.461,42.6617,679725.0
2021-10-13,42.5867,42.5867,40.8982,41.2078,1094632.0
2021-10-14,41.3391,41.7424,40.8513,41.4985,977317.0
2021-10-15,42.2021,42.521,40.2041,40.3729,1045048.0
2021-10-16,42.2021,42.521,40.2041,40.3729,1045048.0
2021-10-17,42.2021,42.521,40.2041,40.3729,1045048.0
2021-10-18,39.9883,40.7012,39.4161,40.401,815773.0
2021-10-19,40.2791,40.5324,39.7585,39.9789,686085.0
2021-10-20,38.4406,40.795,38.0466,38.919,2121676.0
2021-10-21,38.6,39.3692,38.1779,38.7407,1086047.0
2021-10-22,38.5531,39.8804,38.1779,39.7257,1059604.0
2021-10-23,38.5531,39.8804,38.1779,39.7257,1059604.0
2021-10-24,38.5531,39.8804,38.1779,39.7257,1059604.0
2021-10-25,39.7538,39.8381,38.8908,39.3129,910229.0
2021-10-26,39.3223,39.8664,38.8439,39.2848,695034.0
2021-10-27,39.2754,39.4536,38.5391,38.5531,681197.0
2021-10-28,38.6563,38.8767,38.3974,38.6282,798941.0
2021-10-29,38.4499,39.3598,37.8684,38.1216,976420.0
2021-10-30,38.4499,39.3598,37.8684,38.1216,976420.0
2021-10-31,38.4499,39.3598,37.8684,38.1216,976420.0
2021-11-01,38.4875,40.0695,38.1685,39.8288,988908.0
2021-11-02,39.5756,39.8195,37.7839,38.5813,1593924.0
2021-11-03,38.6563,40.7106,38.5531,40.0071,1697986.0
2021-11-04,40.9732,41.4047,40.0259,40.795,1878855.0
2021-11-05,42.1364,43.9468,42.0707,43.7123,2204836.0
2021-11-06,42.1364,43.9468,42.0707,43.7123,2204836.0
2021-11-07,42.1364,43.9468,42.0707,43.7123,2204836.0
2021-11-08,43.6842,44.247,42.1176,42.3053,1209296.0
2021-11-09,42.5773,42.6054,41.4423,42.5679,812221.0
2021-11-10,42.2208,42.5867,41.4798,42.3053,858790.0
2021-11-11,42.2114,42.8212,41.5738,41.6955,488138.0
2021-11-12,41.5079,41.8456,40.9451,41.5454,622226.0
2021-11-13,41.5079,41.8456,40.9451,41.5454,622226.0
2021-11-14,41.5079,41.8456,40.9451,41.5454,622226.0
2021-11-15,42.1927,42.5773,41.7518,41.9488,770504.0
2021-11-16,41.6674,42.0614,41.067,41.0952,685310.0
2021-11-17,40.8794,41.6486,40.4151,40.9732,629718.0
2021-11-18,40.8232,40.8654,38.9565,39.4818,691388.0
2021-11-19,39.0034,39.0597,38.2201,38.9283,856207.0
2021-11-20,39.0034,39.0597,38.2201,38.9283,856207.0
2021-11-21,39.0034,39.0597,38.2201,38.9283,856207.0
2021-11-22,39.055,39.9959,38.6268,39.5381,823541.0
2021-11-23,39.8664,39.8664,38.4968,39.069,853476.0
2021-11-24,38.5062,39.3692,37.9715,39.0972,495307.0
2021-11-25,38.5062,39.3692,37.9715,39.0972,495307.0
2021-11-26,36.5364,37.6808,35.8422,37.5213,915338.0
2021-11-27,36.5364,37.6808,35.8422,37.5213,915338.0
2021-11-28,36.5364,37.6808,35.8422,37.5213,915338.0
2021-11-29,38.3655,38.3749,36.1424,36.6677,1008134.0
2021-11-30,36.2268,36.724,34.9886,35.9454,1564628.0
2021-12-01,36.9397,37.8871,34.4079,34.5571,1008382.0
2021-12-02,34.8479,37.0435,34.8479,36.6677,1454572.0
2021-12-03,36.6302,37.0617,35.7062,36.7709,1165028.0
2021-12-04,36.6302,37.0617,35.7062,36.7709,1165028.0
2021-12-05,36.6302,37.0617,35.7062,36.7709,1165028.0
2021-12-06,37.1132,38.8674,36.9866,38.6844,997949.0
2021-12-07,39.3035,39.6412,37.7183,38.0372,646268.0
2021-12-08,38.4406,39.9508,38.0841,39.0597,738353.0
2021-12-09,38.6282,39.3786,38.3468,38.5062,475971.0
2021-12-10,38.6375,39.2004,37.723,38.8721,595178.0
2021-12-11,38.6375,39.2004,37.723,38.8721,595178.0
2021-12-12,38.6375,39.2004,37.723,38.8721,595178.0
2021-12-13,39.0597,39.0597,37.6359,38.1591,739761.0
2021-12-14,37.8308,38.8158,37.6151,38.1967,718708.0
2021-12-15,37.7558,37.9762,35.8047,36.9678,1053908.0
2021-12-16,37.1179,37.4556,34.9042,35.0918,1108720.0
2021-12-17,35.0918,36.2831,34.1631,35.9454,1620277.0
2021-12-18,35.0918,36.2831,34.1631,35.9454,1620277.0
2021-12-19,35.0918,36.2831,34.1631,35.9454,1620277.0
2021-12-20,35.0167,35.5233,34.2007,35.1105,808497.0
2021-12-21,35.1762,37.3337,35.1762,37.0992,924656.0
2021-12-22,37.3055,38.3092,36.7146,37.8308,871290.0
2021-12-23,38.2436,38.8345,37.1179,37.7652,957373.0
2021-12-24,38.2436,38.8345,37.1179,37.7652,957373.0
2021-12-25,38.2436,38.8345,37.1179,37.7652,957373.0
2021-12-26,38.2436,38.8345,37.1179,37.7652,957373.0
2021-12-27,37.7464,38.3655,36.8928,37.8496,451817.0
2021-12-28,37.5869,38.3468,37.1648,37.2024,404033.0
2021-12-29,36.9491,37.3431,36.6208,36.799,482411.0
2021-12-30,36.8928,37.7183,36.7973,37.2868,546938.0
2021-12-31,37.3243,37.8965,36.6208,36.724,533328.0
2022-01-01,37.3243,37.8965,36.6208,36.724,533328.0
2022-01-02,37.3243,37.8965,36.6208,36.724,533328.0
2022-01-03,36.1705,37.268,36.1705,36.405,1016942.0
2022-01-04,36.9866,37.7652,36.4707,37.6057,721085.0
2022-01-05,38.5531,39.5099,37.5119,37.6714,1113980.0
2022-01-06,37.7464,38.5907,36.5833,36.6395,724813.0
2022-01-07,36.4895,37.465,35.9735,36.5176,823934.0
2022-01-08,36.4895,37.465,35.9735,36.5176,823934.0
2022-01-09,36.4895,37.465,35.9735,36.5176,823934.0
2022-01-10,36.3206,36.3347,34.848,36.1893,1211462.0
2022-01-11,35.9642,36.1049,35.5608,35.6921,617230.0
2022-01-12,35.7109,35.8797,34.7072,34.726,825740.0
2022-01-13,35.073,36.4801,34.9418,35.8985,703014.0
2022-01-14,35.3638,35.6546,34.1538,35.1856,999336.0
2022-01-15,35.3638,35.6546,34.1538,35.1856,999336.0
2022-01-16,35.3638,35.6546,34.1538,35.1856,999336.0
2022-01-17,35.3638,35.6546,34.1538,35.1856,999336.0
2022-01-18,34.7072,34.8948,33.6847,33.863,1042843.0
2022-01-19,34.2663,35.2606,34.1103,34.2757,771300.0
2022-01-20,34.6181,35.1762,33.6331,33.6941,591964.0
2022-01-21,33.4408,34.3507,33.2063,33.3189,933931.0
2022-01-22,33.4408,34.3507,33.2063,33.3189,933931.0
2022-01-23,33.4408,34.3507,33.2063,33.3189,933931.0
2022-01-24,32.6998,34.6603,31.6492,34.5665,1438103.0
2022-01-25,33.741,36.0204,33.5816,35.5327,960099.0
2022-01-26,35.8141,36.0204,33.8536,34.0506,804235.0
2022-01-27,34.0506,34.5477,32.4653,32.8311,889769.0
2022-01-28,32.8124,32.9765,31.3443,32.7748,1263112.0
2022-01-29,32.8124,32.9765,31.3443,32.7748,1263112.0
2022-01-30,32.8124,32.9765,31.3443,32.7748,1263112.0
2022-01-31,32.5966,33.7685,32.2782,33.469,1129469.0
2022-02-01,33.8254,34.8667,33.4877,34.5571,1108342.0
2022-02-02,34.9417,35.7109,34.3789,34.5102,1181184.0
2022-02-03,34.135,35.2231,33.8067,33.9192,688039.0
2022-02-04,33.7223,34.3601,32.864,34.2194,668553.0
2022-02-05,33.7223,34.3601,32.864,34.2194,668553.0
2022-02-06,33.7223,34.3601,32.864,34.2194,668553.0
2022-02-07,34.4352,36.0673,34.1538,35.6921,805827.0
2022-02-08,35.739,36.7427,35.4295,36.6583,662264.0
2022-02-09,36.8459,37.6761,36.6583,37.4744,641030.0
2022-02-10,36.8365,38.8533,36.8365,37.2774,907556.0
2022-02-11,37.2399,38.206,36.8647,37.2211,708318.0
2022-02-12,37.2399,38.206,36.8647,37.2211,708318.0
2022-02-13,37.2399,38.206,36.8647,37.2211,708318.0
2022-02-14,37.1273,38.5719,37.1273,38.1029,880946.0
2022-02-15,38.3468,39.3974,38.2248,38.9283,1624961.0
2022-02-16,38.5062,39.3598,38.2717,38.3374,1618966.0
2022-02-17,39.8664,41.8831,38.0278,38.4781,1758024.0
2022-02-18,38.6751,40.8888,38.6751,40.2885,1256764.0
2022-02-19,38.6751,40.8888,38.6751,40.2885,1256764.0
2022-02-20,38.6751,40.8888,38.6751,40.2885,1256764.0
2022-02-21,38.6751,40.8888,38.6751,40.2885,1256764.0
2022-02-22,39.5568,40.6684,39.2097,39.5662,948966.0
2022-02-23,39.7069,40.401,37.9715,38.0935,805101.0
2022-02-24,37.0335,39.5568,36.6803,39.4067,969283.0
2022-02-25,39.735,40.6074,38.9565,40.6074,763624.0
2022-02-26,39.735,40.6074,38.9565,40.6074,763624.0
2022-02-27,39.735,40.6074,38.9565,40.6074,763624.0
2022-02-28,40.0915,40.3776,39.5005,40.1384,775563.0
2022-03-01,39.7538,39.8664,37.7558,38.206,1060807.0
2022-03-02,38.328,38.7126,37.6151,38.3186,1162294.0
2022-03-03,38.2999,38.722,36.1705,36.4332,866609.0
2022-03-04,36.058,36.0767,34.1913,34.3414,1159762.0
2022-03-05,36.058,36.0767,34.1913,34.3414,1159762.0
2022-03-06,36.058,36.0767,34.1913,34.3414,1159762.0
2022-03-07,34.5102,34.5102,29.942,30.2515,1985349.0
2022-03-08,30.4485,32.9249,29.4824,31.3678,1342926.0
2022-03-09,32.2402,33.9661,32.2402,33.3377,1839142.0
2022-03-10,32.8124,33.9285,32.0713,32.8593,764495.0
2022-03-11,33.3377,33.7129,32.1182,32.1557,649813.0
2022-03-12,33.3377,33.7129,32.1182,32.1557,649813.0
2022-03-13,33.3377,33.7129,32.1182,32.1557,649813.0
2022-03-14,32.681,33.2485,31.9306,33.0563,795003.0
2022-03-15,33.544,34.407,32.9249,33.6378,918887.0
2022-03-16,34.332,35.6921,34.2898,35.6546,804483.0
2022-03-17,35.1012,36.0767,34.5665,35.8328,711709.0
2022-03-18,35.2794,36.4707,34.9511,35.7484,1227171.0
2022-03-19,35.2794,36.4707,34.9511,35.7484,1227171.0
2022-03-20,35.2794,36.4707,34.9511,35.7484,1227171.0
2022-03-21,36.0767,36.2041,34.801,35.0449,721027.0
2022-03-22,35.4389,36.405,35.3685,35.9079,658029.0
2022-03-23,35.7109,36.3065,35.3544,35.4201,718146.0
2022-03-24,35.6546,36.0392,35.0824,35.9735,428232.0
2022-03-25,36.0392,36.1142,34.9417,35.2231,610284.0
2022-03-26,36.0392,36.1142,34.9417,35.2231,610284.0
2022-03-27,36.0392,36.1142,34.9417,35.2231,610284.0
2022-03-28,35.3169,36.4707,35.2043,36.4238,946735.0
2022-03-29,37.1367,38.4593,37.0804,37.5213,1052170.0
2022-03-30,37.1836,37.4931,36.3206,36.405,677162.0
2022-03-31,36.5833,38.0746,36.058,37.3243,1249447.0
2022-04-01,37.8871,38.403,36.0955,36.527,893767.0
2022-04-02,37.8871,38.403,36.0955,36.527,893767.0
2022-04-03,37.8871,38.403,36.0955,36.527,893767.0
2022-04-04,36.3206,36.6208,35.4998,36.5082,742193.0
2022-04-05,36.3487,36.996,35.1246,35.9173,648671.0
2022-04-06,35.2419,35.2419,33.6566,34.2382,911400.0
2022-04-07,34.4727,34.4727,32.6998,33.1032,1529064.0
2022-04-08,33.1594,33.8536,32.4653,33.0469,881264.0
2022-04-09,33.1594,33.8536,32.4653,33.0469,881264.0
2022-04-10,33.1594,33.8536,32.4653,33.0469,881264.0
2022-04-11,33.0469,33.7973,32.7373,33.3283,1485430.0
2022-04-12,34.3414,35.5045,33.8723,34.3507,1626078.0
2022-04-13,34.6697,35.9642,34.4258,35.7015,1002540.0
2022-04-14,35.5233,35.8516,34.3883,34.4914,959149.0
2022-04-15,35.5233,35.8516,34.3883,34.4914,959149.0
2022-04-16,35.5233,35.8516,34.3883,34.4914,959149.0
2022-04-17,35.5233,35.8516,34.3883,34.4914,959149.0
2022-04-18,34.2476,34.7635,34.0037,34.4914,635634.0
2022-04-19,34.5665,35.9595,34.3695,35.2981,901570.0
2022-04-20,35.664,35.9923,35.1387,35.2043,641294.0
2022-04-21,36.0486,36.6677,35.5045,35.9173,1152661.0
2022-04-22,35.6921,36.0861,34.9182,35.3732,1130614.0
2022-04-23,35.6921,36.0861,34.9182,35.3732,1130614.0
2022-04-24,35.6921,36.0861,34.9182,35.3732,1130614.0
2022-04-25,35.1387,36.7427,34.8385,36.5176,971878.0
2022-04-26,36.0767,36.3159,34.6321,35.2231,1457128.0
2022-04-27,34.8667,35.6546,34.3038,34.5759,1233704.0
2022-04-28,35.0449,35.9782,33.9192,35.2794,1558563.0
2022-04-29,35.3732,36.5551,34.4539,34.6228,1060955.0
2022-04-30,35.3732,36.5551,34.4539,34.6228,1060955.0
2022-05-01,35.3732,36.5551,34.4539,34.6228,1060955.0
2022-05-02,34.801,36.9585,34.5665,36.9303,1065298.0
2022-05-03,36.996,36.996,34.6321,35.5702,1109109.0
2022-05-04,35.0918,35.3732,33.4784,34.6697,1404503.0
2022-05-05,34.5008,34.5008,33.0478,33.3377,825835.0
2022-05-06,33.3752,34.3976,32.6529,33.8067,1055769.0
2022-05-07,33.3752,34.3976,32.6529,33.8067,1055769.0
2022-05-08,33.3752,34.3976,32.6529,33.8067,1055769.0
2022-05-09,33.0375,33.4924,31.4241,31.4804,974409.0
2022-05-10,32.0477,32.9366,31.2534,32.4544,819357.0
2022-05-11,32.2652,32.8373,30.5914,30.7522,989835.0
2022-05-12,30.374,31.8444,30.1281,31.764,645385.0
2022-05-13,31.9721,32.861,31.6222,31.7262,919640.0
2022-05-14,31.9721,32.861,31.6222,31.7262,919640.0
2022-05-15,31.9721,32.861,31.6222,31.7262,919640.0
2022-05-16,31.5655,31.5655,29.7309,30.0241,1188896.0
2022-05-17,30.686,31.8397,30.374,31.4331,1178897.0
2022-05-18,31.1683,31.2061,29.4141,29.8538,991200.0
2022-05-19,29.4189,29.8255,28.4165,28.8326,1485624.0
2022-05-20,29.3054,29.3621,27.5749,27.8018,1400531.0
2022-05-21,29.3054,29.3621,27.5749,27.8018,1400531.0
2022-05-22,29.3054,29.3621,27.5749,27.8018,1400531.0
2022-05-23,27.9247,27.9247,26.6576,27.4992,1337211.0
2022-05-24,27.3101,27.3101,25.9294,26.459,935074.0
2022-05-25,26.8373,29.3243,26.4779,29.2297,1298429.0
2022-05-26,29.5607,31.4898,29.4094,31.3385,1605250.0
2022-05-27,31.6789,32.7853,31.6789,32.634,2094911.0
2022-05-28,31.6789,32.7853,31.6789,32.634,2094911.0
2022-05-29,31.6789,32.7853,31.6789,32.634,2094911.0
2022-05-30,31.6789,32.7853,31.6789,32.634,2094911.0
2022-05-31,32.199,32.3834,30.8657,30.8846,1070640.0
2022-06-01,31.0832,31.3763,29.277,29.7971,1234936.0
2022-06-02,29.816,30.923,29.816,30.8279,855031.0
2022-06-03,30.3929,30.7806,30.0335,30.2226,493530.0
2022-06-04,30.3929,30.7806,30.0335,30.2226,493530.0
2022-06-05,30.3929,30.7806,30.0335,30.2226,493530.0
2022-06-06,30.2605,30.3267,29.4567,29.9957,659024.0
2022-06-07,29.608,30.3267,29.2108,30.0713,707509.0
2022-06-08,29.7404,30.8089,29.7404,30.4118,841450.0
2022-06-09,29.9673,30.79,29.6458,30.3078,1246867.0
2022-06-10,29.6364,30.1659,28.738,28.8231,969627.0
2022-06-11,29.6364,30.1659,28.738,28.8231,969627.0
2022-06-12,29.6364,30.1659,28.738,28.8231,969627.0
2022-06-13,27.5796,27.9484,26.5819,27.0926,1047466.0
2022-06-14,27.0453,27.712,26.8704,27.0926,911070.0
2022-06-15,27.4046,28.3314,27.3479,27.5654,753772.0
2022-06-16,26.6198,26.6765,25.2675,25.4472,895190.0
2022-06-17,25.9247,26.8751,25.5417,26.5157,1205353.0
2022-06-18,25.9247,26.8751,25.5417,26.5157,1205353.0
2022-06-19,25.9247,26.8751,25.5417,26.5157,1205353.0
2022-06-20,25.9247,26.8751,25.5417,26.5157,1205353.0
2022-06-21,26.8089,27.3384,25.589,25.5985,890842.0
2022-06-22,25.2486,25.7876,24.7001,25.381,1427383.0
2022-06-23,25.6268,26.0429,25.1918,26.0335,944280.0
2022-06-24,26.0997,27.2912,25.8916,27.1966,1079813.0
2022-06-25,26.0997,27.2912,25.8916,27.1966,1079813.0
2022-06-26,26.0997,27.2912,25.8916,27.1966,1079813.0
2022-06-27,27.433,27.6694,26.667,26.9886,949401.0
2022-06-28,27.2817,27.7924,26.4495,26.459,750075.0
2022-06-29,26.4117,26.4117,25.3621,25.9673,933085.0
2022-06-30,25.6552,25.7592,24.7663,24.9838,1006788.0
2022-07-01,25.05,26.2699,24.7947,26.2037,932376.0
2022-07-02,25.05,26.2699,24.7947,26.2037,932376.0
2022-07-03,25.05,26.2699,24.7947,26.2037,932376.0
2022-07-04,25.05,26.2699,24.7947,26.2037,932376.0
2022-07-05,25.381,27.0831,24.842,27.0075,1336027.0
2022-07-06,27.0264,27.5843,25.7781,25.9956,949339.0
2022-07-07,26.6103,26.8655,26.0051,26.3172,653103.0
2022-07-08,26.0524,26.6481,25.5323,25.693,880106.0
2022-07-09,26.0524,26.6481,25.5323,25.693,880106.0
2022-07-10,26.0524,26.6481,25.5323,25.693,880106.0
2022-07-11,25.3053,25.7971,25.2391,25.3526,746504.0
2022-07-12,25.3148,26.0713,25.3053,25.6363,689106.0
2022-07-13,25.0878,25.5606,24.6339,25.4661,825981.0
2022-07-14,25.2108,25.5323,24.7758,25.3431,786994.0
2022-07-15,26.0335,26.4023,25.589,25.9294,853923.0
2022-07-16,26.0335,26.4023,25.589,25.9294,853923.0
2022-07-17,26.0335,26.4023,25.589,25.9294,853923.0
2022-07-18,25.9294,26.4306,25.4283,25.5985,1005077.0
2022-07-19,25.7781,27.0926,25.7781,26.9318,1112837.0
2022-07-20,26.8467,27.6694,26.7852,27.3668,677972.0
2022-07-21,26.9696,27.173,26.2982,27.0358,806450.0
2022-07-22,26.9507,27.8302,26.79,27.0169,949346.0
2022-07-23,26.9507,27.8302,26.79,27.0169,949346.0
2022-07-24,26.9507,27.8302,26.79,27.0169,949346.0
2022-07-25,27.0169,27.1966,26.1109,26.4968,864369.0
2022-07-26,26.1942,26.2131,25.3999,25.4093,1533295.0
2022-07-27,25.8632,26.8751,25.7971,26.6576,1266213.0
2022-07-28,26.4968,28.2841,26.2519,27.972,2338267.0
2022-07-29,27.8018,28.5583,27.3479,27.6411,1550923.0
2022-07-30,27.8018,28.5583,27.3479,27.6411,1550923.0
2022-07-31,27.8018,28.5583,27.3479,27.6411,1550923.0
2022-08-01,27.2628,27.8113,26.9602,27.2912,1482260.0
2022-08-02,27.0831,27.7829,26.7994,27.537,782645.0
2022-08-03,27.4992,29.4803,27.4992,29.3054,1368300.0
2022-08-04,29.069,29.1635,28.2463,28.3314,1048614.0
2022-08-05,27.9058,28.6151,27.7545,27.7924,912172.0
2022-08-06,27.9058,28.6151,27.7545,27.7924,912172.0
2022-08-07,27.9058,28.6151,27.7545,27.7924,912172.0
2022-08-08,28.1422,29.7309,28.1422,29.2959,1178905.0
2022-08-09,29.0002,29.1147,28.3277,28.5804,777199.0
2022-08-10,29.4867,31.013,29.3139,30.994,1998454.0
2022-08-11,31.2229,31.843,30.6791,30.8222,1207015.0
2022-08-12,31.137,32.1578,31.0703,32.1196,1133464.0
2022-08-13,31.137,32.1578,31.0703,32.1196,1133464.0
2022-08-14,31.137,32.1578,31.0703,32.1196,1133464.0
2022-08-15,31.6808,32.5584,31.614,31.6713,1188188.0
2022-08-16,31.7571,32.7397,31.3565,32.3295,754393.0
2022-08-17,31.8239,32.0719,31.5854,31.8525,746623.0
2022-08-18,31.738,32.3676,31.5091,32.3009,855597.0
2022-08-19,31.843,32.009,31.013,31.2706,906913.0
2022-08-20,31.843,32.009,31.013,31.2706,906913.0
2022-08-21,31.843,32.009,31.013,31.2706,906913.0
2022-08-22,30.5074,30.5074,29.5487,29.8778,1067538.0
2022-08-23,30.288,31.0035,30.2308,30.641,865353.0
2022-08-24,30.4788,32.2055,30.2785,32.0624,2327036.0
2022-08-25,32.1292,32.7397,31.8048,31.9193,1231222.0
2022-08-26,31.7285,32.091,30.1547,30.2689,794647.0
2022-08-27,31.7285,32.091,30.1547,30.2689,794647.0
2022-08-28,31.7285,32.091,30.1547,30.2689,794647.0
2022-08-29,30.0305,30.2403,29.4915,30.0591,778591.0
2022-08-30,30.3071,30.4502,29.086,29.1147,953424.0
2022-08-31,29.439,29.439,28.7999,29.2101,779121.0
2022-09-01,29.0383,29.6489,28.5328,29.6203,1014445.0
2022-09-02,29.916,30.04,29.1433,29.4772,986086.0
2022-09-03,29.916,30.04,29.1433,29.4772,986086.0
2022-09-04,29.916,30.04,29.1433,29.4772,986086.0
2022-09-05,29.916,30.04,29.1433,29.4772,986086.0
2022-09-06,29.4962,29.4962,27.9604,28.1226,925887.0
2022-09-07,28.1798,29.8397,28.1512,29.8397,742164.0
2022-09-08,29.4962,31.0416,29.2768,31.0416,872592.0
2022-09-09,31.4709,32.6157,31.3278,31.9479,1132111.0
2022-09-10,31.4709,32.6157,31.3278,31.9479,1132111.0
2022-09-11,31.4709,32.6157,31.3278,31.9479,1132111.0
2022-09-12,32.5489,32.7492,32.0481,32.6538,887304.0
2022-09-13,31.4232,31.9908,31.137,31.3851,832228.0
2022-09-14,31.49,31.7667,30.6887,31.2801,800564.0
2022-09-15,31.0893,32.6009,31.0893,31.5949,932150.0
2022-09-16,30.9558,31.2324,30.1926,31.118,1225757.0
2022-09-17,30.9558,31.2324,30.1926,31.118,1225757.0
2022-09-18,30.9558,31.2324,30.1926,31.118,1225757.0
2022-09-19,30.5074,31.7476,30.5074,31.0416,553803.0
2022-09-20,30.7364,30.8461,29.811,30.288,836436.0
2022-09-21,30.5361,31.0512,29.8874,29.916,632930.0
2022-09-22,29.7061,29.7061,27.2544,27.7982,1497278.0
2022-09-23,27.5406,28.0176,26.6201,27.1209,1374762.0
2022-09-24,27.5406,28.0176,26.6201,27.1209,1374762.0
2022-09-25,27.5406,28.0176,26.6201,27.1209,1374762.0
2022-09-26,27.3498,28.0844,26.9778,27.2449,987694.0
2022-09-27,27.8459,28.9491,27.5597,27.8364,1027677.0
2022-09-28,27.9413,29.0765,27.512,29.0479,1053489.0
2022-09-29,28.6663,28.8285,27.6837,28.5995,822382.0
2022-09-30,28.3706,28.943,27.8841,27.9318,845392.0
2022-10-01,28.3706,28.943,27.8841,27.9318,845392.0
2022-10-02,28.3706,28.943,27.8841,27.9318,845392.0
2022-10-03,28.237,28.4183,27.1686,27.76,861369.0
2022-10-04,28.4946,30.0018,28.4946,29.9732,1168995.0
2022-10-05,29.3913,30.4597,29.3388,30.164,881858.0
2022-10-06,30.1449,30.951,29.6489,29.7729,723569.0
2022-10-07,29.4676,29.6107,28.3562,29.4772,951090.0
2022-10-08,29.4676,29.6107,28.3562,29.4772,951090.0
2022-10-09,29.4676,29.6107,28.3562,29.4772,951090.0
2022-10-10,29.5439,29.811,28.838,28.9334,739202.0
2022-10-11,28.8189,29.4867,27.8554,29.2387,918080.0
2022-10-12,29.3532,30.9844,28.8666,30.8222,1288534.0
2022-10-13,30.1068,31.8811,29.8206,31.5759,937036.0
2022-10-14,32.0624,32.3199,30.5456,30.5838,550533.0
2022-10-15,32.0624,32.3199,30.5456,30.5838,550533.0
2022-10-16,32.0624,32.3199,30.5456,30.5838,550533.0
2022-10-17,31.1847,31.5854,30.5074,30.9653,720080.0
2022-10-18,31.614,31.9908,31.137,31.4995,563135.0
2022-10-19,31.3374,31.9288,31.118,31.3088,642985.0
2022-10-20,31.0893,31.9002,30.8604,31.0321,745023.0
2022-10-21,31.013,32.0528,30.7459,31.6713,759230.0
2022-10-22,31.013,32.0528,30.7459,31.6713,759230.0
2022-10-23,31.013,32.0528,30.7459,31.6713,759230.0
2022-10-24,31.6617,32.3772,30.703,30.8127,1077675.0
2022-10-25,30.5838,31.49,30.5361,31.3565,1138226.0
2022-10-26,31.4328,33.1594,31.4328,31.7094,853730.0
2022-10-27,32.0624,33.3121,31.843,33.0354,1258243.0
2022-10-28,33.0545,34.7525,32.6824,34.5427,1292442.0
2022-10-29,33.0545,34.7525,32.6824,34.5427,1292442.0
2022-10-30,33.0545,34.7525,32.6824,34.5427,1292442.0
2022-10-31,34.2279,34.7573,33.8844,34.1611,1452336.0
2022-11-01,34.3137,34.5837,32.4545,32.5584,1720898.0
2022-11-02,31.8143,32.7301,30.7173,30.8699,3947263.0
2022-11-03,30.641,32.3581,30.3453,31.7476,1163315.0
2022-11-04,32.4249,32.6252,31.4137,32.215,1072173.0
2022-11-05,32.4249,32.6252,31.4137,32.215,1072173.0
2022-11-06,32.4249,32.6252,31.4137,32.215,1072173.0
2022-11-07,32.5203,32.7683,31.2706,31.9574,974153.0
2022-11-08,32.1673,32.8351,31.8048,32.2627,865089.0
2022-11-09,31.6426,31.9193,31.3183,31.5282,1012281.0
2022-11-10,32.5394,34.6762,32.0433,34.6285,1422602.0
2022-11-11,34.7716,35.3821,34.1611,35.1436,1174686.0
2022-11-12,34.7716,35.3821,34.1611,35.1436,1174686.0
2022-11-13,34.7716,35.3821,34.1611,35.1436,1174686.0
2022-11-14,34.7785,35.6049,34.6391,35.0187,683068.0
2022-11-15,35.6145,35.9605,35.2301,35.3839,835497.0
2022-11-16,35.0379,35.874,34.7592,35.6049,832269.0
2022-11-17,35.0572,36.3353,34.9322,36.0182,1125099.0
2022-11-18,36.5948,36.835,34.8265,35.0956,1580633.0
2022-11-19,36.5948,36.835,34.8265,35.0956,1580633.0
2022-11-20,36.5948,36.835,34.8265,35.0956,1580633.0
2022-11-21,35.0475,35.1985,34.2571,34.3749,841114.0
2022-11-22,34.4998,35.0754,34.1154,35.0379,506203.0
2022-11-23,34.9803,35.5184,34.7496,35.0187,523631.0
2022-11-24,34.9803,35.5184,34.7496,35.0187,523631.0
2022-11-25,35.2301,35.6962,34.8842,35.4416,379903.0
2022-11-26,35.2301,35.6962,34.8842,35.4416,379903.0
2022-11-27,35.2301,35.6962,34.8842,35.4416,379903.0
2022-11-28,35.2782,35.6722,34.8433,34.9611,913949.0
2022-11-29,34.7977,34.8938,33.2985,33.6157,944569.0
2022-11-30,33.4811,33.7118,32.6427,33.6733,911032.0
2022-12-01,33.7502,34.125,33.164,33.2985,600452.0
2022-12-02,32.2318,32.3375,31.3765,31.9435,1318528.0
2022-12-03,32.2318,32.3375,31.3765,31.9435,1318528.0
2022-12-04,32.2318,32.3375,31.3765,31.9435,1318528.0
2022-12-05,31.6552,31.6648,30.6366,30.7711,1195976.0
2022-12-06,30.7135,30.9153,30.1272,30.5405,952150.0
2022-12-07,30.4924,30.9057,30.0215,30.281,583827.0
2022-12-08,30.6366,31.5591,30.3963,31.4054,894561.0
2022-12-09,31.4534,32.8565,31.3958,31.7417,1094395.0
2022-12-10,31.4534,32.8565,31.3958,31.7417,1094395.0
2022-12-11,31.4534,32.8565,31.3958,31.7417,1094395.0
2022-12-12,30.3723,32.3231,29.7909,32.3183,1570942.0
2022-12-13,33.9232,33.9232,31.9531,32.5393,1621915.0
2022-12-14,32.8661,33.5962,32.2895,33.0295,1139681.0
2022-12-15,32.6835,32.818,31.7898,32.2799,1027719.0
2022-12-16,31.8763,32.1733,30.7855,31.1747,1569662.0
2022-12-17,31.8763,32.1733,30.7855,31.1747,1569662.0
2022-12-18,31.8763,32.1733,30.7855,31.1747,1569662.0
2022-12-19,31.0018,31.0882,29.5218,29.5699,1406560.0
2022-12-20,29.4642,30.3435,29.32,29.5699,1062889.0
2022-12-21,29.935,30.2522,29.3777,30.0023,608570.0
2022-12-22,29.5891,30.627,29.4449,30.5405,714425.0
2022-12-23,30.7135,31.0018,30.2906,30.8096,676086.0
2022-12-24,30.7135,31.0018,30.2906,30.8096,676086.0
2022-12-25,30.7135,31.0018,30.2906,30.8096,676086.0
2022-12-26,30.7135,31.0018,30.2906,30.8096,676086.0
2022-12-27,30.9345,31.4342,30.2714,30.4155,739510.0
2022-12-28,30.2618,30.6942,29.7736,30.3098,774217.0
2022-12-29,30.5116,30.8384,30.3675,30.5501,496456.0
2022-12-30,30.3675,30.6077,30.1176,30.4732,549724.0
2022-12-31,30.3675,30.6077,30.1176,30.4732,549724.0
2023-01-01,30.3675,30.6077,30.1176,30.4732,549724.0
2023-01-02,30.3675,30.6077,30.1176,30.4732,549724.0
2023-01-03,31.0402,31.3186,30.651,31.0882,1454672.0
2023-01-04,31.2804,32.5586,30.8768,32.5297,1172481.0
2023-01-05,32.1357,32.9334,31.5591,32.6258,1331623.0
2023-01-06,33.0967,34.2115,32.7315,34.0385,1398699.0
2023-01-07,33.0967,34.2115,32.7315,34.0385,1398699.0
2023-01-08,33.0967,34.2115,32.7315,34.0385,1398699.0
2023-01-09,34.4517,36.3257,34.2836,36.095,1306280.0
2023-01-10,35.9028,37.0272,35.7299,37.0176,959244.0
2023-01-11,37.1329,38.1516,36.4794,36.8927,1220368.0
2023-01-12,37.1906,37.4693,36.1442,36.5755,1217699.0
2023-01-13,36.268,37.1041,36.1335,37.0176,774488.0
2023-01-14,36.268,37.1041,36.1335,37.0176,774488.0
2023-01-15,36.268,37.1041,36.1335,37.0176,774488.0
2023-01-16,36.268,37.1041,36.1335,37.0176,774488.0
2023-01-17,34.8746,37.008,34.8746,36.4026,1502865.0
2023-01-18,36.5179,36.7485,36.2104,36.3737,847611.0
2023-01-19,36.2007,36.3449,35.2301,35.9989,802641.0
2023-01-20,36.3257,37.5077,35.6914,37.4885,1081713.0
2023-01-21,36.3257,37.5077,35.6914,37.4885,1081713.0
2023-01-22,36.3257,37.5077,35.6914,37.4885,1081713.0
2023-01-23,37.6999,39.4441,37.4885,39.3336,1415565.0
2023-01-24,38.1131,38.4783,35.4992,36.1815,2716104.0
2023-01-25,34.471,36.7005,34.3652,36.489,1740310.0
2023-01-26,36.9407,37.3347,36.393,37.2867,640549.0
2023-01-27,37.3443,37.4645,36.9407,37.2194,558493.0
2023-01-28,37.3443,37.4645,36.9407,37.2194,558493.0
2023-01-29,37.3443,37.4645,36.9407,37.2194,558493.0
2023-01-30,37.0176,37.0849,36.3545,36.7966,454878.0
2023-01-31,36.5179,37.7383,36.4218,37.7191,758871.0
2023-02-01,37.7576,37.9546,35.8356,37.1329,1143551.0
2023-02-02,37.4404,39.6699,37.4404,38.757,1215598.0
2023-02-03,38.2957,38.6921,37.4939,37.9113,1070597.0
2023-02-04,38.2957,38.6921,37.4939,37.9113,1070597.0
2023-02-05,38.2957,38.6921,37.4939,37.9113,1070597.0
2023-02-06,37.5461,38.1323,37.3636,37.8056,883156.0
2023-02-07,37.7479,38.0747,36.9407,37.9401,640282.0
2023-02-08,37.8537,37.8777,36.4122,36.6716,850213.0
2023-02-09,37.0176,37.4404,36.441,36.4602,595460.0
2023-02-10,36.1815,36.3929,35.4704,36.268,612577.0
2023-02-11,36.1815,36.3929,35.4704,36.268,612577.0
2023-02-12,36.1815,36.3929,35.4704,36.268,612577.0
2023-02-13,36.2584,37.0945,35.9797,37.056,645496.0
2023-02-14,36.9215,37.1473,36.0758,37.0368,898590.0
2023-02-15,36.9503,37.5509,36.622,37.2098,818293.0
2023-02-16,36.9984,39.4777,36.8062,38.8435,1485075.0
2023-02-17,38.8435,38.8435,37.9113,38.536,1749901.0
2023-02-18,38.8435,38.8435,37.9113,38.536,1749901.0
2023-02-19,38.8435,38.8435,37.9113,38.536,1749901.0
2023-02-20,38.8435,38.8435,37.9113,38.536,1749901.0
2023-02-21,38.2381,39.0549,37.4116,38.2188,1456043.0
2023-02-22,38.3342,39.2183,38.142,39.0933,1561517.0
2023-02-23,38.6801,39.2567,36.4997,37.0945,1747624.0
2023-02-24,36.6524,37.8056,36.5179,36.8734,1286398.0
2023-02-25,36.6524,37.8056,36.5179,36.8734,1286398.0
2023-02-26,36.6524,37.8056,36.5179,36.8734,1286398.0
2023-02-27,37.1329,37.3059,36.0662,36.1719,683397.0
2023-02-28,36.2007,36.8446,35.9509,35.9797,788144.0
2023-03-01,35.8163,36.8446,35.5761,36.6909,673250.0
2023-03-02,36.7293,37.4308,36.3545,37.2002,580629.0
2023-03-03,37.4116,37.4116,35.9605,36.0758,1001561.0
2023-03-04,37.4116,37.4116,35.9605,36.0758,1001561.0
2023-03-05,37.4116,37.4116,35.9605,36.0758,1001561.0
2023-03-06,36.3737,36.3737,34.8457,35.4512,1371060.0
2023-03-07,35.4415,36.0901,35.0736,35.4415,889158.0
2023-03-08,35.6738,35.7706,35.0446,35.761,700059.0
2023-03-09,35.7997,36.032,34.8316,34.8703,969048.0
2023-03-10,34.7348,34.8315,33.5344,33.7183,889394.0
2023-03-11,34.7348,34.8315,33.5344,33.7183,889394.0
2023-03-12,34.7348,34.8315,33.5344,33.7183,889394.0
2023-03-13,33.0794,33.5634,32.2275,33.2536,1087133.0
2023-03-14,33.97,34.3379,32.7309,33.0987,871002.0
2023-03-15,32.5082,33.7086,32.3339,33.5537,874790.0
2023-03-16,33.0697,34.9187,32.818,34.8994,1059633.0
2023-03-17,34.638,34.7348,33.757,34.3088,1247585.0
2023-03-18,34.638,34.7348,33.757,34.3088,1247585.0
2023-03-19,34.638,34.7348,33.757,34.3088,1247585.0
2023-03-20,34.2895,34.5121,33.0503,33.273,974422.0
2023-03-21,33.757,34.2798,33.2294,33.3892,1102544.0
2023-03-22,33.3601,34.1927,33.2246,33.3988,821247.0
2023-03-23,33.4956,33.7619,32.1113,33.1181,1342339.0
2023-03-24,32.8083,33.1955,32.2662,32.7793,1280773.0
2023-03-25,32.8083,33.1955,32.2662,32.7793,1280773.0
2023-03-26,32.8083,33.1955,32.2662,32.7793,1280773.0
2023-03-27,33.2343,33.6312,32.9148,33.089,716968.0
2023-03-28,33.1084,33.6699,32.9438,33.4569,546189.0
2023-03-29,33.8345,33.9216,33.4279,33.9216,490884.0
2023-03-30,34.1636,34.3814,33.9022,34.0765,559163.0
2023-03-31,34.1636,34.396,33.7522,33.9313,705603.0
2023-04-01,34.1636,34.396,33.7522,33.9313,705603.0
2023-04-02,34.1636,34.396,33.7522,33.9313,705603.0
2023-04-03,33.9719,34.0959,33.2391,33.5537,944278.0
2023-04-04,33.8635,33.97,32.9254,33.3892,477963.0
2023-04-05,33.1084,33.2101,32.1694,32.6147,851755.0
2023-04-06,32.7599,32.8083,32.1887,32.4695,1269169.0
2023-04-07,32.7599,32.8083,32.1887,32.4695,1269169.0
2023-04-08,32.7599,32.8083,32.1887,32.4695,1269169.0
2023-04-09,32.7599,32.8083,32.1887,32.4695,1269169.0
2023-04-10,32.6147,33.4279,32.4695,33.3214,2039378.0
2023-04-11,33.0794,34.0959,33.0794,33.5247,1213053.0
2023-04-12,33.7764,33.7764,31.9564,31.9951,1000682.0
2023-04-13,32.1887,32.3823,31.6107,31.7434,1144452.0
2023-04-14,31.8112,32.2081,31.2303,31.6272,1435069.0
2023-04-15,31.8112,32.2081,31.2303,31.6272,1435069.0
2023-04-16,31.8112,32.2081,31.2303,31.6272,1435069.0
2023-04-17,31.5401,32.0242,31.0125,31.695,1369041.0
2023-04-18,31.9564,32.2468,31.7047,31.8112,819216.0
2023-04-19,31.5595,32.1452,31.4917,31.8693,862878.0
2023-04-20,31.6853,32.058,31.5111,31.8209,628790.0
2023-04-21,31.8693,32.513,31.5788,32.1597,886636.0
2023-04-22,31.8693,32.513,31.5788,32.1597,886636.0
2023-04-23,31.8693,32.513,31.5788,32.1597,886636.0
2023-04-24,32.0435,32.2178,31.2013,31.5692,1231505.0
2023-04-25,31.3078,31.5788,30.6108,31.0173,993146.0
2023-04-26,30.9593,31.7003,30.9593,31.1335,796145.0
2023-04-27,31.5111,32.0677,31.2206,31.9661,702446.0
2023-04-28,32.121,32.7163,31.9806,32.6147,1088678.0
2023-04-29,32.121,32.7163,31.9806,32.6147,1088678.0
2023-04-30,32.121,32.7163,31.9806,32.6147,1088678.0
2023-05-01,32.576,33.1859,32.2662,32.3146,676488.0
2023-05-02,32.6825,32.6825,31.5982,32.1984,765809.0
2023-05-03,32.2565,32.5276,31.4239,31.5401,875929.0
2023-05-04,31.4917,31.9758,31.2497,31.666,771535.0
2023-05-05,32.0242,32.2952,31.2981,31.7434,1137966.0
2023-05-06,32.0242,32.2952,31.2981,31.7434,1137966.0
2023-05-07,32.0242,32.2952,31.2981,31.7434,1137966.0
2023-05-08,31.8693,32.3339,31.8693,32.2952,1536868.0
2023-05-09,32.3533,32.6631,31.8693,32.1984,1900921.0
2023-05-10,32.576,32.6147,31.1238,31.7047,1844043.0
2023-05-11,32.8664,33.9506,30.4268,30.7656,3019260.0
2023-05-12,30.8141,30.9012,29.9525,30.1848,1389948.0
2023-05-13,30.8141,30.9012,29.9525,30.1848,1389948.0
2023-05-14,30.8141,30.9012,29.9525,30.1848,1389948.0
2023-05-15,30.2235,30.6495,29.9234,30.4559,851665.0
2023-05-16,30.3591,30.9399,29.9718,30.8528,926922.0
2023-05-17,31.1432,32.9342,31.0464,32.7018,1593183.0
2023-05-18,32.7599,34.062,32.7115,33.9216,1438578.0
2023-05-19,34.3185,34.3185,33.0116,33.3988,938436.0
2023-05-20,34.3185,34.3185,33.0116,33.3988,938436.0
2023-05-21,34.3185,34.3185,33.0116,33.3988,938436.0
2023-05-22,33.3988,33.5537,31.9612,32.15,1401731.0
2023-05-23,32.355,33.2651,32.1988,32.2183,1017271.0
2023-05-24,32.15,32.7649,31.8279,32.6185,796308.0
2023-05-25,32.7356,32.7356,31.3789,31.7596,675927.0
2023-05-26,31.6815,32.1207,31.5839,31.8377,564129.0
2023-05-27,31.6815,32.1207,31.5839,31.8377,564129.0
2023-05-28,31.6815,32.1207,31.5839,31.8377,564129.0
2023-05-29,31.6815,32.1207,31.5839,31.8377,564129.0
2023-05-30,31.867,32.1158,31.2569,31.3594,750442.0
2023-05-31,31.3009,31.3204,30.2077,30.5786,865698.0
2023-06-01,30.6762,31.0373,30.4029,30.7348,754243.0
2023-06-02,31.2033,32.394,31.0373,32.2086,839616.0
2023-06-03,31.2033,32.394,31.0373,32.2086,839616.0
2023-06-04,31.2033,32.394,31.0373,32.2086,839616.0
2023-06-05,32.111,32.111,31.5449,31.6718,500777.0
2023-06-06,31.457,32.1988,31.1252,32.0231,558130.0
2023-06-07,32.4135,33.5164,32.2086,33.3017,1321491.0
2023-06-08,33.1358,33.2529,32.3745,32.7649,856006.0
2023-06-09,32.7161,32.882,31.945,32.0426,612626.0
2023-06-10,32.7161,32.882,31.945,32.0426,612626.0
2023-06-11,32.7161,32.882,31.945,32.0426,612626.0
2023-06-12,32.2378,32.9406,31.9938,32.6575,1073927.0
2023-06-13,32.6575,33.4969,32.5258,33.4969,878849.0
2023-06-14,33.6335,33.6921,32.8332,33.2041,1214192.0
2023-06-15,33.2724,33.7409,33.0284,33.1846,659362.0
2023-06-16,33.4676,33.5018,32.7356,32.9406,1290691.0
2023-06-17,33.4676,33.5018,32.7356,32.9406,1290691.0
2023-06-18,33.4676,33.5018,32.7356,32.9406,1290691.0
2023-06-19,33.4676,33.5018,32.7356,32.9406,1290691.0
2023-06-20,32.7063,33.2724,32.7063,33.1065,630411.0
2023-06-21,33.1651,33.6238,32.7356,33.0675,670337.0
2023-06-22,32.6966,32.6966,30.9495,31.8767,1198888.0
2023-06-23,31.7401,32.2476,31.3985,31.5742,774823.0
2023-06-24,31.7401,32.2476,31.3985,31.5742,774823.0
2023-06-25,31.7401,32.2476,31.3985,31.5742,774823.0
2023-06-26,31.2911,31.945,31.0861,31.6327,892252.0
2023-06-27,31.8865,32.9064,31.7596,32.843,595289.0
2023-06-28,32.7454,32.7942,31.9841,32.5404,585547.0
2023-06-29,32.5209,33.614,32.4867,33.5652,730834.0
2023-06-30,33.6238,34.1508,33.5457,33.7507,597845.0
2023-07-01,33.6238,34.1508,33.5457,33.7507,597845.0
2023-07-02,33.6238,34.1508,33.5457,33.7507,597845.0
2023-07-03,33.6726,34.7267,33.5652,34.5022,458220.0
2023-07-04,33.6726,34.7267,33.5652,34.5022,458220.0
2023-07-05,34.346,34.346,33.087,33.3017,1049286.0
2023-07-06,33.0577,33.2919,32.599,33.2334,519094.0
2023-07-07,33.3798,34.0044,33.2822,33.4969,481734.0
2023-07-08,33.3798,34.0044,33.2822,33.4969,481734.0
2023-07-09,33.3798,34.0044,33.2822,33.4969,481734.0
2023-07-10,33.6628,34.8438,33.6628,34.3265,613973.0
2023-07-11,34.5315,35.2049,34.4729,34.7072,664745.0
2023-07-12,35.2537,35.7417,34.7804,35.5758,624826.0
2023-07-13,35.8393,36.4347,35.6393,36.0346,674779.0
2023-07-14,35.9077,36.0736,34.7072,34.9707,746705.0
2023-07-15,35.9077,36.0736,34.7072,34.9707,746705.0
2023-07-16,35.9077,36.0736,34.7072,34.9707,746705.0
2023-07-17,34.9609,35.3318,34.4534,34.4632,773368.0
2023-07-18,34.1118,35.3318,33.5945,35.2049,1710547.0
2023-07-19,35.3513,36.5616,35.0878,36.3274,1373320.0
2023-07-20,36.5421,36.6494,36.0297,36.1517,727928.0
2023-07-21,36.4933,36.5518,35.8784,35.976,550698.0
2023-07-22,36.4933,36.5518,35.8784,35.976,550698.0
2023-07-23,36.4933,36.5518,35.8784,35.976,550698.0
2023-07-24,36.1614,36.6397,35.5075,36.0638,858531.0
2023-07-25,35.8491,35.9857,35.2537,35.7125,731066.0
2023-07-26,35.2928,36.5811,35.2928,36.5518,754467.0
2023-07-27,36.6494,36.8446,35.7027,35.9272,676634.0
2023-07-28,36.5128,36.6787,35.7417,36.1614,779234.0
2023-07-29,36.5128,36.6787,35.7417,36.1614,779234.0
2023-07-30,36.5128,36.6787,35.7417,36.1614,779234.0
2023-07-31,36.181,36.5323,35.7808,35.8979,969789.0
2023-08-01,35.8491,35.8491,34.795,35.1366,1042036.0
2023-08-02,34.6681,35.6978,34.1899,35.6344,1748822.0
2023-08-03,36.1126,37.2741,35.0097,35.244,2260673.0
2023-08-04,35.3904,36.0541,34.5217,35.4977,991666.0
2023-08-05,35.3904,36.0541,34.5217,35.4977,991666.0
2023-08-06,35.3904,36.0541,34.5217,35.4977,991666.0
2023-08-07,35.5758,35.8784,35.039,35.2635,905830.0
2023-08-08,35.0195,35.1171,34.5315,34.9902,876653.0
2023-08-09,34.9707,35.649,34.9024,35.4197,673919.0
2023-08-10,35.6637,36.1813,34.5608,34.5803,673342.0
2023-08-11,34.4534,34.5803,33.4188,33.8288,1119976.0
2023-08-12,34.4534,34.5803,33.4188,33.8288,1119976.0
2023-08-13,34.4534,34.5803,33.4188,33.8288,1119976.0
2023-08-14,33.6043,33.6726,33.0675,33.331,1240237.0
2023-08-15,33.1145,33.9114,33.0653,33.9016,1118671.0
2023-08-16,33.754,33.754,32.9768,32.9866,1110807.0
2023-08-17,33.1441,33.3145,31.7864,32.0029,1129537.0
2023-08-18,31.8061,32.5882,31.8061,31.9241,1260492.0
2023-08-19,31.8061,32.5882,31.8061,31.9241,1260492.0
2023-08-20,31.8061,32.5882,31.8061,31.9241,1260492.0
2023-08-21,31.9733,32.3864,31.1568,31.3535,1323684.0
2023-08-22,31.3437,31.8651,31.1273,31.7471,698841.0
2023-08-23,31.7077,32.0914,31.4322,31.9241,764122.0
2023-08-24,31.7864,32.2144,31.6487,31.6585,772074.0
2023-08-25,31.6782,31.875,30.9256,31.0978,755706.0
2023-08-26,31.6782,31.875,30.9256,31.0978,755706.0
2023-08-27,31.6782,31.875,30.9256,31.0978,755706.0
2023-08-28,31.1174,31.4421,30.901,31.0682,683294.0
2023-08-29,30.9207,32.0117,30.8912,31.8848,621080.0
2023-08-30,31.8553,32.1012,31.6093,31.8258,645191.0
2023-08-31,31.934,32.1209,31.2748,31.3339,502994.0
2023-09-01,31.5995,31.8159,31.2552,31.3339,425481.0
2023-09-02,31.5995,31.8159,31.2552,31.3339,425481.0
2023-09-03,31.5995,31.8159,31.2552,31.3339,425481.0
2023-09-04,31.5995,31.8159,31.2552,31.3339,425481.0
2023-09-05,31.1666,31.1666,29.8975,29.9664,1076455.0
2023-09-06,29.8877,30.2517,29.7155,29.8483,752404.0
2023-09-07,29.868,30.2222,29.6417,30.2123,533930.0
2023-09-08,30.2419,30.291,29.568,29.8188,820916.0
2023-09-09,30.2419,30.291,29.568,29.8188,820916.0
2023-09-10,30.2419,30.291,29.568,29.8188,820916.0
2023-09-11,29.9418,30.0647,28.9826,29.445,940640.0
2023-09-12,29.2679,29.927,28.9531,29.7204,753188.0
2023-09-13,29.7106,29.9566,29.3958,29.4253,741119.0
2023-09-14,29.7598,29.9172,29.0318,29.7991,1100912.0
2023-09-15,29.7598,30.0549,29.4401,29.9861,1841800.0
2023-09-16,29.7598,30.0549,29.4401,29.9861,1841800.0
2023-09-17,29.7598,30.0549,29.4401,29.9861,1841800.0
2023-09-18,30.0746,30.2066,28.9432,28.9432,846502.0
2023-09-19,28.8645,29.2089,28.7858,29.1105,773650.0
2023-09-20,29.2679,29.8385,29.0711,29.14,863595.0
2023-09-21,28.9236,29.1597,28.5989,28.6875,477570.0
2023-09-22,28.5891,28.6727,28.2841,28.4809,1163360.0
2023-09-23,28.5891,28.6727,28.2841,28.4809,1163360.0
2023-09-24,28.5891,28.6727,28.2841,28.4809,1163360.0
2023-09-25,28.2349,28.6284,28.1365,28.4612,853284.0
2023-09-26,28.2939,28.6875,28.2939,28.4612,778151.0
2023-09-27,28.6973,29.1302,28.5104,28.6579,707438.0
2023-09-28,28.6678,29.9516,28.6284,29.7401,918906.0
2023-09-29,30.0156,30.2517,29.6417,29.809,968494.0
2023-09-30,30.0156,30.2517,29.6417,29.809,968494.0
2023-10-01,30.0156,30.2517,29.6417,29.809,968494.0
2023-10-02,29.7893,30.0254,29.0121,29.1203,1139418.0
2023-10-03,29.0416,29.2777,28.1169,28.1267,803004.0
2023-10-04,28.3038,29.2384,28.2939,29.2285,842405.0
2023-10-05,29.0711,29.5926,28.9826,29.2187,699688.0
2023-10-06,29.022,29.1105,28.166,28.7563,965185.0
2023-10-07,29.022,29.1105,28.166,28.7563,965185.0
2023-10-08,29.022,29.1105,28.166,28.7563,965185.0
2023-10-09,28.3333,29.1941,28.3038,29.1007,800411.0
2023-10-10,29.2679,30.1927,29.2384,29.927,868621.0
2023-10-11,29.6417,30.2468,29.0717,29.8877,710858.0
2023-10-12,29.9172,30.2419,28.3185,28.5301,1147789.0
2023-10-13,28.4022,28.8449,28.2054,28.5202,729945.0
2023-10-14,28.4022,28.8449,28.2054,28.5202,729945.0
2023-10-15,28.4022,28.8449,28.2054,28.5202,729945.0
2023-10-16,28.8547,29.6713,28.717,29.5827,906157.0
2023-10-17,29.5827,30.9699,29.5827,30.8912,1155095.0
2023-10-18,30.291,30.7239,29.5532,30.4386,852695.0
2023-10-19,30.2222,31.4716,30.2222,30.5173,914672.0
2023-10-20,30.5468,30.7042,30.0845,30.3107,606406.0
2023-10-21,30.5468,30.7042,30.0845,30.3107,606406.0
2023-10-22,30.5468,30.7042,30.0845,30.3107,606406.0
2023-10-23,29.8877,30.5075,29.8582,29.9172,668989.0
2023-10-24,30.2714,30.4878,29.7204,29.868,695081.0
2023-10-25,29.6713,30.0156,29.4037,29.927,552770.0
2023-10-26,29.5138,29.927,29.1203,29.5827,827627.0
2023-10-27,29.6319,30.1927,29.2876,29.445,839985.0
2023-10-28,29.6319,30.1927,29.2876,29.445,839985.0
2023-10-29,29.6319,30.1927,29.2876,29.445,839985.0
2023-10-30,29.75,30.4386,29.1695,30.1041,1050031.0
2023-10-31,30.1927,30.7436,29.8828,30.5665,972847.0
2023-11-01,30.7633,30.7633,29.4843,30.3599,1912582.0
2023-11-02,29.2482,30.4976,28.7957,29.75,2124836.0
2023-11-03,30.232,31.4913,30.1828,30.5862,1136990.0
2023-11-04,30.232,31.4913,30.1828,30.5862,1136990.0
2023-11-05,30.232,31.4913,30.1828,30.5862,1136990.0
2023-11-06,30.6944,31.0633,30.1828,30.3107,1086020.0
2023-11-07,30.3501,30.5763,29.8533,30.2517,909526.0
2023-11-08,30.2222,30.4681,29.5532,29.868,625865.0
2023-11-09,30.0648,30.3796,29.8188,30.1533,768822.0
2023-11-10,30.173,30.3009,29.7746,30.2517,795337.0
2023-11-11,30.173,30.3009,29.7746,30.2517,795337.0
2023-11-12,30.173,30.3009,29.7746,30.2517,795337.0
2023-11-13,30.1828,30.9502,29.9664,30.8813,897739.0
2023-11-14,31.7248,32.7767,31.2683,32.3202,1130989.0
2023-11-15,32.3103,33.1934,32.3003,32.8362,875535.0
2023-11-16,32.5286,32.7767,31.7347,31.9133,760674.0
2023-11-17,32.35,32.7171,32.1118,32.3202,702569.0
2023-11-18,32.35,32.7171,32.1118,32.3202,702569.0
2023-11-19,32.35,32.7171,32.1118,32.3202,702569.0
2023-11-20,32.34,32.7072,32.1813,32.479,604389.0
2023-11-21,32.2805,32.4591,31.8736,31.953,661105.0
2023-11-22,32.2904,32.9057,31.9828,32.3897,600670.0
2023-11-23,32.2904,32.9057,31.9828,32.3897,600670.0
2023-11-24,32.3301,32.4393,31.9629,32.2606,284524.0
2023-11-25,32.3301,32.4393,31.9629,32.2606,284524.0
2023-11-26,32.3301,32.4393,31.9629,32.2606,284524.0
2023-11-27,32.1416,32.2606,31.7546,32.2309,734865.0
2023-11-28,32.2606,32.2805,31.7744,31.9828,548695.0
2023-11-29,32.211,32.4889,31.4261,31.6256,907304.0
2023-11-30,31.566,31.6256,30.9607,31.1095,889115.0
2023-12-01,31.0401,32.7965,30.7225,32.6377,1209032.0
2023-12-02,31.0401,32.7965,30.7225,32.6377,1209032.0
2023-12-03,31.0401,32.7965,30.7225,32.6377,1209032.0
2023-12-04,32.6179,33.7095,32.603,32.7568,972533.0
2023-12-05,32.6874,32.8957,31.9828,32.0026,672936.0
2023-12-06,32.3301,33.3324,32.3301,32.9553,712547.0
2023-12-07,33.0744,33.5606,32.7667,33.5507,604603.0
2023-12-08,33.4217,33.6499,32.9057,33.0148,661507.0
2023-12-09,33.4217,33.6499,32.9057,33.0148,661507.0
2023-12-10,33.4217,33.6499,32.9057,33.0148,661507.0
2023-12-11,33.0148,33.2431,32.6774,33.0942,745465.0
2023-12-12,33.0744,33.0744,32.4393,32.5683,768919.0
2023-12-13,32.6675,33.1835,32.0126,33.1736,848042.0
2023-12-14,33.6003,34.1858,33.3721,34.0965,1329423.0
2023-12-15,34.1659,34.2503,33.3125,33.8186,1821814.0
2023-12-16,34.1659,34.2503,33.3125,33.8186,1821814.0
2023-12-17,34.1659,34.2503,33.3125,33.8186,1821814.0
2023-12-18,33.8682,34.3942,33.2728,33.8682,590593.0
2023-12-19,34.285,34.9201,34.2652,34.9201,828305.0
2023-12-20,34.9102,35.6544,34.4239,34.4339,801232.0
2023-12-21,35.704,36.1407,34.7712,35.2277,853414.0
2023-12-22,35.2575,35.5254,34.9697,35.456,627387.0
2023-12-23,35.2575,35.5254,34.9697,35.456,627387.0
2023-12-24,35.2575,35.5254,34.9697,35.456,627387.0
2023-12-25,35.2575,35.5254,34.9697,35.456,627387.0
2023-12-26,35.5254,35.7735,35.2476,35.6445,951562.0
2023-12-27,35.714,35.9918,35.4642,35.8727,608808.0
2023-12-28,35.6147,35.9025,34.9995,35.0491,778727.0
2023-12-29,34.9697,35.2178,34.4636,34.7415,736051.0
2023-12-30,34.9697,35.2178,34.4636,34.7415,736051.0
2023-12-31,34.9697,35.2178,34.4636,34.7415,736051.0
2024-01-01,34.9697,35.2178,34.4636,34.7415,736051.0
2024-01-02,34.7415,35.1434,33.9575,34.0965,1096000.0
2024-01-03,34.0568,34.0568,32.8858,32.9354,871125.0
2024-01-04,32.9156,33.4614,32.3996,33.1736,749976.0
2024-01-05,32.8461,33.9625,32.8461,33.1736,1058901.0
2024-01-06,32.8461,33.9625,32.8461,33.1736,1058901.0
2024-01-07,32.8461,33.9625,32.8461,33.1736,1058901.0
2024-01-08,33.2232,34.2354,33.2232,34.1163,658868.0
2024-01-09,33.6499,34.0865,33.6301,33.8285,510843.0
2024-01-10,33.9476,34.1713,33.64,33.9675,553134.0
2024-01-11,33.9873,34.0468,32.6278,32.8263,698360.0
2024-01-12,32.9652,33.0545,32.0423,32.1416,1214161.0
2024-01-13,32.9652,33.0545,32.0423,32.1416,1214161.0
2024-01-14,32.9652,33.0545,32.0423,32.1416,1214161.0
2024-01-15,32.9652,33.0545,32.0423,32.1416,1214161.0
2024-01-16,31.7843,32.0324,31.1344,31.8637,1110983.0
2024-01-17,31.3179,31.9233,31.0004,31.8935,802773.0
2024-01-18,32.1416,32.4095,31.6256,32.4095,654577.0
2024-01-19,32.5583,32.5683,32.0524,32.4492,587512.0
2024-01-20,32.5583,32.5683,32.0524,32.4492,587512.0
2024-01-21,32.5583,32.5683,32.0524,32.4492,587512.0
2024-01-22,32.8759,33.898,32.5087,33.7988,1006191.0
2024-01-23,33.2034,33.9682,33.2034,33.4911,975339.0
2024-01-24,33.898,33.898,33.0049,33.1041,563651.0
2024-01-25,33.5408,33.6003,32.866,33.3621,509293.0
2024-01-26,33.6896,33.7095,33.1537,33.3026,667898.0
2024-01-27,33.6896,33.7095,33.1537,33.3026,667898.0
2024-01-28,33.6896,33.7095,33.1537,33.3026,667898.0
2024-01-29,33.382,34.6025,33.3324,34.5827,664041.0
2024-01-30,34.2354,34.5331,33.9377,34.285,594295.0
2024-01-31,34.3743,35.0392,34.0478,34.1064,995223.0
2024-02-01,34.285,35.4956,34.285,35.4659,821151.0
2024-02-02,34.9697,35.456,34.414,35.1483,571347.0
2024-02-03,34.9697,35.456,34.414,35.1483,571347.0
2024-02-04,34.9697,35.456,34.414,35.1483,571347.0
2024-02-05,34.6422,34.8357,33.8633,33.9278,838875.0
2024-02-06,34.0568,34.6025,33.6598,33.8285,828721.0
2024-02-07,34.027,34.1858,33.4614,33.9377,703506.0
2024-02-08,34.1758,35.4758,33.9228,35.3666,1032259.0
2024-02-09,35.3468,35.3468,34.4041,34.8407,679419.0
2024-02-10,35.3468,35.3468,34.4041,34.8407,679419.0
2024-02-11,35.3468,35.3468,34.4041,34.8407,679419.0
2024-02-12,34.93,35.5254,34.8357,34.9002,648157.0
2024-02-13,34.1362,34.3941,33.5308,33.9178,717697.0
2024-02-14,34.2751,34.2751,33.3522,33.5408,585617.0
2024-02-15,33.5804,34.7216,33.5804,34.6422,970156.0
2024-02-16,34.4239,35.3369,34.027,34.6621,895718.0
2024-02-17,34.4239,35.3369,34.027,34.6621,895718.0
2024-02-18,34.4239,35.3369,34.027,34.6621,895718.0
2024-02-19,34.4239,35.3369,34.027,34.6621,895718.0
2024-02-20,34.5331,35.0987,34.3545,34.4934,1190211.0
2024-02-21,34.2751,34.8209,33.6598,33.9675,1483248.0
2024-02-22,34.8506,35.9868,34.156,35.059,1904565.0
2024-02-23,35.059,35.5998,34.672,35.575,1185285.0
2024-02-24,35.059,35.5998,34.672,35.575,1185285.0
2024-02-25,35.059,35.5998,34.672,35.575,1185285.0
2024-02-26,35.5949,36.0811,35.3766,35.3865,736860.0
2024-02-27,35.6544,35.8727,34.8407,35.2079,801455.0
2024-02-28,34.8606,35.5056,34.8308,34.9499,523039.0
2024-02-29,35.3071,35.6743,34.6422,35.1086,771858.0
2024-03-01,35.2376,35.4758,34.6224,35.1384,682983.0
2024-03-02,35.2376,35.4758,34.6224,35.1384,682983.0
2024-03-03,35.2376,35.4758,34.6224,35.1384,682983.0
2024-03-04,35.0987,35.9571,34.7812,34.93,857856.0
2024-03-05,34.75,36.1,34.65,35.85,816300.0
2024-03-06,35.9,37.0,35.57,36.97,1021218.0
2024-03-07,37.01,37.07,36.3801,36.71,531240.0
2024-03-08,36.89,37.5,36.605,36.91,1128182.0
2024-03-09,36.89,37.5,36.605,36.91,1128182.0
2024-03-10,36.89,37.5,36.605,36.91,1128182.0
2024-03-11,36.61,36.65,35.595,36.31,720769.0
2024-03-12,36.3,36.65,35.97,36.16,619774.0
2024-03-13,36.16,37.26,36.15,36.66,631200.0
2024-03-14,36.5,36.605,35.69,35.96,413758.0
2024-03-15,35.72,36.28,35.645,35.76,958503.0
2024-03-16,35.72,36.28,35.645,35.76,958503.0
2024-03-17,35.72,36.28,35.645,35.76,958503.0
2024-03-18,35.6,35.86,35.31,35.65,698876.0
2024-03-19,35.56,36.16,35.27,36.14,590065.0
2024-03-20,36.02,36.73,35.92,36.47,589035.0
2024-03-21,35.7,35.9794,35.05,35.22,1018364.0
2024-03-22,35.44,35.44,34.61,34.68,977710.0
2024-03-23,35.44,35.44,34.61,34.68,977710.0
2024-03-24,35.44,35.44,34.61,34.68,977710.0
2024-03-25,34.86,35.23,34.39,34.45,820312.0
2024-03-26,34.51,34.95,34.465,34.58,744631.0
2024-03-27,34.94,36.41,34.875,36.37,740428.0
2024-03-28,36.48,36.61,36.11,36.15,578132.0
2024-03-29,36.48,36.61,36.11,36.15,578132.0
2024-03-30,36.48,36.61,36.11,36.15,578132.0
2024-03-31,36.48,36.61,36.11,36.15,578132.0
2024-04-01,36.61,36.97,36.34,36.6,746609.0
2024-04-02,36.47,37.08,36.14,36.93,1174560.0
2024-04-03,36.97,37.65,36.77,37.06,1183233.0
2024-04-04,37.24,37.42,34.8302,34.89,1171745.0
2024-04-05,34.69,35.03,34.12,34.29,1080905.0
2024-04-06,34.69,35.03,34.12,34.29,1080905.0
2024-04-07,34.69,35.03,34.12,34.29,1080905.0
2024-04-08,34.24,34.935,34.235,34.5,812161.0
