,K US Equity,K US Equity,K US Equity,K US Equity,K US Equity
,PX_OPEN,PX_HIGH,PX_LOW,PX_LAST,PX_VOLUME
2020-01-01,55.2964,55.6663,55.1356,55.61,1053311.0
2020-01-02,55.5858,55.6823,54.1747,54.3878,2699501.0
2020-01-03,54.2913,54.9707,54.1928,54.6772,1240599.0
2020-01-04,54.2913,54.9707,54.1928,54.6772,1240599.0
2020-01-05,54.2913,54.9707,54.1928,54.6772,1240599.0
2020-01-06,54.6772,54.7818,54.3154,54.629,1323644.0
2020-01-07,55.7386,56.2854,55.1878,55.3285,2412195.0
2020-01-08,55.3044,55.6502,55.0873,55.3929,1270345.0
2020-01-09,55.7386,55.7547,55.1034,55.5939,1437960.0
2020-01-10,55.7065,55.9035,55.626,55.6984,1418486.0
2020-01-11,55.7065,55.9035,55.626,55.6984,1418486.0
2020-01-12,55.7065,55.9035,55.626,55.6984,1418486.0
2020-01-13,55.811,56.2854,55.7065,56.0522,1778154.0
2020-01-14,56.0522,56.2854,55.9316,56.2854,1426374.0
2020-01-15,56.2854,56.792,56.1889,56.5025,1398353.0
2020-01-16,56.6874,56.9809,56.5025,56.8804,1337412.0
2020-01-17,56.9367,57.1297,56.6714,56.993,1846595.0
2020-01-18,56.9367,57.1297,56.6714,56.993,1846595.0
2020-01-19,56.9367,57.1297,56.6714,56.993,1846595.0
2020-01-20,56.9367,57.1297,56.6714,56.993,1846595.0
2020-01-21,56.8563,57.0975,56.5347,56.7678,2175616.0
2020-01-22,56.607,56.9447,56.3095,56.4945,1727386.0
2020-01-23,56.1407,56.9246,56.0361,56.6392,1535078.0
2020-01-24,56.8724,56.8724,55.5698,55.7547,1506538.0
2020-01-25,56.8724,56.8724,55.5698,55.7547,1506538.0
2020-01-26,56.8724,56.8724,55.5698,55.7547,1506538.0
2020-01-27,55.3929,55.9557,55.2562,55.5054,1617985.0
2020-01-28,55.4733,55.811,55.3888,55.4652,1127023.0
2020-01-29,55.4411,55.5025,54.9909,55.023,1677526.0
2020-01-30,54.9426,55.4492,54.7094,55.3848,1412902.0
2020-01-31,55.3607,55.6502,54.6853,54.8461,2746403.0
2020-02-01,55.3607,55.6502,54.6853,54.8461,2746403.0
2020-02-02,55.3607,55.6502,54.6853,54.8461,2746403.0
2020-02-03,55.1436,55.6663,54.9587,55.3527,1872851.0
2020-02-04,55.618,56.012,55.1838,55.224,1978142.0
2020-02-05,55.3366,55.9718,55.3366,55.7708,2393747.0
2020-02-06,51.6378,53.3746,50.7775,51.0267,7661126.0
2020-02-07,50.8659,51.6941,50.1583,51.5976,4297474.0
2020-02-08,50.8659,51.6941,50.1583,51.5976,4297474.0
2020-02-09,50.8659,51.6941,50.1583,51.5976,4297474.0
2020-02-10,51.4207,52.6108,51.0991,52.5384,2973621.0
2020-02-11,52.7314,53.5274,52.651,53.2862,2601490.0
2020-02-12,54.2752,54.5325,53.1294,53.2138,2220335.0
2020-02-13,53.246,54.0501,53.1093,53.9857,2275021.0
2020-02-14,53.9375,54.637,53.8008,54.4441,1567480.0
2020-02-15,53.9375,54.637,53.8008,54.4441,1567480.0
2020-02-16,53.9375,54.637,53.8008,54.4441,1567480.0
2020-02-17,53.9375,54.637,53.8008,54.4441,1567480.0
2020-02-18,54.0581,54.1707,53.4952,53.9938,1570347.0
2020-02-19,54.0018,54.2672,53.2701,53.3103,1581260.0
2020-02-20,52.8922,53.1415,52.3454,52.8037,2107372.0
2020-02-21,52.5866,52.7314,52.2248,52.6831,1824930.0
2020-02-22,52.5866,52.7314,52.2248,52.6831,1824930.0
2020-02-23,52.5866,52.7314,52.2248,52.6831,1824930.0
2020-02-24,52.0077,52.3052,51.4046,51.863,2539602.0
2020-02-25,51.9916,52.1766,50.5604,50.9704,2541037.0
2020-02-26,51.1715,51.6539,50.3111,50.4719,1863205.0
2020-02-27,49.9814,50.1382,48.9844,49.0648,2670126.0
2020-02-28,48.2446,48.8316,46.4033,48.6225,4526480.0
2020-02-29,48.2446,48.8316,46.4033,48.6225,4526480.0
2020-03-01,48.2446,48.8316,46.4033,48.6225,4526480.0
2020-03-02,48.8742,51.2525,48.8011,51.2525,2584217.0
2020-03-03,51.2606,52.2915,50.3677,50.8548,2002245.0
2020-03-04,51.423,52.4458,51.1389,52.3971,2405604.0
2020-03-05,51.7314,52.4214,51.3662,51.6746,1517429.0
2020-03-06,50.2622,51.4473,49.9538,51.2931,2288880.0
2020-03-07,50.2622,51.4473,49.9538,51.2931,2288880.0
2020-03-08,50.2622,51.4473,49.9538,51.2931,2288880.0
2020-03-09,48.8742,51.2769,48.7037,50.66,2756816.0
2020-03-10,51.0334,52.113,49.0122,51.0496,2817752.0
2020-03-11,49.8888,50.4408,48.8579,50.0755,2204740.0
2020-03-12,47.5023,48.7037,46.1386,47.2345,3827333.0
2020-03-13,48.7605,51.772,48.3019,51.6746,3606914.0
2020-03-14,48.7605,51.772,48.3019,51.6746,3606914.0
2020-03-15,48.7605,51.772,48.3019,51.6746,3606914.0
2020-03-16,47.3806,52.6487,47.2832,50.7817,3748992.0
2020-03-17,51.4555,56.3096,50.4976,56.1878,5196887.0
2020-03-18,54.6293,57.1132,52.324,55.9768,3960665.0
2020-03-19,55.5709,55.8063,49.5723,49.8645,4733242.0
2020-03-20,49.8969,49.9456,44.921,45.3026,4767287.0
2020-03-21,49.8969,49.9456,44.921,45.3026,4767287.0
2020-03-22,49.8969,49.9456,44.921,45.3026,4767287.0
2020-03-23,44.8074,46.0981,42.7469,43.4762,3243148.0
2020-03-24,44.4502,46.2279,43.8496,45.676,2913618.0
2020-03-25,45.4568,48.1111,44.4097,45.5948,3320343.0
2020-03-26,45.6597,48.3952,45.1321,47.6972,3345726.0
2020-03-27,46.853,49.4586,46.301,48.2735,2546036.0
2020-03-28,46.853,49.4586,46.301,48.2735,2546036.0
2020-03-29,46.853,49.4586,46.301,48.2735,2546036.0
2020-03-30,49.0122,49.9213,48.5175,49.4424,1914974.0
2020-03-31,49.5966,50.1892,48.4683,48.6956,2351238.0
2020-04-01,47.9001,49.8482,47.3814,49.5885,2476698.0
2020-04-02,48.931,50.3109,48.4115,49.7752,2147159.0
2020-04-03,49.2557,51.9019,49.2557,51.6097,1598178.0
2020-04-04,49.2557,51.9019,49.2557,51.6097,1598178.0
2020-04-05,49.2557,51.9019,49.2557,51.6097,1598178.0
2020-04-06,52.4052,52.4052,50.2216,51.5529,3152008.0
2020-04-07,51.7883,52.7867,50.3434,50.7736,2515071.0
2020-04-08,50.8142,51.0009,49.5154,49.8888,2632593.0
2020-04-09,49.4992,51.9506,49.4992,50.9278,2618268.0
2020-04-10,49.4992,51.9506,49.4992,50.9278,2618268.0
2020-04-11,49.4992,51.9506,49.4992,50.9278,2618268.0
2020-04-12,49.4992,51.9506,49.4992,50.9278,2618268.0
2020-04-13,50.6843,51.1389,49.6778,50.9765,1596576.0
2020-04-14,51.8532,52.2672,51.1551,51.6422,2498765.0
2020-04-15,51.6422,51.6422,50.733,51.0983,1748172.0
2020-04-16,51.5123,52.2997,50.9278,52.0561,2561430.0
2020-04-17,52.2591,52.8029,51.5123,52.7786,2390459.0
2020-04-18,52.2591,52.8029,51.5123,52.7786,2390459.0
2020-04-19,52.2591,52.8029,51.5123,52.7786,2390459.0
2020-04-20,52.8435,54.5076,52.5675,53.777,2395567.0
2020-04-21,53.4604,53.7689,52.3768,53.1844,2414557.0
2020-04-22,53.4685,53.5944,52.5026,52.5026,1404453.0
2020-04-23,52.0561,52.7055,52.0237,52.3565,1611269.0
2020-04-24,52.6974,52.6974,51.3337,52.0318,1884060.0
2020-04-25,52.6974,52.6974,51.3337,52.0318,1884060.0
2020-04-26,52.6974,52.6974,51.3337,52.0318,1884060.0
2020-04-27,52.5838,53.1844,51.9669,52.8435,2098705.0
2020-04-28,53.0221,53.7445,52.7786,53.3793,2148268.0
2020-04-29,52.8598,53.7608,52.6446,52.6812,2242537.0
2020-04-30,53.9881,55.1082,52.2915,53.1682,3893058.0
2020-05-01,52.9247,53.4523,52.4295,52.6487,1951415.0
2020-05-02,52.9247,53.4523,52.4295,52.6487,1951415.0
2020-05-03,52.9247,53.4523,52.4295,52.6487,1951415.0
2020-05-04,52.6568,52.8435,51.561,51.6827,1525879.0
2020-05-05,51.6178,52.1048,51.2525,51.3337,1768974.0
2020-05-06,51.3824,52.2591,51.0334,52.0237,1792929.0
2020-05-07,52.3159,52.4945,50.7411,50.8873,1626421.0
2020-05-08,51.3094,51.8126,50.9441,51.6909,1362830.0
2020-05-09,51.3094,51.8126,50.9441,51.6909,1362830.0
2020-05-10,51.3094,51.8126,50.9441,51.6909,1362830.0
2020-05-11,51.7071,52.2672,51.2444,51.3499,1682865.0
2020-05-12,51.5935,52.3159,51.5529,51.5691,1358215.0
2020-05-13,51.6016,52.7421,51.6016,52.0886,1569875.0
2020-05-14,52.2834,52.7136,51.0009,51.6665,2104015.0
2020-05-15,51.6503,52.7299,51.5448,52.0074,3931413.0
2020-05-16,51.6503,52.7299,51.5448,52.0074,3931413.0
2020-05-17,51.6503,52.7299,51.5448,52.0074,3931413.0
2020-05-18,52.3159,52.3719,51.0821,51.7477,3166014.0
2020-05-19,51.7152,51.8289,50.5869,50.6762,2200940.0
2020-05-20,50.595,50.9603,49.9132,50.7168,2039578.0
2020-05-21,50.6437,50.7168,49.2881,49.8158,2222657.0
2020-05-22,49.7346,50.457,49.4505,50.4002,1337970.0
2020-05-23,49.7346,50.457,49.4505,50.4002,1337970.0
2020-05-24,49.7346,50.457,49.4505,50.4002,1337970.0
2020-05-25,49.7346,50.457,49.4505,50.4002,1337970.0
2020-05-26,50.5707,50.9684,50.2703,50.4246,1980170.0
2020-05-27,50.4895,52.4458,50.2866,52.4458,2396581.0
2020-05-28,52.811,53.4442,52.5919,53.1033,3306401.0
2020-05-29,53.1197,53.7502,52.5055,53.48,2947348.0
2020-05-30,53.1197,53.7502,52.5055,53.48,2947348.0
2020-05-31,53.1197,53.7502,52.5055,53.48,2947348.0
2020-06-01,53.6601,54.3316,53.2015,54.135,1767906.0
2020-06-02,54.0204,54.7574,53.4144,54.7082,2516645.0
2020-06-03,55.003,55.044,53.5373,53.5782,2731960.0
2020-06-04,53.4063,53.6683,52.6283,52.9886,1519762.0
2020-06-05,53.1197,54.2333,52.7594,53.7338,2468141.0
2020-06-06,53.1197,54.2333,52.7594,53.7338,2468141.0
2020-06-07,53.1197,54.2333,52.7594,53.7338,2468141.0
2020-06-08,53.439,55.2896,53.3571,55.003,2734739.0
2020-06-09,54.8638,54.958,54.0532,54.2087,1736091.0
2020-06-10,54.3807,54.8229,54.1678,54.4708,2026737.0
2020-06-11,53.6601,54.0286,52.2107,52.2189,2240216.0
2020-06-12,52.6365,52.8576,51.6457,52.0715,2667931.0
2020-06-13,52.6365,52.8576,51.6457,52.0715,2667931.0
2020-06-14,52.6365,52.8576,51.6457,52.0715,2667931.0
2020-06-15,51.8095,53.6683,51.3591,53.6273,3147766.0
2020-06-16,54.0532,54.9089,53.7666,54.6018,2662622.0
2020-06-17,54.741,55.3961,54.6919,54.9293,3835397.0
2020-06-18,54.8311,55.5353,54.7001,55.478,3066877.0
2020-06-19,55.8465,56.1331,55.1095,55.5025,6430474.0
2020-06-20,55.8465,56.1331,55.1095,55.5025,6430474.0
2020-06-21,55.8465,56.1331,55.1095,55.5025,6430474.0
2020-06-22,55.347,55.4288,54.3316,54.6182,3319276.0
2020-06-23,54.8884,55.2405,54.2497,54.307,2876337.0
2020-06-24,54.2415,54.2415,52.6365,53.1278,2330854.0
2020-06-25,53.046,53.8566,52.7184,53.6437,1795648.0
2020-06-26,53.7993,54.1269,52.1452,52.2926,2582675.0
2020-06-27,53.7993,54.1269,52.1452,52.2926,2582675.0
2020-06-28,53.7993,54.1269,52.1452,52.2926,2582675.0
2020-06-29,52.4727,53.6273,52.4154,53.2916,1950661.0
2020-06-30,53.6601,54.2333,53.2261,54.0941,2095089.0
2020-07-01,54.1023,54.5035,53.6355,53.9876,1777006.0
2020-07-02,54.307,54.6591,54.1432,54.2988,1018156.0
2020-07-03,54.307,54.6591,54.1432,54.2988,1018156.0
2020-07-04,54.307,54.6591,54.1432,54.2988,1018156.0
2020-07-05,54.307,54.6591,54.1432,54.2988,1018156.0
2020-07-06,54.6591,55.0194,53.8648,54.2087,1450722.0
2020-07-07,54.0532,54.8556,53.6969,54.5445,1233510.0
2020-07-08,54.61,54.6182,53.6192,54.5445,2506065.0
2020-07-09,54.2415,54.4626,53.7829,53.9631,1708376.0
2020-07-10,54.0941,55.0931,54.004,55.0194,1794016.0
2020-07-11,54.0941,55.0931,54.004,55.0194,1794016.0
2020-07-12,54.0941,55.0931,54.004,55.0194,1794016.0
2020-07-13,55.5025,55.6008,54.4298,54.8229,2113603.0
2020-07-14,54.6182,56.0839,54.4626,56.0102,1764323.0
2020-07-15,55.9693,56.54,55.6417,55.7564,1242855.0
2020-07-16,55.7973,56.5343,55.5435,55.8792,1213198.0
2020-07-17,56.0512,56.3705,55.9775,56.1986,1842550.0
2020-07-18,56.0512,56.3705,55.9775,56.1986,1842550.0
2020-07-19,56.0512,56.3705,55.9775,56.1986,1842550.0
2020-07-20,56.0512,56.0921,55.0112,55.2078,2149798.0
2020-07-21,55.2815,56.0512,55.2569,55.4125,1389585.0
2020-07-22,55.4043,55.4452,54.4953,55.2405,1903683.0
2020-07-23,55.4125,56.0757,55.4043,56.0184,1425891.0
2020-07-24,56.215,56.6735,55.5599,56.2395,1216988.0
2020-07-25,56.215,56.6735,55.5599,56.2395,1216988.0
2020-07-26,56.215,56.6735,55.5599,56.2395,1216988.0
2020-07-27,56.0921,57.3982,56.0921,57.2959,2354893.0
2020-07-28,57.2959,58.4013,57.2959,58.0656,2123573.0
2020-07-29,58.3849,58.5897,57.8035,58.0902,2639756.0
2020-07-30,58.9581,59.6787,57.1812,57.8035,4132870.0
2020-07-31,57.4023,57.7954,55.74,56.4934,5541573.0
2020-08-01,57.4023,57.7954,55.74,56.4934,5541573.0
2020-08-02,57.4023,57.7954,55.74,56.4934,5541573.0
2020-08-03,56.5016,57.0338,56.305,56.7882,1790064.0
2020-08-04,56.7963,57.1403,56.5507,57.0829,1871108.0
2020-08-05,57.1321,57.4924,56.6326,56.7145,1096570.0
2020-08-06,56.5753,57.1894,56.4524,56.6899,1548594.0
2020-08-07,56.7063,57.0993,56.2559,56.9274,1316089.0
2020-08-08,56.7063,57.0993,56.2559,56.9274,1316089.0
2020-08-09,56.7063,57.0993,56.2559,56.9274,1316089.0
2020-08-10,56.9765,57.1566,56.1413,56.5179,1476891.0
2020-08-11,56.5589,56.6899,55.609,55.7891,1386508.0
2020-08-12,55.9284,57.181,55.8301,56.7308,1206035.0
2020-08-13,56.7308,56.7308,56.1249,56.5179,903151.0
2020-08-14,56.3951,56.78,56.1863,56.5834,1279132.0
2020-08-15,56.3951,56.78,56.1863,56.5834,1279132.0
2020-08-16,56.3951,56.78,56.1863,56.5834,1279132.0
2020-08-17,56.5834,57.1485,56.3296,57.0584,1488186.0
2020-08-18,56.9437,57.7012,56.5671,57.4105,1750572.0
2020-08-19,57.2959,57.5169,56.2805,56.3787,1653944.0
2020-08-20,56.3705,56.6981,56.1249,56.2887,1073272.0
2020-08-21,56.3296,56.5507,55.8137,56.4115,1682726.0
2020-08-22,56.3296,56.5507,55.8137,56.4115,1682726.0
2020-08-23,56.3296,56.5507,55.8137,56.4115,1682726.0
2020-08-24,56.477,56.9765,56.0266,56.9765,1176681.0
2020-08-25,57.1812,57.1812,56.3378,56.9028,1848210.0
2020-08-26,56.7472,57.7053,56.5179,57.6316,1447565.0
2020-08-27,57.7299,58.2539,57.6234,57.6971,1043495.0
2020-08-28,57.6152,57.9591,56.7882,57.7626,1847152.0
2020-08-29,57.6152,57.9591,56.7882,57.7626,1847152.0
2020-08-30,57.6152,57.9591,56.7882,57.7626,1847152.0
2020-08-31,57.8451,58.7202,57.7956,58.5386,1713410.0
2020-09-01,58.1506,58.4313,56.8793,57.1599,1716013.0
2020-09-02,57.0279,58.4478,57.0279,58.1341,1627981.0
2020-09-03,58.0433,59.1495,57.1682,57.7378,2082167.0
2020-09-04,57.5314,57.9937,56.6894,57.1434,2563303.0
2020-09-05,57.5314,57.9937,56.6894,57.1434,2563303.0
2020-09-06,57.5314,57.9937,56.6894,57.1434,2563303.0
2020-09-07,57.5314,57.9937,56.6894,57.1434,2563303.0
2020-09-08,56.9618,57.4489,54.3779,54.7659,3153539.0
2020-09-09,55.2695,55.74,54.5595,54.9227,2347924.0
2020-09-10,54.8319,55.4511,54.3366,54.4852,2185357.0
2020-09-11,54.3944,54.5017,53.7422,54.0229,2121710.0
2020-09-12,54.3944,54.5017,53.7422,54.0229,2121710.0
2020-09-13,54.3944,54.5017,53.7422,54.0229,2121710.0
2020-09-14,54.122,54.5347,53.961,54.0064,1666106.0
2020-09-15,53.9816,54.7287,53.7587,54.1798,2105815.0
2020-09-16,54.1467,54.3284,52.7103,52.7764,5199617.0
2020-09-17,52.2975,52.5039,51.735,52.4296,4076610.0
2020-09-18,51.7775,52.4709,51.406,51.9426,5991890.0
2020-09-19,51.7775,52.4709,51.406,51.9426,5991890.0
2020-09-20,51.7775,52.4709,51.406,51.9426,5991890.0
2020-09-21,51.5463,52.215,51.1088,51.7775,2793751.0
2020-09-22,51.7775,52.5535,51.5298,51.7362,2966651.0
2020-09-23,52.0912,52.3388,50.4318,50.4649,2129300.0
2020-09-24,50.3575,51.827,50.2255,51.7197,2435111.0
2020-09-25,51.6866,52.2728,51.619,52.0746,1592753.0
2020-09-26,51.6866,52.2728,51.619,52.0746,1592753.0
2020-09-27,51.6866,52.2728,51.619,52.0746,1592753.0
2020-09-28,52.4709,52.669,51.8683,52.3223,1292675.0
2020-09-29,52.6443,52.7268,52.0746,52.3718,1661479.0
2020-09-30,52.6112,53.445,52.4503,53.3212,2024528.0
2020-10-01,53.4285,53.4946,52.554,53.1478,1691165.0
2020-10-02,52.6443,53.8413,52.3388,53.4203,1574887.0
2020-10-03,52.6443,53.8413,52.3388,53.4203,1574887.0
2020-10-04,52.6443,53.8413,52.3388,53.4203,1574887.0
2020-10-05,53.5276,54.089,53.2552,54.0312,1813396.0
2020-10-06,54.0642,54.3655,53.5463,53.7918,1374879.0
2020-10-07,53.767,54.122,53.1313,53.5441,1355023.0
2020-10-08,53.7092,54.0147,53.445,53.8413,868480.0
2020-10-09,54.122,54.6668,53.7835,54.3614,1280237.0
2020-10-10,54.122,54.6668,53.7835,54.3614,1280237.0
2020-10-11,54.122,54.6668,53.7835,54.3614,1280237.0
2020-10-12,54.4852,55.0631,54.3944,54.7411,1784850.0
2020-10-13,54.5512,55.253,54.4852,55.1621,992591.0
2020-10-14,55.0961,55.6987,54.9558,55.1952,1228081.0
2020-10-15,55.0135,55.674,54.7411,55.4263,1891221.0
2020-10-16,55.5501,55.7806,55.253,55.3933,1215727.0
2020-10-17,55.5501,55.7806,55.253,55.3933,1215727.0
2020-10-18,55.5501,55.7806,55.253,55.3933,1215727.0
2020-10-19,55.4346,56.029,54.9805,55.0548,1644374.0
2020-10-20,55.5584,55.5997,54.6379,54.6916,1340813.0
2020-10-21,54.4192,54.997,54.3036,54.4604,1122638.0
2020-10-22,54.51,54.9227,54.155,54.7824,1497978.0
2020-10-23,55.1456,55.5419,54.8237,55.1126,986384.0
2020-10-24,55.1456,55.5419,54.8237,55.1126,986384.0
2020-10-25,55.1456,55.5419,54.8237,55.1126,986384.0
2020-10-26,54.9723,55.1456,53.9981,54.2375,1413065.0
2020-10-27,54.0477,54.4522,53.5689,53.6019,1528118.0
2020-10-28,53.2469,53.4615,52.4049,52.4131,2557560.0
2020-10-29,52.6525,53.412,51.7197,52.0746,3469878.0
2020-10-30,51.8435,52.4956,51.6454,51.9178,2532461.0
2020-10-31,51.8435,52.4956,51.6454,51.9178,2532461.0
2020-11-01,51.8435,52.4956,51.6454,51.9178,2532461.0
2020-11-02,52.636,53.3268,52.2398,52.7846,1931557.0
2020-11-03,53.1726,54.0642,52.9002,53.1478,1572670.0
2020-11-04,53.3129,53.8248,52.4131,52.4874,1857253.0
2020-11-05,52.8919,53.833,52.8341,53.0818,2111323.0
2020-11-06,53.0983,53.767,52.8754,53.1231,1339352.0
2020-11-07,53.0983,53.767,52.8754,53.1231,1339352.0
2020-11-08,53.0983,53.767,52.8754,53.1231,1339352.0
2020-11-09,53.3047,53.701,51.893,51.9756,2921106.0
2020-11-10,51.9508,53.0488,51.2656,52.991,3262877.0
2020-11-11,53.1809,54.2128,52.9332,54.155,1653871.0
2020-11-12,54.155,54.2128,53.2964,53.7422,1999279.0
2020-11-13,54.2128,54.3036,53.734,54.2871,1049605.0
2020-11-14,54.2128,54.3036,53.734,54.2871,1049605.0
2020-11-15,54.2128,54.3036,53.734,54.2871,1049605.0
2020-11-16,54.0394,55.0053,53.6679,54.964,1710279.0
2020-11-17,54.6586,55.3273,54.3861,54.7494,1250532.0
2020-11-18,54.8154,54.997,53.6597,53.6762,1208665.0
2020-11-19,53.6432,53.9899,53.1561,53.833,1140555.0
2020-11-20,53.833,53.9816,53.2387,53.6679,1785979.0
2020-11-21,53.833,53.9816,53.2387,53.6679,1785979.0
2020-11-22,53.833,53.9816,53.2387,53.6679,1785979.0
2020-11-23,52.0912,53.0818,52.0912,52.5617,2595092.0
2020-11-24,52.8754,53.0405,51.5298,51.5711,3462263.0
2020-11-25,51.9508,52.9662,51.8683,52.2232,2216004.0
2020-11-26,51.9508,52.9662,51.8683,52.2232,2216004.0
2020-11-27,52.5782,52.6443,52.0086,52.4049,824307.0
2020-11-28,52.5782,52.6443,52.0086,52.4049,824307.0
2020-11-29,52.5782,52.6443,52.0086,52.4049,824307.0
2020-11-30,52.3799,53.2462,52.055,53.2379,3265669.0
2020-12-01,53.0713,53.2878,52.7214,53.0463,2751536.0
2020-12-02,52.9213,53.1629,52.0716,52.2466,2110538.0
2020-12-03,52.1466,52.5381,52.0217,52.4798,1736237.0
2020-12-04,52.4132,52.4132,51.6385,51.955,2736627.0
2020-12-05,52.4132,52.4132,51.6385,51.955,2736627.0
2020-12-06,52.4132,52.4132,51.6385,51.955,2736627.0
2020-12-07,52.0217,52.2466,51.4552,51.6052,2833744.0
2020-12-08,51.7384,52.1549,51.4386,52.105,2874727.0
2020-12-09,52.2049,52.3465,51.2803,51.6468,3059375.0
2020-12-10,51.7551,51.905,51.3886,51.6301,2112288.0
2020-12-11,51.3469,52.03,51.2493,51.7384,2140321.0
2020-12-12,51.3469,52.03,51.2493,51.7384,2140321.0
2020-12-13,51.3469,52.03,51.2493,51.7384,2140321.0
2020-12-14,52.0633,52.3549,51.5427,51.5802,2024486.0
2020-12-15,51.6635,51.7468,50.8471,51.0137,2286006.0
2020-12-16,51.3303,51.6301,51.0221,51.2303,2512175.0
2020-12-17,51.5802,52.2466,51.4635,52.0467,2066277.0
2020-12-18,52.0633,52.2882,51.2761,51.7135,5137953.0
2020-12-19,52.0633,52.2882,51.2761,51.7135,5137953.0
2020-12-20,52.0633,52.2882,51.2761,51.7135,5137953.0
2020-12-21,51.3636,51.3802,50.5139,51.2553,1889396.0
2020-12-22,51.147,51.2386,50.6639,50.9721,1687560.0
2020-12-23,51.2386,51.6262,51.1174,51.3219,1638496.0
2020-12-24,51.2969,51.5635,51.1637,51.4635,524805.0
2020-12-25,51.2969,51.5635,51.1637,51.4635,524805.0
2020-12-26,51.2969,51.5635,51.1637,51.4635,524805.0
2020-12-27,51.2969,51.5635,51.1637,51.4635,524805.0
2020-12-28,51.5885,51.9467,51.4802,51.93,956160.0
2020-12-29,52.0467,52.5465,51.6551,51.8884,1014486.0
2020-12-30,51.7718,51.8217,51.1887,51.2553,1084832.0
2020-12-31,51.2553,51.8884,51.0887,51.8384,1813140.0
2021-01-01,51.2553,51.8884,51.0887,51.8384,1813140.0
2021-01-02,51.2553,51.8884,51.0887,51.8384,1813140.0
2021-01-03,51.2553,51.8884,51.0887,51.8384,1813140.0
2021-01-04,51.6635,51.8217,50.7721,51.1887,3158866.0
2021-01-05,51.222,51.6218,51.0304,51.4802,1630030.0
2021-01-06,50.9804,51.4386,50.7222,51.0804,2595963.0
2021-01-07,51.2636,51.3636,50.6222,50.7222,2518050.0
2021-01-08,50.7472,51.147,49.5726,50.1474,3504000.0
2021-01-09,50.7472,51.147,49.5726,50.1474,3504000.0
2021-01-10,50.7472,51.147,49.5726,50.1474,3504000.0
2021-01-11,50.3223,50.4973,49.381,49.456,2941472.0
2021-01-12,49.5643,49.5893,48.1898,48.7812,3021397.0
2021-01-13,48.9229,49.6459,48.523,49.2644,2350527.0
2021-01-14,49.5559,49.5559,48.9312,49.1894,5630923.0
2021-01-15,49.331,49.6476,48.7396,49.1728,5054048.0
2021-01-16,49.331,49.6476,48.7396,49.1728,5054048.0
2021-01-17,49.331,49.6476,48.7396,49.1728,5054048.0
2021-01-18,49.331,49.6476,48.7396,49.1728,5054048.0
2021-01-19,49.5143,49.8142,48.3148,48.6979,3862881.0
2021-01-20,48.6896,48.6896,47.5151,48.0149,5202317.0
2021-01-21,48.0482,48.2315,47.69,48.2231,2982450.0
2021-01-22,48.3148,48.8229,47.9066,48.5647,2241626.0
2021-01-23,48.3148,48.8229,47.9066,48.5647,2241626.0
2021-01-24,48.3148,48.8229,47.9066,48.5647,2241626.0
2021-01-25,48.5813,50.7138,48.4647,49.8475,4423216.0
2021-01-26,49.8308,50.8055,49.2477,50.7472,2949156.0
2021-01-27,50.9554,52.8297,50.8138,51.9467,6165500.0
2021-01-28,51.7301,52.3465,49.8975,50.1224,3270742.0
2021-01-29,49.9808,50.6055,48.9737,49.0978,5715218.0
2021-01-30,49.9808,50.6055,48.9737,49.0978,5715218.0
2021-01-31,49.9808,50.6055,48.9737,49.0978,5715218.0
2021-02-01,49.0978,49.5143,48.498,48.9978,2823273.0
2021-02-02,49.0645,49.356,48.1981,48.6896,2816901.0
2021-02-03,48.648,48.7282,47.9899,48.3231,2306467.0
2021-02-04,48.3064,48.5563,48.0732,48.2065,3123297.0
2021-02-05,48.2564,48.6055,48.0232,48.3397,2949006.0
2021-02-06,48.2564,48.6055,48.0232,48.3397,2949006.0
2021-02-07,48.2564,48.6055,48.0232,48.3397,2949006.0
2021-02-08,48.4564,48.498,47.6567,48.0982,3168791.0
2021-02-09,48.2731,48.2898,47.5984,48.0149,3344910.0
2021-02-10,48.4397,48.7979,48.1315,48.4064,3423150.0
2021-02-11,48.2315,48.6396,47.1569,47.4817,7772882.0
2021-02-12,47.4984,48.2564,47.4234,47.7983,3556530.0
2021-02-13,47.4984,48.2564,47.4234,47.7983,3556530.0
2021-02-14,47.4984,48.2564,47.4234,47.7983,3556530.0
2021-02-15,47.4984,48.2564,47.4234,47.7983,3556530.0
2021-02-16,47.815,47.9566,47.3235,47.3651,3420951.0
2021-02-17,47.3901,48.4397,47.2318,48.3397,4342564.0
2021-02-18,48.2231,49.5976,47.9816,49.5893,4426675.0
2021-02-19,49.5893,49.7642,48.069,48.2398,5082553.0
2021-02-20,49.5893,49.7642,48.069,48.2398,5082553.0
2021-02-21,49.5893,49.7642,48.069,48.2398,5082553.0
2021-02-22,48.4647,49.4602,48.2065,49.3644,3517160.0
2021-02-23,49.6392,50.0641,48.9312,49.381,3993182.0
2021-02-24,49.3977,49.6726,48.5147,48.8229,4761714.0
2021-02-25,48.8062,49.6892,48.6646,48.9312,3424215.0
2021-02-26,49.1478,49.2811,48.0065,48.0732,4904705.0
2021-02-27,49.1478,49.2811,48.0065,48.0732,4904705.0
2021-02-28,49.1478,49.2811,48.0065,48.0732,4904705.0
2021-03-01,48.1237,48.6453,47.7451,47.8797,5101747.0
2021-03-02,48.0143,48.4854,47.8965,48.1489,2665104.0
2021-03-03,47.9806,48.4883,47.846,48.233,2539131.0
2021-03-04,48.6537,49.2174,48.2751,48.5443,3227168.0
2021-03-05,48.7631,49.8989,48.5359,49.84,4510343.0
2021-03-06,48.7631,49.8989,48.5359,49.84,4510343.0
2021-03-07,48.7631,49.8989,48.5359,49.84,4510343.0
2021-03-08,49.8904,50.4541,49.5968,49.9577,3108897.0
2021-03-09,49.8484,50.3532,49.4698,49.6296,3127461.0
2021-03-10,49.8989,50.4836,48.8893,50.2522,3270057.0
2021-03-11,49.9746,50.2859,49.8063,49.8568,2138556.0
2021-03-12,50.2101,51.1019,49.9746,51.0178,3409698.0
2021-03-13,50.2101,51.1019,49.9746,51.0178,3409698.0
2021-03-14,50.2101,51.1019,49.9746,51.0178,3409698.0
2021-03-15,51.2618,51.287,50.1933,50.4962,3588226.0
2021-03-16,50.4794,50.9757,50.3027,50.7822,2246842.0
2021-03-17,50.9,51.1524,50.5383,50.7991,1920246.0
2021-03-18,50.6056,51.2071,50.4036,51.0094,1467314.0
2021-03-19,51.1104,51.5141,50.7149,51.1608,7112455.0
2021-03-20,51.1104,51.5141,50.7149,51.1608,7112455.0
2021-03-21,51.1104,51.5141,50.7149,51.1608,7112455.0
2021-03-22,51.0178,52.6752,51.0094,52.4901,3719466.0
2021-03-23,52.6416,52.9781,52.1704,52.6584,3470624.0
2021-03-24,52.0106,52.1746,50.8664,51.7498,3658144.0
2021-03-25,52.1031,53.2936,51.5058,52.7762,3591820.0
2021-03-26,52.8098,53.6764,52.0779,53.6007,2733186.0
2021-03-27,52.8098,53.6764,52.0779,53.6007,2733186.0
2021-03-28,52.8098,53.6764,52.0779,53.6007,2733186.0
2021-03-29,53.8447,54.9552,53.7353,54.6439,4550757.0
2021-03-30,54.6439,54.7785,53.525,53.6427,3298899.0
2021-03-31,53.3399,53.6427,52.8435,53.2557,2585615.0
2021-04-01,53.18,53.4745,52.3471,53.2894,3652917.0
2021-04-02,53.18,53.4745,52.3471,53.2894,3652917.0
2021-04-03,53.18,53.4745,52.3471,53.2894,3652917.0
2021-04-04,53.18,53.4745,52.3471,53.2894,3652917.0
2021-04-05,53.323,53.9624,53.2515,53.5418,2496600.0
2021-04-06,53.4913,53.9793,53.4156,53.8615,1897861.0
2021-04-07,54.0466,54.0657,53.2978,53.567,1749070.0
2021-04-08,53.5081,53.7353,53.2641,53.7269,2162113.0
2021-04-09,53.6848,53.9813,52.1368,52.7173,2614615.0
2021-04-10,53.6848,53.9813,52.1368,52.7173,2614615.0
2021-04-11,53.6848,53.9813,52.1368,52.7173,2614615.0
2021-04-12,52.8603,53.424,52.6836,53.3483,2141779.0
2021-04-13,53.1632,53.525,52.9655,53.0706,2153490.0
2021-04-14,53.1548,53.1548,52.1536,52.65,4318019.0
2021-04-15,52.8098,53.2389,52.7425,52.9781,2079467.0
2021-04-16,53.1716,53.4072,52.5658,53.2978,2243699.0
2021-04-17,53.1716,53.4072,52.5658,53.2978,2243699.0
2021-04-18,53.1716,53.4072,52.5658,53.2978,2243699.0
2021-04-19,53.2557,53.8362,52.9865,53.5923,1663993.0
2021-04-20,53.4829,54.4588,53.037,54.0298,2730684.0
2021-04-21,54.3158,54.6271,54.1307,54.299,1547344.0
2021-04-22,54.299,54.3663,53.668,53.8194,1701804.0
2021-04-23,53.6932,53.7563,52.9066,53.2389,1803504.0
2021-04-24,53.6932,53.7563,52.9066,53.2389,1803504.0
2021-04-25,53.6932,53.7563,52.9066,53.2389,1803504.0
2021-04-26,53.1968,53.2137,52.3808,52.5322,2825606.0
2021-04-27,52.4565,52.5329,52.1031,52.2714,2778696.0
2021-04-28,52.4817,52.7509,52.0442,52.2125,2182243.0
2021-04-29,52.2546,53.0875,52.2546,52.7762,2645407.0
2021-04-30,52.7089,52.8856,52.0358,52.5154,4038650.0
2021-05-01,52.7089,52.8856,52.0358,52.5154,4038650.0
2021-05-02,52.7089,52.8856,52.0358,52.5154,4038650.0
2021-05-03,52.5322,53.4408,52.5154,52.9108,2709390.0
2021-05-04,53.0706,53.2557,52.1536,52.5658,2628961.0
2021-05-05,52.5827,53.0959,52.0568,53.0622,3829047.0
2021-05-06,54.6944,57.6306,54.6944,56.8145,12592867.0
2021-05-07,56.4528,56.4948,55.5021,56.3266,3926401.0
2021-05-08,56.4528,56.4948,55.5021,56.3266,3926401.0
2021-05-09,56.4528,56.4948,55.5021,56.3266,3926401.0
2021-05-10,56.4948,57.5885,56.3686,57.3866,3045939.0
2021-05-11,57.5128,57.6895,56.1583,56.4948,2812249.0
2021-05-12,56.579,56.5874,55.8302,55.8807,2483588.0
2021-05-13,55.4768,57.2857,55.4221,56.9491,2587795.0
2021-05-14,57.0417,57.7147,55.948,55.9816,2985499.0
2021-05-15,57.0417,57.7147,55.948,55.9816,2985499.0
2021-05-16,57.0417,57.7147,55.948,55.9816,2985499.0
2021-05-17,55.9816,56.377,55.3001,55.7965,2205819.0
2021-05-18,55.6956,55.9059,55.2497,55.561,1584472.0
2021-05-19,55.5105,55.603,55.0099,55.561,1686086.0
2021-05-20,55.4852,56.2172,55.3843,55.7965,2571065.0
2021-05-21,55.8386,56.5369,55.7629,55.948,2128229.0
2021-05-22,55.8386,56.5369,55.7629,55.948,2128229.0
2021-05-23,55.8386,56.5369,55.7629,55.948,2128229.0
2021-05-24,55.99,56.234,55.5862,55.6114,1436107.0
2021-05-25,55.6114,55.7881,55.0478,55.7292,2303749.0
2021-05-26,55.8302,55.9311,55.46,55.603,1456536.0
2021-05-27,55.6787,55.948,55.0478,55.1403,3281316.0
2021-05-28,55.3016,55.9807,55.2592,55.5902,2724443.0
2021-05-29,55.3016,55.9807,55.2592,55.5902,2724443.0
2021-05-30,55.3016,55.9807,55.2592,55.5902,2724443.0
2021-05-31,55.3016,55.9807,55.2592,55.5902,2724443.0
2021-06-01,55.7175,56.108,55.2804,55.5647,1768085.0
2021-06-02,55.6921,56.473,55.4204,56.3966,2322114.0
2021-06-03,56.4221,56.9314,56.2268,56.6428,2102242.0
2021-06-04,56.6343,56.8804,56.3542,56.5579,1420048.0
2021-06-05,56.6343,56.8804,56.3542,56.5579,1420048.0
2021-06-06,56.6343,56.8804,56.3542,56.5579,1420048.0
2021-06-07,56.5579,56.6428,55.9722,56.3711,1492589.0
2021-06-08,56.4475,56.5664,55.8831,56.0061,2470312.0
2021-06-09,54.7244,55.7639,54.6395,55.0045,3097875.0
2021-06-10,55.0809,55.5732,54.8432,55.4289,1625253.0
2021-06-11,55.5223,55.6751,54.9281,55.3101,1558647.0
2021-06-12,55.5223,55.6751,54.9281,55.3101,1558647.0
2021-06-13,55.5223,55.6751,54.9281,55.3101,1558647.0
2021-06-14,55.2931,55.5393,54.9366,55.5053,1366092.0
2021-06-15,55.5478,55.6411,54.9875,55.0639,1633855.0
2021-06-16,55.1913,55.395,54.8942,54.9875,2527588.0
2021-06-17,54.8602,55.1913,54.2406,54.7753,2437696.0
2021-06-18,54.5801,54.5801,53.962,53.9774,3465047.0
2021-06-19,54.5801,54.5801,53.962,53.9774,3465047.0
2021-06-20,54.5801,54.5801,53.962,53.9774,3465047.0
2021-06-21,54.1132,54.4867,53.9774,54.4697,2312365.0
2021-06-22,54.6395,54.6395,54.1896,54.2575,1654390.0
2021-06-23,54.1472,54.1726,53.5106,53.536,1725472.0
2021-06-24,53.5021,53.9095,53.222,53.8501,1234010.0
2021-06-25,53.7143,54.317,53.6549,54.266,2192249.0
2021-06-26,53.7143,54.317,53.6549,54.266,2192249.0
2021-06-27,53.7143,54.317,53.6549,54.266,2192249.0
2021-06-28,54.2151,54.7923,54.0623,54.6735,1953066.0
2021-06-29,54.6735,54.8347,54.0496,54.266,2683964.0
2021-06-30,54.266,55.0003,54.266,54.6056,4268581.0
2021-07-01,54.6056,54.8008,54.2066,54.3,2290541.0
2021-07-02,54.5716,54.631,54.1302,54.3424,1736308.0
2021-07-03,54.5716,54.631,54.1302,54.3424,1736308.0
2021-07-04,54.5716,54.631,54.1302,54.3424,1736308.0
2021-07-05,54.5716,54.631,54.1302,54.3424,1736308.0
2021-07-06,54.1981,54.249,53.6464,54.0963,1887933.0
2021-07-07,54.0114,54.7965,53.918,54.4697,1736534.0
2021-07-08,54.4188,55.0158,54.1472,54.3254,1311482.0
2021-07-09,54.3933,54.7838,54.3764,54.5631,1453001.0
2021-07-10,54.3933,54.7838,54.3764,54.5631,1453001.0
2021-07-11,54.3933,54.7838,54.3764,54.5631,1453001.0
2021-07-12,54.4273,54.5207,53.918,54.1302,1512151.0
2021-07-13,54.0878,54.3254,53.4257,53.6124,1952397.0
2021-07-14,53.5615,53.884,53.0607,53.6549,1780264.0
2021-07-15,53.6209,54.2745,53.4342,54.2321,1666200.0
2021-07-16,54.4613,54.7201,54.2193,54.5461,1656741.0
2021-07-17,54.4613,54.7201,54.2193,54.5461,1656741.0
2021-07-18,54.4613,54.7201,54.2193,54.5461,1656741.0
2021-07-19,54.5631,55.0809,53.9604,55.013,1822847.0
2021-07-20,55.1488,55.6836,54.6056,54.665,2260928.0
2021-07-21,54.6565,54.7499,53.7397,53.7397,1619639.0
2021-07-22,53.553,53.7567,53.0777,53.2814,2290054.0
2021-07-23,53.3493,54.0538,53.0946,53.8416,1294449.0
2021-07-24,53.3493,54.0538,53.0946,53.8416,1294449.0
2021-07-25,53.3493,54.0538,53.0946,53.8416,1294449.0
2021-07-26,53.7482,54.0453,53.6379,53.6888,1404899.0
2021-07-27,53.7143,54.4188,53.5572,54.0793,1362273.0
2021-07-28,53.9095,54.1132,53.2899,53.4342,1697937.0
2021-07-29,53.6124,53.8161,53.4172,53.5275,1352387.0
2021-07-30,53.6379,54.266,53.5275,53.7822,4524916.0
2021-07-31,53.6379,54.266,53.5275,53.7822,4524916.0
2021-08-01,53.6379,54.266,53.5275,53.7822,4524916.0
2021-08-02,53.8246,54.1132,53.6761,53.8331,2176838.0
2021-08-03,53.8586,54.5376,53.6888,53.9944,2561700.0
2021-08-04,53.9435,54.0029,52.6278,52.6447,3298558.0
2021-08-05,53.0267,53.6549,52.7042,53.0607,3628647.0
2021-08-06,52.9928,53.9265,52.9758,53.6633,2101098.0
2021-08-07,52.9928,53.9265,52.9758,53.6633,2101098.0
2021-08-08,52.9928,53.9265,52.9758,53.6633,2101098.0
2021-08-09,53.8925,54.2151,53.6209,53.9435,1902306.0
2021-08-10,53.8756,54.5037,53.6888,54.4867,1704726.0
2021-08-11,54.6056,55.0724,54.5716,54.7159,1401779.0
2021-08-12,54.7583,54.8486,54.5461,54.6735,1340394.0
2021-08-13,55.0215,55.7515,54.7753,55.6581,1337959.0
2021-08-14,55.0215,55.7515,54.7753,55.6581,1337959.0
2021-08-15,55.0215,55.7515,54.7753,55.6581,1337959.0
2021-08-16,55.7175,56.2353,55.6581,56.0401,1475537.0
2021-08-17,56.1759,56.9314,56.091,56.8635,2000744.0
2021-08-18,56.8635,56.9314,55.5563,55.5987,2346669.0
2021-08-19,55.5987,56.4433,55.5605,56.2183,1571935.0
2021-08-20,56.3542,56.7192,55.9764,56.1589,1881585.0
2021-08-21,56.3542,56.7192,55.9764,56.1589,1881585.0
2021-08-22,56.3542,56.7192,55.9764,56.1589,1881585.0
2021-08-23,56.1504,56.1504,55.6666,55.7939,1135233.0
2021-08-24,55.8788,55.8805,54.9621,55.1658,1505868.0
2021-08-25,55.0469,55.0724,54.2363,54.3085,2620516.0
2021-08-26,54.2321,54.2321,53.4296,53.6633,2443816.0
2021-08-27,53.5445,53.8077,53.3357,53.7143,1776868.0
2021-08-28,53.5445,53.8077,53.3357,53.7143,1776868.0
2021-08-29,53.5445,53.8077,53.3357,53.7143,1776868.0
2021-08-30,53.3323,53.8416,53.154,53.6124,2432616.0
2021-08-31,53.7923,54.1264,53.1584,54.0922,4298331.0
2021-09-01,54.1436,54.3406,53.6381,54.2207,2240051.0
2021-09-02,54.2207,54.4948,53.9808,54.3663,1832347.0
2021-09-03,54.3406,54.5891,54.1436,54.3492,1763641.0
2021-09-04,54.3406,54.5891,54.1436,54.3492,1763641.0
2021-09-05,54.3406,54.5891,54.1436,54.3492,1763641.0
2021-09-06,54.3406,54.5891,54.1436,54.3492,1763641.0
2021-09-07,54.1864,54.1993,52.8585,52.8928,3133103.0
2021-09-08,52.8928,54.2121,52.8928,54.0151,2429972.0
2021-09-09,53.9722,54.2121,53.7623,53.9722,2135732.0
2021-09-10,53.8866,54.0922,53.3982,53.7495,1494248.0
2021-09-11,53.8866,54.0922,53.3982,53.7495,1494248.0
2021-09-12,53.8866,54.0922,53.3982,53.7495,1494248.0
2021-09-13,53.9465,54.7004,53.9465,54.3149,1663597.0
2021-09-14,54.4948,54.6662,54.195,54.5548,1699839.0
2021-09-15,54.6662,54.9917,54.5891,54.7261,1670669.0
2021-09-16,54.7261,55.1288,53.6981,54.4349,2891916.0
2021-09-17,54.3663,54.8966,54.0837,54.452,3801906.0
2021-09-18,54.3663,54.8966,54.0837,54.452,3801906.0
2021-09-19,54.3663,54.8966,54.0837,54.452,3801906.0
2021-09-20,54.1607,54.6148,53.9979,54.3063,1857012.0
2021-09-21,54.2292,54.4777,53.4753,53.7838,2093577.0
2021-09-22,54.2721,54.6233,53.5953,54.1607,1337599.0
2021-09-23,54.1778,54.6062,54.0151,54.1007,1336832.0
2021-09-24,54.135,54.8118,54.135,54.6405,1627372.0
2021-09-25,54.135,54.8118,54.135,54.6405,1627372.0
2021-09-26,54.135,54.8118,54.135,54.6405,1627372.0
2021-09-27,54.8289,55.4115,54.5164,54.8289,1683403.0
2021-09-28,54.8889,55.2316,54.4802,54.8289,1655615.0
2021-09-29,54.8461,56.3496,54.8461,55.9426,1954202.0
2021-09-30,55.994,56.0198,54.7604,54.7604,1967810.0
2021-10-01,54.8975,55.0345,54.452,54.7176,1625297.0
2021-10-02,54.8975,55.0345,54.452,54.7176,1625297.0
2021-10-03,54.8975,55.0345,54.452,54.7176,1625297.0
2021-10-04,54.8032,55.4843,54.7176,55.283,1683676.0
2021-10-05,55.2744,55.5914,54.6576,54.8461,3219948.0
2021-10-06,54.769,55.4372,54.1864,55.1716,1878590.0
2021-10-07,55.0345,55.1716,53.9851,54.0665,2620055.0
2021-10-08,53.9637,54.1864,53.5345,53.7067,2486887.0
2021-10-09,53.9637,54.1864,53.5345,53.7067,2486887.0
2021-10-10,53.9637,54.1864,53.5345,53.7067,2486887.0
2021-10-11,53.878,54.0065,53.5696,53.7666,1595125.0
2021-10-12,53.7324,53.878,53.2183,53.4239,1946433.0
2021-10-13,53.3468,53.5696,52.5672,52.85,2105363.0
2021-10-14,52.9099,53.4496,52.6529,53.2526,1682676.0
2021-10-15,53.2869,53.3554,52.7857,52.9356,1805783.0
2021-10-16,53.2869,53.3554,52.7857,52.9356,1805783.0
2021-10-17,53.2869,53.3554,52.7857,52.9356,1805783.0
2021-10-18,52.7728,52.987,52.413,52.67,1611317.0
2021-10-19,52.6957,52.772,52.3616,52.6872,1528692.0
2021-10-20,52.8071,53.3203,52.7771,53.1241,2518925.0
2021-10-21,53.1584,53.2526,52.4859,52.8414,1658975.0
2021-10-22,52.9014,53.2954,52.9014,53.2183,1682562.0
2021-10-23,52.9014,53.2954,52.9014,53.2183,1682562.0
2021-10-24,52.9014,53.2954,52.9014,53.2183,1682562.0
2021-10-25,53.244,53.244,52.5587,52.8842,1580193.0
2021-10-26,52.8243,53.0898,52.73,52.7728,2365351.0
2021-10-27,53.2355,53.2612,52.2246,52.5158,1926662.0
2021-10-28,52.5073,52.9014,52.2845,52.85,1252816.0
2021-10-29,52.7728,53.0299,52.4045,52.5158,2190036.0
2021-10-30,52.7728,53.0299,52.4045,52.5158,2190036.0
2021-10-31,52.7728,53.0299,52.4045,52.5158,2190036.0
2021-11-01,52.6101,53.4154,52.4901,53.2526,1580181.0
2021-11-02,53.4496,53.6895,52.8243,53.5696,1860754.0
2021-11-03,53.6296,54.2978,53.4239,54.2635,2671992.0
2021-11-04,54.3149,55.0431,53.2697,53.8951,2948405.0
2021-11-05,53.8095,54.0236,53.1755,53.5953,2045113.0
2021-11-06,53.8095,54.0236,53.1755,53.5953,2045113.0
2021-11-07,53.8095,54.0236,53.1755,53.5953,2045113.0
2021-11-08,53.5439,53.5781,53.0384,53.3297,1875518.0
2021-11-09,53.561,54.2978,53.4411,53.9208,1692020.0
2021-11-10,53.9037,55.1373,53.6724,54.4177,1661828.0
2021-11-11,54.1264,54.3749,53.9294,54.195,1146974.0
2021-11-12,54.4434,54.6747,54.1436,54.1607,1294938.0
2021-11-13,54.4434,54.6747,54.1436,54.1607,1294938.0
2021-11-14,54.4434,54.6747,54.1436,54.1607,1294938.0
2021-11-15,54.4006,54.8289,54.0151,54.7518,1128551.0
2021-11-16,54.8975,54.8975,54.2635,54.2721,1239551.0
2021-11-17,54.2035,54.2978,53.7666,53.938,1577244.0
2021-11-18,53.9208,54.0065,53.0984,53.4668,1634749.0
2021-11-19,53.7324,53.9328,53.0299,53.0556,1677273.0
2021-11-20,53.7324,53.9328,53.0299,53.0556,1677273.0
2021-11-21,53.7324,53.9328,53.0299,53.0556,1677273.0
2021-11-22,53.0213,54.0836,52.9014,53.4496,1845484.0
2021-11-23,53.7238,54.4948,53.4068,54.2978,1986943.0
2021-11-24,54.2978,54.5034,53.7238,54.1436,1309522.0
2021-11-25,54.2978,54.5034,53.7238,54.1436,1309522.0
2021-11-26,54.2464,54.9746,54.1864,54.5205,1624509.0
2021-11-27,54.2464,54.9746,54.1864,54.5205,1624509.0
2021-11-28,54.2464,54.9746,54.1864,54.5205,1624509.0
2021-11-29,54.4863,54.936,54.1264,54.7176,2403520.0
2021-11-30,54.5706,54.9726,52.7118,52.8934,5386210.0
2021-12-01,52.9885,53.6023,52.7464,52.7637,2193794.0
2021-12-02,53.1787,54.1729,53.0144,53.5418,2495094.0
2021-12-03,53.9654,54.657,53.6974,54.4668,1692716.0
2021-12-04,53.9654,54.657,53.6974,54.4668,1692716.0
2021-12-05,53.9654,54.657,53.6974,54.4668,1692716.0
2021-12-06,54.83,55.6426,54.5965,54.9683,2027521.0
2021-12-07,54.9683,55.5735,54.2543,54.536,2462179.0
2021-12-08,54.4063,54.8732,52.9798,53.6196,2619276.0
2021-12-09,53.4467,53.8184,52.9625,53.6282,1760647.0
2021-12-10,53.8184,54.2723,53.6542,54.1383,1802741.0
2021-12-11,53.8184,54.2723,53.6542,54.1383,1802741.0
2021-12-12,53.8184,54.2723,53.6542,54.1383,1802741.0
2021-12-13,54.2334,55.0288,53.732,54.8818,2339392.0
2021-12-14,55.1066,55.3833,54.6916,54.7867,2350033.0
2021-12-15,55.0029,55.3487,54.6311,54.8991,2378047.0
2021-12-16,54.9251,56.8746,54.7003,56.8703,3632348.0
2021-12-17,56.7838,57.3501,55.7204,55.7204,3721164.0
2021-12-18,56.7838,57.3501,55.7204,55.7204,3721164.0
2021-12-19,56.7838,57.3501,55.7204,55.7204,3721164.0
2021-12-20,55.5216,55.7983,55.1239,55.6513,2090517.0
2021-12-21,55.1844,55.2795,53.8919,54.1643,3295499.0
2021-12-22,54.147,54.4279,53.9741,54.2766,2707311.0
2021-12-23,54.4582,54.7867,54.3199,54.3545,1236269.0
2021-12-24,54.4582,54.7867,54.3199,54.3545,1236269.0
2021-12-25,54.4582,54.7867,54.3199,54.3545,1236269.0
2021-12-26,54.4582,54.7867,54.3199,54.3545,1236269.0
2021-12-27,54.4971,54.7089,54.121,54.6916,1096122.0
2021-12-28,54.6138,55.3055,54.56,55.2882,890596.0
2021-12-29,55.3314,55.5648,55.0504,55.2363,1036766.0
2021-12-30,55.4784,55.5302,55.0288,55.2709,933087.0
2021-12-31,55.0807,55.8588,55.0807,55.6945,1071522.0
2022-01-01,55.0807,55.8588,55.0807,55.6945,1071522.0
2022-01-02,55.0807,55.8588,55.0807,55.6945,1071522.0
2022-01-03,55.6945,55.9366,54.951,55.9193,1664335.0
2022-01-04,55.9279,57.1547,55.9106,56.464,2194009.0
2022-01-05,56.0403,57.1988,56.0403,56.7752,2740550.0
2022-01-06,56.9913,57.4236,56.5764,57.0259,2011780.0
2022-01-07,57.0519,57.8645,56.9913,57.5792,2459963.0
2022-01-08,57.0519,57.8645,56.9913,57.5792,2459963.0
2022-01-09,57.0519,57.8645,56.9913,57.5792,2459963.0
2022-01-10,57.6916,58.4006,57.6138,57.9078,3505242.0
2022-01-11,58.0029,58.1326,56.9308,57.5619,1587857.0
2022-01-12,57.2594,57.6225,57.0692,57.389,1262129.0
2022-01-13,57.4928,58.0029,57.2075,57.7867,1589940.0
2022-01-14,58.0029,58.6253,57.7003,58.3833,2181383.0
2022-01-15,58.0029,58.6253,57.7003,58.3833,2181383.0
2022-01-16,58.0029,58.6253,57.7003,58.3833,2181383.0
2022-01-17,58.0029,58.6253,57.7003,58.3833,2181383.0
2022-01-18,58.1671,58.3011,57.2853,57.9164,3031877.0
2022-01-19,57.8732,58.2536,57.4496,57.5792,1626595.0
2022-01-20,57.4928,57.7565,57.0951,57.1729,1988436.0
2022-01-21,57.6268,57.9164,57.2616,57.5879,2209882.0
2022-01-22,57.6268,57.9164,57.2616,57.5879,2209882.0
2022-01-23,57.6268,57.9164,57.2616,57.5879,2209882.0
2022-01-24,57.7176,58.3659,56.0576,57.2334,2504364.0
2022-01-25,57.0519,57.4841,56.3689,57.2248,2578328.0
2022-01-26,56.8011,57.4971,55.8155,56.023,3124460.0
2022-01-27,56.2478,57.0432,56.1614,56.3429,1894920.0
2022-01-28,55.9106,56.438,55.6599,56.4207,1884940.0
2022-01-29,55.9106,56.438,55.6599,56.4207,1884940.0
2022-01-30,55.9106,56.438,55.6599,56.4207,1884940.0
2022-01-31,55.4784,55.4784,54.0432,54.4668,5206331.0
2022-02-01,54.4668,54.8472,54.0181,54.6657,2657000.0
2022-02-02,54.5447,55.1326,54.415,54.804,2782218.0
2022-02-03,55.0029,55.3833,54.6311,54.8732,1787748.0
2022-02-04,54.6311,54.7954,53.2219,53.2392,3349241.0
2022-02-05,54.6311,54.7954,53.2219,53.2392,3349241.0
2022-02-06,54.6311,54.7954,53.2219,53.2392,3349241.0
2022-02-07,53.4553,53.585,52.8501,53.4034,1922811.0
2022-02-08,53.585,53.732,53.0576,53.3429,2151493.0
2022-02-09,53.3083,53.585,52.9798,53.3083,2692341.0
2022-02-10,54.2619,56.1095,53.7752,54.9683,5273322.0
2022-02-11,54.4841,55.6253,54.2075,55.2017,3529341.0
2022-02-12,54.4841,55.6253,54.2075,55.2017,3529341.0
2022-02-13,54.4841,55.6253,54.2075,55.2017,3529341.0
2022-02-14,55.4524,56.2046,54.696,55.9798,3330057.0
2022-02-15,55.9885,56.4813,55.5821,55.8415,2774170.0
2022-02-16,56.023,56.6801,55.2795,55.6081,2898192.0
2022-02-17,55.6686,56.17,55.2968,56.0576,2630816.0
2022-02-18,56.1527,57.1383,56.0317,57.121,2943430.0
2022-02-19,56.1527,57.1383,56.0317,57.121,2943430.0
2022-02-20,56.1527,57.1383,56.0317,57.121,2943430.0
2022-02-21,56.1527,57.1383,56.0317,57.121,2943430.0
2022-02-22,57.0951,57.4236,56.6282,57.1643,2871134.0
2022-02-23,57.389,57.8127,57.0778,57.4668,2991887.0
2022-02-24,56.9308,57.1815,54.4841,55.1498,4213077.0
2022-02-25,55.5043,56.9135,55.5043,56.7838,2187126.0
2022-02-26,55.5043,56.9135,55.5043,56.7838,2187126.0
2022-02-27,55.5043,56.9135,55.5043,56.7838,2187126.0
2022-02-28,56.0337,56.5222,55.2661,55.772,3191057.0
2022-03-01,55.6238,55.868,54.7951,55.2487,2305913.0
2022-03-02,54.8911,55.8157,54.5683,55.4929,2279164.0
2022-03-03,55.6674,56.8624,55.3708,56.4611,2488856.0
2022-03-04,55.8069,56.7839,55.4668,56.653,2723793.0
2022-03-05,55.8069,56.7839,55.4668,56.653,2723793.0
2022-03-06,55.8069,56.7839,55.4668,56.653,2723793.0
2022-03-07,56.2867,58.0661,55.7197,57.5166,3954519.0
2022-03-08,57.2811,57.787,54.6032,54.6294,3475948.0
2022-03-09,55.2487,55.7162,54.1671,54.2456,2126801.0
2022-03-10,53.8531,54.1322,52.9198,53.2163,2649011.0
2022-03-11,53.1727,53.7397,52.1784,52.2045,2894503.0
2022-03-12,53.1727,53.7397,52.1784,52.2045,2894503.0
2022-03-13,53.1727,53.7397,52.1784,52.2045,2894503.0
2022-03-14,52.4226,52.9634,51.9341,52.5534,2687362.0
2022-03-15,52.7192,53.6437,52.5534,53.4867,2824898.0
2022-03-16,53.3297,53.8356,52.4662,53.1727,2461131.0
2022-03-17,53.4082,53.5913,52.9983,53.2425,2163646.0
2022-03-18,53.2774,53.5304,52.5273,52.9983,4442576.0
2022-03-19,53.2774,53.5304,52.5273,52.9983,4442576.0
2022-03-20,53.2774,53.5304,52.5273,52.9983,4442576.0
2022-03-21,53.2948,53.9123,52.9023,53.164,2339768.0
2022-03-22,53.2512,53.5304,52.8064,53.2774,1922235.0
2022-03-23,53.731,54.3852,53.6001,53.7135,2547501.0
2022-03-24,53.6525,54.2369,53.478,53.8967,1818009.0
2022-03-25,53.9926,54.8126,53.8182,54.7951,1610440.0
2022-03-26,53.9926,54.8126,53.8182,54.7951,1610440.0
2022-03-27,53.9926,54.8126,53.8182,54.7951,1610440.0
2022-03-28,54.8649,54.926,54.3285,54.9172,1423574.0
2022-03-29,55.3534,55.711,55.1565,55.6935,1698398.0
2022-03-30,55.8593,55.9291,55.3359,55.8854,1579312.0
2022-03-31,55.9029,56.6181,55.8244,56.2518,1958009.0
2022-04-01,56.4873,57.2811,56.0904,57.2287,2014869.0
2022-04-02,56.4873,57.2811,56.0904,57.2287,2014869.0
2022-04-03,56.4873,57.2811,56.0904,57.2287,2014869.0
2022-04-04,56.9583,57.2462,55.9465,56.967,1345843.0
2022-04-05,56.7403,57.9876,56.7403,57.3857,1897136.0
2022-04-06,57.3683,58.3016,57.1776,58.0486,2380539.0
2022-04-07,57.9701,58.5976,57.8044,58.5633,1748289.0
2022-04-08,58.8773,59.1738,57.8393,58.9296,2084971.0
2022-04-09,58.8773,59.1738,57.8393,58.9296,2084971.0
2022-04-10,58.8773,59.1738,57.8393,58.9296,2084971.0
2022-04-11,59.043,59.5489,58.6854,59.1913,2012960.0
2022-04-12,59.0517,59.5751,58.6156,59.2698,1778642.0
2022-04-13,59.0953,59.3221,58.5371,59.2785,1209496.0
2022-04-14,59.4879,59.6972,59.0779,59.2087,1515618.0
2022-04-15,59.4879,59.6972,59.0779,59.2087,1515618.0
2022-04-16,59.4879,59.6972,59.0779,59.2087,1515618.0
2022-04-17,59.4879,59.6972,59.0779,59.2087,1515618.0
2022-04-18,59.2698,59.4791,58.7988,58.982,950850.0
2022-04-19,59.1826,59.8106,58.9908,59.5751,2065573.0
2022-04-20,59.2785,60.1682,59.1826,60.1421,2309197.0
2022-04-21,60.1159,61.2133,59.8193,60.8137,1933713.0
2022-04-22,60.8399,61.2409,60.4473,60.4735,2418650.0
2022-04-23,60.8399,61.2409,60.4473,60.4735,2418650.0
2022-04-24,60.8399,61.2409,60.4473,60.4735,2418650.0
2022-04-25,60.0897,60.5869,59.3832,60.4125,1979108.0
2022-04-26,60.4822,60.648,59.5315,59.5402,2101942.0
2022-04-27,60.1857,61.0762,60.0548,60.1944,3309944.0
2022-04-28,60.3863,60.8922,59.828,60.6654,1742050.0
2022-04-29,60.552,60.6654,59.6972,59.7495,2434516.0
2022-04-30,60.552,60.6654,59.6972,59.7495,2434516.0
2022-05-01,60.552,60.6654,59.6972,59.7495,2434516.0
2022-05-02,60.3688,60.4822,58.1359,58.7639,3186520.0
2022-05-03,57.7346,59.1608,57.5689,58.415,3471844.0
2022-05-04,58.319,59.2785,58.1359,59.1826,3169717.0
2022-05-05,60.6654,61.9738,60.1857,61.2585,5769014.0
2022-05-06,61.2847,63.9364,61.2847,63.4392,5421517.0
2022-05-07,61.2847,63.9364,61.2847,63.4392,5421517.0
2022-05-08,61.2847,63.9364,61.2847,63.4392,5421517.0
2022-05-09,63.1688,65.4977,62.8199,65.0092,5592948.0
2022-05-10,64.5906,65.9077,63.4741,63.6136,4351633.0
2022-05-11,63.3345,63.953,62.8897,63.1339,2987377.0
2022-05-12,63.5526,64.4501,63.352,63.6049,3091770.0
2022-05-13,63.666,63.9085,62.9573,63.6834,3159967.0
2022-05-14,63.666,63.9085,62.9573,63.6834,3159967.0
2022-05-15,63.666,63.9085,62.9573,63.6834,3159967.0
2022-05-16,63.6747,64.1283,63.2473,63.8142,1887896.0
2022-05-17,63.4741,64.294,61.9651,64.0585,2294334.0
2022-05-18,63.8404,63.9058,59.8978,60.4648,3937993.0
2022-05-19,59.7495,59.8368,58.0661,59.3134,4573701.0
2022-05-20,59.6274,59.8106,57.5427,59.0866,4214320.0
2022-05-21,59.6274,59.8106,57.5427,59.0866,4214320.0
2022-05-22,59.6274,59.8106,57.5427,59.0866,4214320.0
2022-05-23,59.6449,60.2424,59.4312,59.7234,2459605.0
2022-05-24,59.9502,61.4897,59.828,61.4504,2401780.0
2022-05-25,61.5638,61.7296,60.9794,61.1713,2285838.0
2022-05-26,61.2934,61.9302,60.9358,60.9532,1980184.0
2022-05-27,60.8486,61.1277,60.3776,60.8922,2513012.0
2022-05-28,60.8486,61.1277,60.3776,60.8922,2513012.0
2022-05-29,60.8486,61.1277,60.3776,60.8922,2513012.0
2022-05-30,60.8486,61.1277,60.3776,60.8922,2513012.0
2022-05-31,60.6987,61.4375,59.8895,61.3408,6126852.0
2022-06-01,61.2264,61.3847,59.8895,60.6899,2592789.0
2022-06-02,60.6371,60.6591,58.8956,59.9686,2363790.0
2022-06-03,59.9071,60.2501,59.4497,59.5992,1540731.0
2022-06-04,59.9071,60.2501,59.4497,59.5992,1540731.0
2022-06-05,59.9071,60.2501,59.4497,59.5992,1540731.0
2022-06-06,59.696,60.3029,59.5069,60.2061,2252793.0
2022-06-07,59.652,60.7251,59.1682,60.6987,2222956.0
2022-06-08,60.6987,60.9705,60.0654,60.6547,2137283.0
2022-06-09,60.9625,61.4727,60.3205,60.3908,2178653.0
2022-06-10,60.083,61.631,59.8939,61.2,3215345.0
2022-06-11,60.083,61.631,59.8939,61.2,3215345.0
2022-06-12,60.083,61.631,59.8939,61.2,3215345.0
2022-06-13,60.857,61.6926,60.2325,60.5667,2454592.0
2022-06-14,60.6899,61.0329,59.5289,60.1094,2647629.0
2022-06-15,60.2237,60.8834,59.3266,59.6344,2314176.0
2022-06-16,59.2034,59.8719,58.5525,59.5201,2560008.0
2022-06-17,59.7487,60.1182,58.403,59.4057,4351264.0
2022-06-18,59.7487,60.1182,58.403,59.4057,4351264.0
2022-06-19,59.7487,60.1182,58.403,59.4057,4351264.0
2022-06-20,59.7487,60.1182,58.403,59.4057,4351264.0
2022-06-21,62.449,62.6777,60.2678,60.5667,11194756.0
2022-06-22,60.2501,60.5579,58.6405,59.7399,4486366.0
2022-06-23,59.9071,61.2352,59.9071,60.9713,2721064.0
2022-06-24,61.2352,62.3654,60.7075,62.2027,4067849.0
2022-06-25,61.2352,62.3654,60.7075,62.2027,4067849.0
2022-06-26,61.2352,62.3654,60.7075,62.2027,4067849.0
2022-06-27,61.8069,62.537,61.4639,62.4138,2604911.0
2022-06-28,62.5633,63.0471,62.0948,62.3347,2692456.0
2022-06-29,62.5809,63.4077,62.15,62.9943,2435876.0
2022-06-30,62.836,63.2934,62.493,62.7481,2698196.0
2022-07-01,62.9152,63.2406,62.0532,63.1351,3206919.0
2022-07-02,62.9152,63.2406,62.0532,63.1351,3206919.0
2022-07-03,62.9152,63.2406,62.0532,63.1351,3206919.0
2022-07-04,62.9152,63.2406,62.0532,63.1351,3206919.0
2022-07-05,63.0471,63.566,62.5018,63.566,3117540.0
2022-07-06,63.7683,64.2785,63.3901,63.9882,2072156.0
2022-07-07,63.3286,64.2345,63.0339,64.0674,4068370.0
2022-07-08,64.2345,64.6743,63.7596,63.7859,1923044.0
2022-07-09,64.2345,64.6743,63.7596,63.7859,1923044.0
2022-07-10,64.2345,64.6743,63.7596,63.7859,1923044.0
2022-07-11,64.041,64.6127,63.6716,63.997,2879624.0
2022-07-12,64.1993,65.1229,63.7156,64.1993,2794878.0
2022-07-13,64.2257,65.4307,63.9003,64.9909,2729116.0
2022-07-14,63.8563,64.3533,63.3901,64.085,2792480.0
2022-07-15,64.3752,64.4192,63.4693,63.7244,2229038.0
2022-07-16,64.3752,64.4192,63.4693,63.7244,2229038.0
2022-07-17,64.3752,64.4192,63.4693,63.7244,2229038.0
2022-07-18,63.5836,63.9003,62.9504,63.0735,1434481.0
2022-07-19,63.4253,63.5476,62.8712,63.2846,1815411.0
2022-07-20,63.311,63.311,61.741,62.018,2437448.0
2022-07-21,61.7541,62.4138,61.4472,61.7805,1661609.0
2022-07-22,61.9125,62.6777,61.8421,62.5721,1543888.0
2022-07-23,61.9125,62.6777,61.8421,62.5721,1543888.0
2022-07-24,61.9125,62.6777,61.8421,62.5721,1543888.0
2022-07-25,62.5282,63.4781,62.3347,63.4165,1631823.0
2022-07-26,62.8976,64.2785,62.6689,64.129,1871252.0
2022-07-27,63.7508,63.7508,61.895,63.5133,2307273.0
2022-07-28,63.3901,64.5687,63.1043,64.4368,1846562.0
2022-07-29,64.2081,65.1581,63.8387,65.0173,5239424.0
2022-07-30,64.2081,65.1581,63.8387,65.0173,5239424.0
2022-07-31,64.2081,65.1581,63.8387,65.0173,5239424.0
2022-08-01,65.0877,66.108,64.7886,65.7386,2842472.0
2022-08-02,65.8793,66.0587,64.859,64.9733,2132934.0
2022-08-03,64.6479,65.29,64.428,65.0525,2040075.0
2022-08-04,65.8353,67.2426,64.6847,64.9294,3503684.0
2022-08-05,65.2724,66.0992,64.516,66.0024,2550529.0
2022-08-06,65.2724,66.0992,64.516,66.0024,2550529.0
2022-08-07,65.2724,66.0992,64.516,66.0024,2550529.0
2022-08-08,65.7913,66.0508,65.4571,65.6858,2047555.0
2022-08-09,65.9673,66.4422,65.8969,66.1432,1415510.0
2022-08-10,66.1871,66.6269,65.8353,66.4158,1932803.0
2022-08-11,66.3191,67.2866,66.2399,66.3103,1355514.0
2022-08-12,66.3543,66.6093,66.0244,66.5126,1417905.0
2022-08-13,66.3543,66.6093,66.0244,66.5126,1417905.0
2022-08-14,66.3543,66.6093,66.0244,66.5126,1417905.0
2022-08-15,66.5566,67.1195,66.2575,66.7149,1360193.0
2022-08-16,66.495,67.1371,66.3631,66.7589,2655299.0
2022-08-17,66.8204,67.2338,66.5742,66.6093,1585618.0
2022-08-18,66.4862,66.8204,66.1036,66.7677,1493960.0
2022-08-19,66.9172,67.7176,66.6797,67.4361,2584742.0
2022-08-20,66.9172,67.7176,66.6797,67.4361,2584742.0
2022-08-21,66.9172,67.7176,66.6797,67.4361,2584742.0
2022-08-22,67.4097,67.5593,66.2311,66.5126,1879861.0
2022-08-23,66.4422,67.1679,66.3191,67.0139,2013783.0
2022-08-24,67.1107,67.2602,66.7413,66.9348,1594461.0
2022-08-25,66.6797,66.9612,66.3456,66.7061,1757452.0
2022-08-26,66.8732,66.8732,64.9382,64.9558,1806562.0
2022-08-27,66.8732,66.8732,64.9382,64.9558,1806562.0
2022-08-28,66.8732,66.8732,64.9382,64.9558,1806562.0
2022-08-29,64.7359,65.5627,64.4192,65.2724,1276528.0
2022-08-30,65.2284,65.2372,64.2169,64.384,2029643.0
2022-08-31,64.3663,65.1466,63.9854,64.4993,2823220.0
2022-09-01,64.3663,65.2876,63.8963,65.0313,2077303.0
2022-09-02,65.2264,65.9003,64.2599,64.4638,1612421.0
2022-09-03,65.2264,65.9003,64.2599,64.4638,1612421.0
2022-09-04,65.2264,65.9003,64.2599,64.4638,1612421.0
2022-09-05,65.2264,65.9003,64.2599,64.4638,1612421.0
2022-09-06,64.455,64.9382,63.7899,64.0826,2007861.0
2022-09-07,64.1358,64.987,63.8343,64.8806,1769070.0
2022-09-08,64.2599,64.4018,62.6993,63.6215,3165243.0
2022-09-09,63.9673,64.517,63.1426,63.8963,2296211.0
2022-09-10,63.9673,64.517,63.1426,63.8963,2296211.0
2022-09-11,63.9673,64.517,63.1426,63.8963,2296211.0
2022-09-12,63.9673,64.5436,63.5417,64.4106,2192781.0
2022-09-13,64.2688,64.6048,62.6904,62.7968,2196444.0
2022-09-14,62.7614,63.2047,62.2914,62.5219,2428238.0
2022-09-15,62.6283,62.6904,61.6219,62.3712,2140243.0
2022-09-16,62.5219,63.0983,62.1761,63.0274,5934816.0
2022-09-17,62.5219,63.0983,62.1761,63.0274,5934816.0
2022-09-18,62.5219,63.0983,62.1761,63.0274,5934816.0
2022-09-19,63.054,63.3909,62.85,63.3821,1327575.0
2022-09-20,63.0008,63.5239,62.85,63.3732,2315711.0
2022-09-21,64.0382,65.6964,63.9673,64.65,2984884.0
2022-09-22,64.7919,65.7141,64.5702,65.2707,2736677.0
2022-09-23,64.8895,65.386,63.9229,64.7653,2315810.0
2022-09-24,64.8895,65.386,63.9229,64.7653,2315810.0
2022-09-25,64.8895,65.386,63.9229,64.7653,2315810.0
2022-09-26,64.5968,65.1909,64.1003,64.6678,2155312.0
2022-09-27,64.8363,65.6166,63.719,63.8431,2147393.0
2022-09-28,64.118,64.8052,63.4175,64.4993,2160183.0
2022-09-29,64.5791,64.6146,63.0628,63.4175,1845033.0
2022-09-30,63.6126,63.7899,61.6884,61.7682,2796972.0
2022-10-01,63.6126,63.7899,61.6884,61.7682,2796972.0
2022-10-02,63.6126,63.7899,61.6884,61.7682,2796972.0
2022-10-03,62.1318,63.2402,61.684,63.0185,2144683.0
2022-10-04,62.9919,64.3042,62.8234,63.9495,2068300.0
2022-10-05,63.7456,64.1402,63.0939,63.7456,1392174.0
2022-10-06,63.6126,63.6481,61.7239,62.1052,1705114.0
2022-10-07,62.0077,62.3801,61.379,61.7594,1853765.0
2022-10-08,62.0077,62.3801,61.379,61.7594,1853765.0
2022-10-09,62.0077,62.3801,61.379,61.7594,1853765.0
2022-10-10,62.0609,62.8855,61.9278,62.8234,2011437.0
2022-10-11,62.9121,64.2989,62.8101,63.8077,1707484.0
2022-10-12,63.8431,64.6855,63.7988,63.8697,1999052.0
2022-10-13,63.586,65.0934,63.054,64.8629,1774021.0
2022-10-14,64.9693,65.5811,63.6303,63.8254,1744120.0
2022-10-15,64.9693,65.5811,63.6303,63.8254,1744120.0
2022-10-16,64.9693,65.5811,63.6303,63.8254,1744120.0
2022-10-17,64.0737,64.4195,63.7367,64.0382,1788094.0
2022-10-18,64.2865,65.1998,64.251,65.1643,1502830.0
2022-10-19,65.2619,65.6964,64.6235,65.2441,1309465.0
2022-10-20,65.1643,65.2264,63.4486,63.6303,1898290.0
2022-10-21,63.6658,64.6057,63.3643,64.056,1308814.0
2022-10-22,63.6658,64.6057,63.3643,64.056,1308814.0
2022-10-23,63.6658,64.6057,63.3643,64.056,1308814.0
2022-10-24,64.5082,65.3949,64.3574,64.8717,1355894.0
2022-10-25,64.7033,65.8914,64.4638,65.6964,1980247.0
2022-10-26,66.1929,66.5742,64.9515,65.4836,2132215.0
2022-10-27,65.8028,67.319,65.6964,66.7427,2684966.0
2022-10-28,66.9378,68.2678,66.6584,68.0905,2451261.0
2022-10-29,66.9378,68.2678,66.6584,68.0905,2451261.0
2022-10-30,66.9378,68.2678,66.6584,68.0905,2451261.0
2022-10-31,68.0639,68.4274,67.6737,68.1171,2683877.0
2022-11-01,67.7535,68.0986,67.319,67.3811,2580839.0
2022-11-02,67.3013,68.1348,66.858,67.2304,3112994.0
2022-11-03,66.3969,66.8402,61.0234,61.6352,8186154.0
2022-11-04,62.0786,62.7525,61.1564,61.9456,3451494.0
2022-11-05,62.0786,62.7525,61.1564,61.9456,3451494.0
2022-11-06,62.0786,62.7525,61.1564,61.9456,3451494.0
2022-11-07,62.0697,63.2313,61.9367,63.2136,1939233.0
2022-11-08,63.2934,64.0382,62.9032,63.3288,1570479.0
2022-11-09,63.3555,64.4372,62.8855,62.9564,1982974.0
2022-11-10,63.6658,64.0205,61.0943,62.9742,3922358.0
2022-11-11,62.6283,62.6461,60.3052,61.1653,4258977.0
2022-11-12,62.6283,62.6461,60.3052,61.1653,4258977.0
2022-11-13,62.6283,62.6461,60.3052,61.1653,4258977.0
2022-11-14,61.7416,62.7259,61.4756,61.5022,2685420.0
2022-11-15,61.6175,61.6175,60.6421,61.4934,1789100.0
2022-11-16,61.7328,62.8057,61.6973,62.4067,1726776.0
2022-11-17,62.1318,62.6195,61.8037,62.0963,1749101.0
2022-11-18,62.4244,62.9121,62.1185,62.6106,2003850.0
2022-11-19,62.4244,62.9121,62.1185,62.6106,2003850.0
2022-11-20,62.4244,62.9121,62.1185,62.6106,2003850.0
2022-11-21,62.717,63.75,62.4022,63.6747,2200889.0
2022-11-22,63.8431,64.1446,63.453,63.8697,1990995.0
2022-11-23,64.0205,64.3397,63.5949,64.2954,1526295.0
2022-11-24,64.0205,64.3397,63.5949,64.2954,1526295.0
2022-11-25,64.588,64.6412,64.2488,64.5525,1045005.0
2022-11-26,64.588,64.6412,64.2488,64.5525,1045005.0
2022-11-27,64.588,64.6412,64.2488,64.5525,1045005.0
2022-11-28,64.4727,65.1023,64.3752,64.4816,1621739.0
2022-11-29,64.2244,64.5348,63.7855,64.1978,1657787.0
2022-11-30,64.1889,65.6034,63.7866,65.217,6901494.0
2022-12-01,65.3689,65.9769,64.913,65.4405,2270895.0
2022-12-02,65.2885,66.0394,65.1812,66.0037,1417004.0
2022-12-03,65.2885,66.0394,65.1812,66.0037,1417004.0
2022-12-04,65.2885,66.0394,65.1812,66.0037,1417004.0
2022-12-05,65.3689,65.6908,64.9756,65.5746,1391215.0
2022-12-06,65.5746,66.1735,64.8326,65.3242,1412596.0
2022-12-07,65.664,66.2272,65.4494,66.0573,1983659.0
2022-12-08,65.9322,66.1199,65.1544,65.6729,1685234.0
2022-12-09,65.664,65.8025,64.5286,64.6716,2534632.0
2022-12-10,65.664,65.8025,64.5286,64.6716,2534632.0
2022-12-11,65.664,65.8025,64.5286,64.6716,2534632.0
2022-12-12,65.3153,66.2182,64.8996,66.1914,1877567.0
2022-12-13,66.2987,66.7993,65.1097,65.8517,2068078.0
2022-12-14,65.7891,66.397,65.4583,65.9053,1629282.0
2022-12-15,65.6282,65.7176,64.4213,64.8236,2187550.0
2022-12-16,64.323,64.4392,63.2144,63.7329,4591889.0
2022-12-17,64.323,64.4392,63.2144,63.7329,4591889.0
2022-12-18,64.323,64.4392,63.2144,63.7329,4591889.0
2022-12-19,63.7598,64.6716,63.5899,63.9296,2208323.0
2022-12-20,63.6435,64.0544,62.6646,63.4558,1958225.0
2022-12-21,63.6614,64.5465,63.429,64.1978,1173719.0
2022-12-22,64.1263,64.2693,63.6078,64.0727,1241918.0
2022-12-23,64.0905,64.5375,64.0011,64.5286,919983.0
2022-12-24,64.0905,64.5375,64.0011,64.5286,919983.0
2022-12-25,64.0905,64.5375,64.0011,64.5286,919983.0
2022-12-26,64.0905,64.5375,64.0011,64.5286,919983.0
2022-12-27,64.6627,65.0337,64.5197,64.9667,1112009.0
2022-12-28,65.1276,65.3108,64.0727,64.1174,1057104.0
2022-12-29,64.2068,64.2336,63.6793,63.8939,1209079.0
2022-12-30,63.9386,64.0592,63.1429,63.6882,1244171.0
2022-12-31,63.9386,64.0592,63.1429,63.6882,1244171.0
2023-01-01,63.9386,64.0592,63.1429,63.6882,1244171.0
2023-01-02,63.9386,64.0592,63.1429,63.6882,1244171.0
2023-01-03,63.5452,63.7463,63.0446,63.7151,1856600.0
2023-01-04,63.7151,64.1174,63.0535,63.2323,2033037.0
2023-01-05,63.3485,63.581,62.4903,63.1697,3246527.0
2023-01-06,63.7329,64.8638,63.7329,64.77,2351811.0
2023-01-07,63.7329,64.8638,63.7329,64.77,2351811.0
2023-01-08,63.7329,64.8638,63.7329,64.77,2351811.0
2023-01-09,64.6806,64.9667,63.7016,63.8134,2477585.0
2023-01-10,64.0905,64.2157,62.9999,63.2502,1752808.0
2023-01-11,63.429,63.7955,62.7495,63.3128,1744246.0
2023-01-12,63.4469,63.5541,62.687,62.7942,1641685.0
2023-01-13,62.5797,62.9775,62.5305,62.5797,1457985.0
2023-01-14,62.5797,62.9775,62.5305,62.5797,1457985.0
2023-01-15,62.5797,62.9775,62.5305,62.5797,1457985.0
2023-01-16,62.5797,62.9775,62.5305,62.5797,1457985.0
2023-01-17,62.6244,62.8032,62.0898,62.3294,1946001.0
2023-01-18,62.1506,62.24,60.0676,60.1927,3235490.0
2023-01-19,60.3536,60.6844,60.1301,60.1748,1872760.0
2023-01-20,60.2911,60.4788,59.6116,60.3447,2280616.0
2023-01-21,60.2911,60.4788,59.6116,60.3447,2280616.0
2023-01-22,60.2911,60.4788,59.6116,60.3447,2280616.0
2023-01-23,60.4073,60.9705,60.0318,60.157,2238687.0
2023-01-24,60.5771,60.7023,59.701,60.4967,1601582.0
2023-01-25,60.4967,61.1761,60.2017,60.8096,1765938.0
2023-01-26,60.6487,60.6487,60.1212,60.3626,1450389.0
2023-01-27,60.2732,60.5503,59.8798,60.4341,1649143.0
2023-01-28,60.2732,60.5503,59.8798,60.4341,1649143.0
2023-01-29,60.2732,60.5503,59.8798,60.4341,1649143.0
2023-01-30,60.6308,61.3281,60.5861,60.8722,1560397.0
2023-01-31,61.051,61.3191,60.3358,61.3102,2371555.0
2023-02-01,61.1403,61.3907,60.7559,61.0241,2079958.0
2023-02-02,60.3626,60.671,59.9654,60.4609,2537409.0
2023-02-03,60.6397,60.7738,59.406,60.443,2493060.0
2023-02-04,60.6397,60.7738,59.406,60.443,2493060.0
2023-02-05,60.6397,60.7738,59.406,60.443,2493060.0
2023-02-06,60.5414,61.7304,60.1123,61.6946,2839797.0
2023-02-07,61.1582,61.3281,60.3,60.7917,2080089.0
2023-02-08,60.5146,60.604,59.8843,60.0765,2976234.0
2023-02-09,60.7738,61.8466,59.6206,60.0139,3147319.0
2023-02-10,60.3179,60.8185,60.0586,60.5146,2432415.0
2023-02-11,60.3179,60.8185,60.0586,60.5146,2432415.0
2023-02-12,60.3179,60.8185,60.0586,60.5146,2432415.0
2023-02-13,60.5324,61.1627,60.0139,61.1314,2089801.0
2023-02-14,61.1672,61.1716,60.0407,60.0765,2020248.0
2023-02-15,60.1033,60.2508,59.5849,60.0586,2805540.0
2023-02-16,59.8709,60.0229,59.4686,59.7547,2274270.0
2023-02-17,59.8619,61.2029,59.7189,61.1314,2273077.0
2023-02-18,59.8619,61.2029,59.7189,61.1314,2273077.0
2023-02-19,59.8619,61.2029,59.7189,61.1314,2273077.0
2023-02-20,59.8619,61.2029,59.7189,61.1314,2273077.0
2023-02-21,61.1582,61.8645,60.8453,61.6052,2936892.0
2023-02-22,61.8198,62.1077,60.7381,60.9705,2040824.0
2023-02-23,61.2119,61.3281,60.7336,60.9794,1525321.0
2023-02-24,60.9884,60.9884,60.3201,60.5056,1535331.0
2023-02-25,60.9884,60.9884,60.3201,60.5056,1535331.0
2023-02-26,60.9884,60.9884,60.3201,60.5056,1535331.0
2023-02-27,60.604,60.9079,60.0497,60.3536,1989448.0
2023-02-28,60.2724,60.4167,59.3886,59.4698,3451139.0
2023-03-01,59.2443,59.3345,58.2162,58.8565,1848860.0
2023-03-02,58.9557,59.3525,58.7122,59.1812,2205864.0
2023-03-03,59.0278,59.1631,58.4867,58.9286,1954052.0
2023-03-04,59.0278,59.1631,58.4867,58.9286,1954052.0
2023-03-05,59.0278,59.1631,58.4867,58.9286,1954052.0
2023-03-06,58.8294,58.9974,58.5499,58.7122,1795642.0
2023-03-07,58.8475,58.9828,57.9005,58.2071,1605677.0
2023-03-08,58.4957,58.4957,57.8825,58.3695,1615036.0
2023-03-09,58.631,58.8403,57.657,57.8284,1688871.0
2023-03-10,57.8825,58.2793,57.4856,57.6209,1824380.0
2023-03-11,57.8825,58.2793,57.4856,57.6209,1824380.0
2023-03-12,57.8825,58.2793,57.4856,57.6209,1824380.0
2023-03-13,57.8193,59.4517,57.8193,57.9546,2726347.0
2023-03-14,58.2432,58.3605,57.6841,58.3063,2250473.0
2023-03-15,58.2342,58.9647,57.8374,58.8565,2283564.0
2023-03-16,59.0008,59.1631,58.0087,58.5949,1953296.0
2023-03-17,58.622,58.6491,57.6209,58.3875,9460247.0
2023-03-18,58.622,58.6491,57.6209,58.3875,9460247.0
2023-03-19,58.622,58.6491,57.6209,58.3875,9460247.0
2023-03-20,58.4777,59.2533,58.4777,58.64,2549907.0
2023-03-21,58.7212,58.9467,58.2071,58.7573,1554699.0
2023-03-22,58.8294,59.0594,58.144,58.162,1657373.0
2023-03-23,58.0899,58.7032,58.0809,58.2613,1909296.0
2023-03-24,58.5138,59.0549,58.2793,59.0459,2072029.0
2023-03-25,58.5138,59.0549,58.2793,59.0459,2072029.0
2023-03-26,58.5138,59.0549,58.2793,59.0459,2072029.0
2023-03-27,59.56,59.8846,59.2533,59.3706,1516335.0
2023-03-28,59.4698,60.1372,59.1992,59.7854,1515511.0
2023-03-29,59.9117,60.1913,59.6501,59.9658,1621774.0
2023-03-30,59.9297,60.1552,59.7764,60.1191,1466677.0
2023-03-31,60.4258,60.561,60.083,60.3897,1933072.0
2023-04-01,60.4258,60.561,60.083,60.3897,1933072.0
2023-04-02,60.4258,60.561,60.083,60.3897,1933072.0
2023-04-03,60.543,60.9714,60.1907,60.525,2465647.0
2023-04-04,60.6061,60.8587,60.3266,60.6873,1504729.0
2023-04-05,60.9669,61.526,60.6873,61.3547,1865039.0
2023-04-06,61.6072,61.8958,61.0345,61.3186,1559603.0
2023-04-07,61.6072,61.8958,61.0345,61.3186,1559603.0
2023-04-08,61.6072,61.8958,61.0345,61.3186,1559603.0
2023-04-09,61.6072,61.8958,61.0345,61.3186,1559603.0
2023-04-10,61.1202,61.2149,60.6106,61.1292,1351724.0
2023-04-11,61.1292,61.8462,60.9759,61.6703,1892632.0
2023-04-12,61.4178,62.0311,61.3006,61.6613,1517648.0
2023-04-13,61.3908,61.5578,60.9894,61.1924,2069834.0
2023-04-14,60.9849,61.0841,60.1687,60.4258,1558926.0
2023-04-15,60.9849,61.0841,60.1687,60.4258,1558926.0
2023-04-16,60.9849,61.0841,60.1687,60.4258,1558926.0
2023-04-17,60.5881,61.0571,60.5297,60.9849,1133091.0
2023-04-18,60.8226,61.1563,60.7234,61.1112,1348050.0
2023-04-19,61.3457,61.4629,60.6332,60.7414,1251842.0
2023-04-20,60.8496,60.9218,60.3175,60.6422,1490003.0
2023-04-21,61.1202,61.3186,60.4348,60.7414,1198495.0
2023-04-22,61.1202,61.3186,60.4348,60.7414,1198495.0
2023-04-23,61.1202,61.3186,60.4348,60.7414,1198495.0
2023-04-24,60.8406,61.0841,60.6152,60.9849,1678914.0
2023-04-25,61.1473,61.9184,61.0841,61.8237,1776154.0
2023-04-26,61.3817,61.9048,61.2916,61.7425,1606485.0
2023-04-27,61.6523,62.5091,61.5351,62.4911,1254217.0
2023-04-28,62.5542,63.0412,62.3377,62.924,2405698.0
2023-04-29,62.5542,63.0412,62.3377,62.924,2405698.0
2023-04-30,62.5542,63.0412,62.3377,62.924,2405698.0
2023-05-01,63.1224,63.9656,63.0277,63.8439,2901476.0
2023-05-02,63.6545,64.394,63.0592,64.1956,2421140.0
2023-05-03,64.4752,65.2057,63.907,64.5113,4090908.0
2023-05-04,64.0242,64.1144,62.1303,63.4741,3719082.0
2023-05-05,63.8709,64.1866,63.2847,63.447,2698562.0
2023-05-06,63.8709,64.1866,63.2847,63.447,2698562.0
2023-05-07,63.8709,64.1866,63.2847,63.447,2698562.0
2023-05-08,63.1224,64.2317,62.8067,64.1505,3149742.0
2023-05-09,64.1595,64.5113,63.5372,63.5463,2896290.0
2023-05-10,63.4921,64.0242,63.2577,63.6274,1929662.0
2023-05-11,63.7627,63.8078,62.9066,63.7627,1531677.0
2023-05-12,63.7898,64.2046,63.429,63.8619,1519460.0
2023-05-13,63.7898,64.2046,63.429,63.8619,1519460.0
2023-05-14,63.7898,64.2046,63.429,63.8619,1519460.0
2023-05-15,63.8529,63.9431,63.0051,63.2396,1754511.0
2023-05-16,63.2396,63.2396,62.3828,62.6804,1806451.0
2023-05-17,62.7616,62.7797,61.526,62.3738,4157621.0
2023-05-18,62.1303,62.3152,61.7696,62.2746,2054137.0
2023-05-19,62.3017,62.7436,62.0762,62.5271,1729746.0
2023-05-20,62.3017,62.7436,62.0762,62.5271,1729746.0
2023-05-21,62.3017,62.7436,62.0762,62.5271,1729746.0
2023-05-22,62.6354,62.7797,61.5351,61.6343,2083157.0
2023-05-23,61.6072,62.0491,61.1112,61.8056,2125819.0
2023-05-24,61.977,62.1709,61.5215,61.8146,1766202.0
2023-05-25,61.4178,61.526,60.9128,61.2645,1635836.0
2023-05-26,61.1112,61.3457,60.7144,61.03,1817384.0
2023-05-27,61.1112,61.3457,60.7144,61.03,1817384.0
2023-05-28,61.1112,61.3457,60.7144,61.03,1817384.0
2023-05-29,61.1112,61.3457,60.7144,61.03,1817384.0
2023-05-30,60.7775,60.8361,59.8215,59.8936,2492342.0
2023-05-31,60.0756,60.8832,59.9118,60.7581,5341825.0
2023-06-01,60.8491,60.9674,59.9482,60.0847,2365126.0
2023-06-02,59.8663,61.3496,59.8026,61.3223,2422417.0
2023-06-03,59.8663,61.3496,59.8026,61.3223,2422417.0
2023-06-04,59.8663,61.3496,59.8026,61.3223,2422417.0
2023-06-05,61.3223,62.0411,61.1312,61.4224,1869670.0
2023-06-06,61.568,61.7955,60.1577,60.8127,2411132.0
2023-06-07,59.5479,60.6125,58.4741,60.4032,3262950.0
2023-06-08,60.385,60.6853,60.0028,60.5761,3155263.0
2023-06-09,60.5488,61.3769,60.4487,61.113,1958574.0
2023-06-10,60.5488,61.3769,60.4487,61.113,1958574.0
2023-06-11,60.5488,61.3769,60.4487,61.113,1958574.0
2023-06-12,61.204,61.2358,59.1475,59.5115,4937135.0
2023-06-13,59.1475,59.7571,58.7835,59.6752,2115344.0
2023-06-14,59.839,60.3213,59.6229,60.1848,1621725.0
2023-06-15,60.0938,60.6489,59.7207,60.0028,2655725.0
2023-06-16,59.7571,60.3759,59.7571,60.3213,3915528.0
2023-06-17,59.7571,60.3759,59.7571,60.3213,3915528.0
2023-06-18,59.7571,60.3759,59.7571,60.3213,3915528.0
2023-06-19,59.7571,60.3759,59.7571,60.3213,3915528.0
2023-06-20,60.3395,60.3577,59.6479,59.657,2083867.0
2023-06-21,59.6752,59.8845,59.1293,59.3659,3047218.0
2023-06-22,59.8026,59.9209,59.4887,59.6479,3262824.0
2023-06-23,59.9846,60.1575,59.2476,59.2931,4664076.0
2023-06-24,59.9846,60.1575,59.2476,59.2931,4664076.0
2023-06-25,59.9846,60.1575,59.2476,59.2931,4664076.0
2023-06-26,59.1475,59.7207,58.4013,59.6934,2153345.0
2023-06-27,61.9683,62.2413,60.5989,60.6944,3682161.0
2023-06-28,59.557,59.7298,58.5651,59.6479,4803523.0
2023-06-29,59.466,60.8309,59.2521,60.8036,2974156.0
2023-06-30,60.9219,61.5225,60.8127,61.3314,2345272.0
2023-07-01,60.9219,61.5225,60.8127,61.3314,2345272.0
2023-07-02,60.9219,61.5225,60.8127,61.3314,2345272.0
2023-07-03,61.1403,62.3778,60.89,62.3778,1387097.0
2023-07-04,61.1403,62.3778,60.89,62.3778,1387097.0
2023-07-05,62.1594,62.5052,61.8319,62.2413,2065096.0
2023-07-06,62.1139,62.4279,61.7682,62.2231,2232664.0
2023-07-07,62.0684,62.1594,61.1175,61.1403,1851799.0
2023-07-08,62.0684,62.1594,61.1175,61.1403,1851799.0
2023-07-09,62.0684,62.1594,61.1175,61.1403,1851799.0
2023-07-10,61.386,61.7136,60.7263,60.9583,1637459.0
2023-07-11,61.1221,61.3951,60.8582,61.386,1563863.0
2023-07-12,61.3496,61.9274,61.1767,61.7955,2024740.0
2023-07-13,61.8319,61.8774,61.1321,61.5407,2225727.0
2023-07-14,61.6408,61.6681,61.1585,61.477,1862675.0
2023-07-15,61.6408,61.6681,61.1585,61.477,1862675.0
2023-07-16,61.6408,61.6681,61.1585,61.477,1862675.0
2023-07-17,61.3041,61.3587,60.6762,60.7126,1262580.0
2023-07-18,60.8582,61.2586,60.3805,60.6216,1329800.0
2023-07-19,60.7035,61.1676,60.4942,61.1312,2137936.0
2023-07-20,61.2768,61.8137,60.9128,61.6317,2300295.0
2023-07-21,61.6044,61.8501,61.386,61.6772,1814273.0
2023-07-22,61.6044,61.8501,61.386,61.6772,1814273.0
2023-07-23,61.6044,61.8501,61.386,61.6772,1814273.0
2023-07-24,61.8228,61.982,61.5407,61.7409,1610607.0
2023-07-25,61.8774,61.9774,61.295,61.841,1733595.0
2023-07-26,61.7682,62.0866,61.4315,61.4588,1613559.0
2023-07-27,61.4133,61.7045,60.9219,61.0857,2167154.0
2023-07-28,61.4406,61.6999,61.1494,61.4952,1696054.0
2023-07-29,61.4406,61.6999,61.1494,61.4952,1696054.0
2023-07-30,61.4406,61.6999,61.1494,61.4952,1696054.0
2023-07-31,61.4952,61.5043,60.5761,60.8673,4255079.0
2023-08-01,60.9765,61.1039,59.9027,60.2303,3001667.0
2023-08-02,60.1575,61.3132,60.0756,60.6398,2692968.0
2023-08-03,60.7035,61.6863,59.9027,60.2849,3446080.0
2023-08-04,60.0756,60.294,58.8699,58.9655,2280453.0
2023-08-05,60.0756,60.294,58.8699,58.9655,2280453.0
2023-08-06,60.0756,60.294,58.8699,58.9655,2280453.0
2023-08-07,58.9655,59.4842,58.9291,58.9746,2009255.0
2023-08-08,59.1475,59.1475,57.6961,57.7461,2569222.0
2023-08-09,57.7279,58.5742,57.3548,57.8644,3178532.0
2023-08-10,57.8553,58.4832,57.6733,57.8644,2347605.0
2023-08-11,58.0009,58.3285,57.8098,58.2193,2006765.0
2023-08-12,58.0009,58.3285,57.8098,58.2193,2006765.0
2023-08-13,58.0009,58.3285,57.8098,58.2193,2006765.0
2023-08-14,58.4468,58.5105,57.9782,58.1647,2441201.0
2023-08-15,58.0373,58.0692,57.4231,57.4458,2217882.0
2023-08-16,57.3275,57.5343,56.3903,56.4722,2127704.0
2023-08-17,56.4267,56.5814,55.8898,55.8989,1953153.0
2023-08-18,55.8807,56.5131,55.8807,56.2811,1932538.0
2023-08-19,55.8807,56.5131,55.8807,56.2811,1932538.0
2023-08-20,55.8807,56.5131,55.8807,56.2811,1932538.0
2023-08-21,56.1173,56.2356,55.2847,55.6168,2066721.0
2023-08-22,55.5622,55.6805,55.2437,55.2801,2158047.0
2023-08-23,55.3438,55.7624,55.0799,55.3711,1794981.0
2023-08-24,55.4257,55.917,55.1163,55.3529,1759681.0
2023-08-25,55.6805,56.0445,55.3893,55.726,1634186.0
2023-08-26,55.6805,56.0445,55.3893,55.726,1634186.0
2023-08-27,55.6805,56.0445,55.3893,55.726,1634186.0
2023-08-28,55.726,56.1355,55.6896,55.8443,1702839.0
2023-08-29,56.1719,56.2256,55.3984,55.9535,1732385.0
2023-08-30,55.9626,56.5768,55.9626,56.1537,2777517.0
2023-08-31,56.3099,56.5029,55.9424,56.071,3035991.0
2023-09-01,56.1537,56.4569,54.8856,55.0327,2597065.0
2023-09-02,56.1537,56.4569,54.8856,55.0327,2597065.0
2023-09-03,56.1537,56.4569,54.8856,55.0327,2597065.0
2023-09-04,56.1537,56.4569,54.8856,55.0327,2597065.0
2023-09-05,54.904,55.3818,54.6375,54.6467,2628498.0
2023-09-06,54.7937,54.9683,54.4032,54.4905,1974011.0
2023-09-07,54.7662,55.2624,54.3067,54.5548,2314384.0
2023-09-08,54.5548,54.6375,54.1046,54.6008,2312085.0
2023-09-09,54.5548,54.6375,54.1046,54.6008,2312085.0
2023-09-10,54.5548,54.6375,54.1046,54.6008,2312085.0
2023-09-11,54.7478,55.097,54.4813,54.9959,2129086.0
2023-09-12,55.2256,55.2716,54.3435,54.7662,2810096.0
2023-09-13,54.9591,55.1154,54.0448,54.1413,3011186.0
2023-09-14,54.2148,55.1567,54.1873,55.051,2621925.0
2023-09-15,54.9591,55.4737,54.9132,55.097,5721149.0
2023-09-16,54.9591,55.4737,54.9132,55.097,5721149.0
2023-09-17,54.9591,55.4737,54.9132,55.097,5721149.0
2023-09-18,55.2899,55.3359,54.564,55.2808,2169050.0
2023-09-19,55.2532,55.7107,55.0619,55.4002,2637449.0
2023-09-20,55.5932,56.0986,55.051,55.8229,1944280.0
2023-09-21,55.8045,56.1353,55.4002,55.5564,2509276.0
2023-09-22,55.4737,55.7861,55.3175,55.3267,2364264.0
2023-09-23,55.4737,55.7861,55.3175,55.3267,2364264.0
2023-09-24,55.4737,55.7861,55.3175,55.3267,2364264.0
2023-09-25,55.0694,55.4278,54.4905,54.6651,2851504.0
2023-09-26,54.5364,54.8029,54.3343,54.3802,2306835.0
2023-09-27,54.2975,54.5089,53.6957,54.3251,2395387.0
2023-09-28,54.4446,54.564,53.9484,54.3986,2262548.0
2023-09-29,54.6283,54.8213,54.3665,54.6835,3413788.0
2023-09-30,54.6283,54.8213,54.3665,54.6835,3413788.0
2023-10-01,54.6283,54.8213,54.3665,54.6835,3413788.0
2023-10-02,54.5464,54.6639,50.7516,51.4126,7357075.0
2023-10-03,51.2853,52.3478,50.9813,51.8925,5218555.0
2023-10-04,51.9414,52.1765,51.158,51.8729,3822851.0
2023-10-05,51.5595,51.6436,49.5716,49.5912,3687782.0
2023-10-06,49.219,49.4443,47.3388,49.3855,4975411.0
2023-10-07,49.219,49.4443,47.3388,49.3855,4975411.0
2023-10-08,49.219,49.4443,47.3388,49.3855,4975411.0
2023-10-09,49.317,49.7087,48.3769,49.4541,3364275.0
2023-10-10,49.8654,50.0514,49.3659,49.6597,3377133.0
2023-10-11,49.7576,49.8751,48.274,48.5041,2635904.0
2023-10-12,48.4258,48.4258,46.6386,47.613,4499296.0
2023-10-13,47.7011,48.9808,47.4563,48.8273,3339874.0
2023-10-14,47.7011,48.9808,47.4563,48.8273,3339874.0
2023-10-15,47.7011,48.9808,47.4563,48.8273,3339874.0
2023-10-16,49.0134,49.5226,48.5384,49.2484,2773370.0
2023-10-17,49.0036,49.7968,49.0036,49.5716,2612682.0
2023-10-18,49.5716,50.071,49.1994,49.268,2542656.0
2023-10-19,49.0819,49.4247,48.5727,48.8567,3777406.0
2023-10-20,48.9938,49.7836,48.9938,49.0819,2920265.0
2023-10-21,48.9938,49.7836,48.9938,49.0819,2920265.0
2023-10-22,48.9938,49.7836,48.9938,49.0819,2920265.0
2023-10-23,48.7196,49.0917,48.2593,48.3475,3132164.0
2023-10-24,48.4846,49.2925,48.3866,49.219,2092552.0
2023-10-25,49.2582,49.9829,49.0917,49.9045,2123634.0
2023-10-26,49.9829,50.3256,49.5226,49.8164,2201565.0
2023-10-27,49.5912,50.0808,49.2876,49.3561,1838599.0
2023-10-28,49.5912,50.0808,49.2876,49.3561,1838599.0
2023-10-29,49.5912,50.0808,49.2876,49.3561,1838599.0
2023-10-30,49.6793,49.7429,48.7588,49.1603,2394106.0
2023-10-31,49.4443,49.6499,49.1015,49.4247,2366989.0
2023-11-01,49.6107,49.8066,49.4345,49.552,2689278.0
2023-11-02,49.7772,50.8067,49.7723,50.6586,2948839.0
2023-11-03,50.923,51.1825,50.4823,50.9817,2988337.0
2023-11-04,50.923,51.1825,50.4823,50.9817,2988337.0
2023-11-05,50.923,51.1825,50.4823,50.9817,2988337.0
2023-11-06,50.8055,50.9671,50.2571,50.2767,1806939.0
2023-11-07,50.0906,50.3452,49.7576,49.8458,2614030.0
2023-11-08,51.5301,52.8816,50.3844,50.9132,4134895.0
2023-11-09,51.1972,51.2168,50.2962,50.923,2455446.0
2023-11-10,51.0111,51.1776,50.4823,50.7467,2012357.0
2023-11-11,51.0111,51.1776,50.4823,50.7467,2012357.0
2023-11-12,51.0111,51.1776,50.4823,50.7467,2012357.0
2023-11-13,50.6194,51.5008,50.5019,51.1286,2564157.0
2023-11-14,51.3049,51.7652,51.1286,51.491,3125780.0
2023-11-15,51.491,51.8043,51.1776,51.2168,2641170.0
2023-11-16,51.1776,51.584,50.9679,51.1188,2738669.0
2023-11-17,51.3147,51.9317,50.4627,51.7064,3188114.0
2023-11-18,51.3147,51.9317,50.4627,51.7064,3188114.0
2023-11-19,51.3147,51.9317,50.4627,51.7064,3188114.0
2023-11-20,51.5301,51.9317,51.4126,51.4322,3047070.0
2023-11-21,51.5791,52.0394,51.3441,51.726,2983475.0
2023-11-22,51.7358,52.2744,51.6575,51.8827,2292404.0
2023-11-23,51.7358,52.2744,51.6575,51.8827,2292404.0
2023-11-24,51.9023,52.4066,51.9023,52.3625,913706.0
2023-11-25,51.9023,52.4066,51.9023,52.3625,913706.0
2023-11-26,51.9023,52.4066,51.9023,52.3625,913706.0
2023-11-27,52.2842,52.343,51.2804,51.4126,2244833.0
2023-11-28,51.2266,51.349,50.9964,51.1972,2212540.0
2023-11-29,51.0503,51.1678,50.5606,50.59,2291575.0
2023-11-30,50.7781,52.0553,50.5108,52.0157,4266809.0
2023-12-01,51.9463,52.377,51.5206,52.3523,1958283.0
2023-12-02,51.9463,52.377,51.5206,52.3523,1958283.0
2023-12-03,51.9463,52.377,51.5206,52.3523,1958283.0
2023-12-04,52.184,53.2581,52.1493,53.1146,2052929.0
2023-12-05,53.0552,53.1245,52.6196,52.8176,2238353.0
2023-12-06,52.7978,53.9016,52.7582,53.174,2675259.0
2023-12-07,53.2631,53.862,52.7483,53.6195,2206761.0
2023-12-08,53.6096,53.669,52.9067,53.1641,1643221.0
2023-12-09,53.6096,53.669,52.9067,53.1641,1643221.0
2023-12-10,53.6096,53.669,52.9067,53.1641,1643221.0
2023-12-11,53.3027,53.7185,53.1641,53.7086,2918013.0
2023-12-12,53.7878,53.8719,53.3126,53.5007,2382042.0
2023-12-13,53.5106,54.8471,53.367,54.7481,2541520.0
2023-12-14,54.9362,55.0154,54.1293,54.2828,3498955.0
2023-12-15,53.9165,54.164,52.9413,53.2334,7962554.0
2023-12-16,53.9165,54.164,52.9413,53.2334,7962554.0
2023-12-17,53.9165,54.164,52.9413,53.2334,7962554.0
2023-12-18,53.4908,53.7482,53.1047,53.3918,2281944.0
2023-12-19,53.273,53.4314,52.785,53.1047,2579606.0
2023-12-20,52.4216,53.1344,52.1444,52.5008,2992668.0
2023-12-21,52.5899,53.3126,52.5602,53.3126,2716382.0
2023-12-22,53.4611,54.1054,53.3423,53.9363,2277615.0
2023-12-23,53.4611,54.1054,53.3423,53.9363,2277615.0
2023-12-24,53.4611,54.1054,53.3423,53.9363,2277615.0
2023-12-25,53.4611,54.1054,53.3423,53.9363,2277615.0
2023-12-26,53.8175,54.5402,53.5799,54.4511,1650019.0
2023-12-27,54.362,54.659,54.164,54.6194,2183658.0
2023-12-28,54.56,55.1144,54.5105,55.0649,3206415.0
2023-12-29,55.0352,55.4213,54.8768,55.352,1878259.0
2023-12-30,55.0352,55.4213,54.8768,55.352,1878259.0
2023-12-31,55.0352,55.4213,54.8768,55.352,1878259.0
2024-01-01,55.0352,55.4213,54.8768,55.352,1878259.0
2024-01-02,55.3322,57.3667,55.1738,57.1836,3187513.0
2024-01-03,57.3519,57.6489,56.7182,56.9063,2575406.0
2024-01-04,57.0054,57.2182,56.2628,56.2727,2489799.0
2024-01-05,56.2727,56.4509,55.654,56.0945,2898332.0
2024-01-06,56.2727,56.4509,55.654,56.0945,2898332.0
2024-01-07,56.2727,56.4509,55.654,56.0945,2898332.0
2024-01-08,55.9955,56.3123,55.7827,55.9757,3357548.0
2024-01-09,55.6787,55.8965,55.3323,55.8272,2523428.0
2024-01-10,55.8668,56.0252,55.0402,55.2332,2808047.0
2024-01-11,55.1243,55.1738,54.5848,54.6986,3143193.0
2024-01-12,54.8966,55.1936,54.4907,54.8669,3129934.0
2024-01-13,54.8966,55.1936,54.4907,54.8669,3129934.0
2024-01-14,54.8966,55.1936,54.4907,54.8669,3129934.0
2024-01-15,54.8966,55.1936,54.4907,54.8669,3129934.0
2024-01-16,54.7085,54.758,53.471,53.5997,3256946.0
2024-01-17,53.372,54.2728,53.174,53.9858,1971601.0
2024-01-18,53.7086,54.0452,53.4215,54.0155,1610568.0
2024-01-19,54.065,54.065,53.2928,53.3918,2019974.0
2024-01-20,54.065,54.065,53.2928,53.3918,2019974.0
2024-01-21,54.065,54.065,53.2928,53.3918,2019974.0
2024-01-22,53.0997,53.4611,52.7742,53.075,2652505.0
2024-01-23,53.2631,53.9858,52.976,53.9066,2798638.0
2024-01-24,53.8175,53.8571,52.8869,52.9364,4233217.0
2024-01-25,53.1542,54.2085,52.976,54.0848,2369478.0
2024-01-26,54.2432,54.5402,54.1095,54.1937,2300307.0
2024-01-27,54.2432,54.5402,54.1095,54.1937,2300307.0
2024-01-28,54.2432,54.5402,54.1095,54.1937,2300307.0
2024-01-29,54.2432,54.3489,53.9907,54.2432,2193438.0
2024-01-30,54.1937,54.7481,53.9581,54.7382,1661875.0
2024-01-31,54.6986,54.8669,54.2036,54.2135,4600475.0
2024-02-01,54.1442,55.0748,53.3522,55.0649,2131023.0
2024-02-02,55.0748,55.3421,54.2234,54.5105,2250805.0
2024-02-03,55.0748,55.3421,54.2234,54.5105,2250805.0
2024-02-04,55.0748,55.3421,54.2234,54.5105,2250805.0
2024-02-05,54.2036,54.4412,53.57,53.5799,2836356.0
2024-02-06,53.4314,54.2333,53.3324,53.8868,3243430.0
2024-02-07,54.0452,54.1739,53.1245,53.1542,3989185.0
2024-02-08,54.9461,56.0054,53.966,54.3917,6521010.0
2024-02-09,54.1838,54.1986,52.5899,52.9562,3433364.0
2024-02-10,54.1838,54.1986,52.5899,52.9562,3433364.0
2024-02-11,54.1838,54.1986,52.5899,52.9562,3433364.0
2024-02-12,52.7582,54.1145,52.7582,54.1046,2762713.0
2024-02-13,54.1343,54.5798,53.0601,53.669,2804134.0
2024-02-14,53.5205,53.7581,52.8473,53.4512,2575982.0
2024-02-15,53.7581,54.9164,53.6888,54.8372,3047211.0
2024-02-16,54.6689,55.2926,54.4115,54.9164,2836803.0
2024-02-17,54.6689,55.2926,54.4115,54.9164,2836803.0
2024-02-18,54.6689,55.2926,54.4115,54.9164,2836803.0
2024-02-19,54.6689,55.2926,54.4115,54.9164,2836803.0
2024-02-20,55.0649,56.3221,54.758,55.5698,3114242.0
2024-02-21,55.7678,56.1539,55.3867,55.8866,2646179.0
2024-02-22,55.3718,56.8172,54.9263,56.4113,4301562.0
2024-02-23,56.2727,56.8073,55.847,55.8668,2612505.0
2024-02-24,56.2727,56.8073,55.847,55.8668,2612505.0
2024-02-25,56.2727,56.8073,55.847,55.8668,2612505.0
2024-02-26,55.8767,56.3024,55.5698,55.8767,2319905.0
2024-02-27,55.7876,56.0351,54.8323,55.0748,1746842.0
2024-02-28,55.154,55.5698,54.9016,55.55,2045063.0
2024-02-29,55.88,55.98,55.1,55.15,3826225.0
2024-03-01,55.32,55.447,54.43,54.83,2430325.0
2024-03-02,55.32,55.447,54.43,54.83,2430325.0
2024-03-03,55.32,55.447,54.43,54.83,2430325.0
2024-03-04,53.65,54.08,52.98,53.72,4933021.0
2024-03-05,53.86,53.99,53.32,53.42,3050967.0
2024-03-06,53.78,54.18,53.62,53.86,2721124.0
2024-03-07,53.94,54.03,53.1,53.6,2843254.0
2024-03-08,53.53,54.44,53.1,54.21,2560278.0
2024-03-09,53.53,54.44,53.1,54.21,2560278.0
2024-03-10,53.53,54.44,53.1,54.21,2560278.0
2024-03-11,53.67,54.4801,53.33,54.15,2644777.0
2024-03-12,54.115,54.26,53.58,53.85,2913828.0
2024-03-13,54.22,54.35,53.775,54.0,3620570.0
2024-03-14,53.72,53.8,52.46,52.94,4276976.0
2024-03-15,52.59,53.64,52.53,53.56,22198351.0
2024-03-16,52.59,53.64,52.53,53.56,22198351.0
2024-03-17,52.59,53.64,52.53,53.56,22198351.0
2024-03-18,53.41,55.2,53.41,54.77,3785933.0
2024-03-19,54.92,55.41,54.47,55.2,4455268.0
2024-03-20,55.45,56.14,54.91,55.14,3398166.0
2024-03-21,55.07,56.36,54.7,56.11,3453259.0
2024-03-22,56.18,56.18,55.22,55.55,3614450.0
2024-03-23,56.18,56.18,55.22,55.55,3614450.0
2024-03-24,56.18,56.18,55.22,55.55,3614450.0
2024-03-25,55.75,55.905,55.41,55.65,2018465.0
2024-03-26,55.8,56.16,55.65,55.89,2415518.0
2024-03-27,56.12,56.72,56.02,56.65,3079477.0
2024-03-28,56.98,57.47,56.82,57.29,2949747.0
2024-03-29,56.98,57.47,56.82,57.29,2949747.0
2024-03-30,56.98,57.47,56.82,57.29,2949747.0
2024-03-31,56.98,57.47,56.82,57.29,2949747.0
2024-04-01,57.2,57.34,56.88,57.06,1901168.0
2024-04-02,57.08,57.805,57.08,57.67,2348932.0
2024-04-03,57.495,57.58,56.58,56.59,3477746.0
2024-04-04,57.02,57.975,56.85,57.58,3184411.0
2024-04-05,57.59,57.59,56.69,57.45,2163037.0
2024-04-06,57.59,57.59,56.69,57.45,2163037.0
2024-04-07,57.59,57.59,56.69,57.45,2163037.0
2024-04-08,57.54,57.88,57.22,57.48,3161307.0
