,SKYW US Equity,SKYW US Equity,SKYW US Equity,SKYW US Equity,SKYW US Equity
,PX_OPEN,PX_HIGH,PX_LOW,PX_LAST,PX_VOLUME
2019-01-01,44.2917,44.8985,43.5418,43.8772,245545.0
2019-01-02,42.6834,44.8935,42.6834,44.8146,344358.0
2019-01-03,44.2719,44.2719,42.1506,42.8116,157538.0
2019-01-04,43.4924,45.2389,43.4628,44.3509,210336.0
2019-01-05,43.4924,45.2389,43.4628,44.3509,210336.0
2019-01-06,43.4924,45.2389,43.4628,44.3509,210336.0
2019-01-07,44.3311,44.9527,43.966,44.6469,183788.0
2019-01-08,45.0317,46.265,44.6074,46.2157,335319.0
2019-01-09,46.2157,47.7943,45.8901,47.5674,286614.0
2019-01-10,46.7583,48.7317,45.2171,48.6823,263802.0
2019-01-11,48.2679,48.3271,47.1431,47.3997,373199.0
2019-01-12,48.2679,48.3271,47.1431,47.3997,373199.0
2019-01-13,48.2679,48.3271,47.1431,47.3997,373199.0
2019-01-14,46.9557,47.0839,46.0158,46.7879,166123.0
2019-01-15,47.005,47.4983,45.8407,46.2157,146120.0
2019-01-16,46.5709,47.6463,46.5709,47.0445,312179.0
2019-01-17,46.8965,48.0114,46.6991,47.8437,230525.0
2019-01-18,48.1298,49.3631,47.3602,48.929,347755.0
2019-01-19,48.1298,49.3631,47.3602,48.929,347755.0
2019-01-20,48.1298,49.3631,47.3602,48.929,347755.0
2019-01-21,48.1298,49.3631,47.3602,48.929,347755.0
2019-01-22,48.7909,49.5309,47.4589,47.8338,244842.0
2019-01-23,48.1199,48.8599,46.9853,47.0642,143226.0
2019-01-24,47.3503,48.0433,46.9853,47.5871,153001.0
2019-01-25,48.0213,48.5985,47.4095,47.9226,143745.0
2019-01-26,48.0213,48.5985,47.4095,47.9226,143745.0
2019-01-27,48.0213,48.5985,47.4095,47.9226,143745.0
2019-01-28,47.6463,49.5407,47.5378,49.1855,279896.0
2019-01-29,49.3829,49.8367,48.9734,49.1559,159724.0
2019-01-30,49.2645,50.5866,48.5442,50.2906,188212.0
2019-01-31,49.9551,50.6063,49.077,50.2709,295212.0
2019-02-01,52.0962,54.0696,51.0503,51.1293,500460.0
2019-02-02,52.0962,54.0696,51.0503,51.1293,500460.0
2019-02-03,52.0962,54.0696,51.0503,51.1293,500460.0
2019-02-04,51.7015,51.9975,50.8629,51.6522,210618.0
2019-02-05,51.6522,52.1751,51.0997,51.8791,382234.0
2019-02-06,52.3232,52.9152,51.9581,52.0271,177581.0
2019-02-07,52.2541,54.1534,52.2541,53.8722,290275.0
2019-02-08,53.6946,54.1978,52.3134,53.0632,215424.0
2019-02-09,53.6946,54.1978,52.3134,53.0632,215424.0
2019-02-10,53.6946,54.1978,52.3134,53.0632,215424.0
2019-02-11,53.1125,54.035,53.1125,53.5861,207696.0
2019-02-12,53.8229,54.9082,53.522,53.9906,212211.0
2019-02-13,53.9906,54.7997,53.9906,54.2373,206033.0
2019-02-14,53.744,55.668,53.7251,55.4016,297374.0
2019-02-15,55.52,55.9442,54.5629,54.9378,235117.0
2019-02-16,55.52,55.9442,54.5629,54.9378,235117.0
2019-02-17,55.52,55.9442,54.5629,54.9378,235117.0
2019-02-18,55.52,55.9442,54.5629,54.9378,235117.0
2019-02-19,54.405,56.1613,54.2768,55.5101,209659.0
2019-02-20,55.2141,56.0232,54.81,55.1056,263471.0
2019-02-21,55.0957,55.3818,54.3162,54.5728,184714.0
2019-02-22,54.7109,55.4252,54.5629,55.0365,281582.0
2019-02-23,54.7109,55.4252,54.5629,55.0365,281582.0
2019-02-24,54.7109,55.4252,54.5629,55.0365,281582.0
2019-02-25,55.3818,55.7469,54.9132,55.293,189651.0
2019-02-26,55.0858,55.4805,54.4346,54.4445,235373.0
2019-02-27,54.3261,54.7109,52.8165,53.448,160892.0
2019-02-28,53.3986,53.6601,52.3429,53.3197,380763.0
2019-03-01,53.4776,53.6305,51.8989,52.185,271769.0
2019-03-02,53.4776,53.6305,51.8989,52.185,271769.0
2019-03-03,53.4776,53.6305,51.8989,52.185,271769.0
2019-03-04,52.2048,52.4613,51.0701,52.037,364653.0
2019-03-05,52.264,52.6685,51.2279,51.2477,296617.0
2019-03-06,51.2575,51.593,50.0143,50.0933,406994.0
2019-03-07,49.9749,49.9749,48.7543,49.1066,355380.0
2019-03-08,48.7218,49.7183,48.6873,49.3434,323219.0
2019-03-09,48.7218,49.7183,48.6873,49.3434,323219.0
2019-03-10,48.7218,49.7183,48.6873,49.3434,323219.0
2019-03-11,49.3434,50.0242,48.781,49.8762,414769.0
2019-03-12,49.8466,49.8762,49.048,49.3829,293273.0
2019-03-13,49.6098,50.7543,49.5999,50.409,620400.0
2019-03-14,50.261,51.149,50.261,50.7938,192417.0
2019-03-15,50.8629,51.7311,50.5669,50.8925,1116630.0
2019-03-16,50.8629,51.7311,50.5669,50.8925,1116630.0
2019-03-17,50.8629,51.7311,50.5669,50.8925,1116630.0
2019-03-18,50.9023,51.4549,50.5965,51.0405,282721.0
2019-03-19,51.149,52.1061,50.9911,51.0997,181470.0
2019-03-20,51.0997,51.7114,50.1525,51.0503,232459.0
2019-03-21,50.8037,52.5402,50.8037,52.3034,299881.0
2019-03-22,51.8397,51.8397,50.7346,50.9122,238872.0
2019-03-23,51.8397,51.8397,50.7346,50.9122,238872.0
2019-03-24,51.8397,51.8397,50.7346,50.9122,238872.0
2019-03-25,50.9615,51.7361,50.4633,51.001,211098.0
2019-03-26,51.2181,52.2738,50.9467,51.2181,236187.0
2019-03-27,51.3266,53.2704,51.3167,52.8658,225972.0
2019-03-28,53.2218,53.6916,51.9435,52.8065,151360.0
2019-03-29,53.1328,54.0822,53.0117,53.6866,320161.0
2019-03-30,53.1328,54.0822,53.0117,53.6866,320161.0
2019-03-31,53.1328,54.0822,53.0117,53.6866,320161.0
2019-04-01,53.8943,54.9326,53.4592,54.5667,201980.0
2019-04-02,54.9821,55.2491,54.2404,55.1007,177093.0
2019-04-03,55.3776,56.3269,55.2491,55.6644,151338.0
2019-04-04,55.6842,56.584,55.2293,56.4654,140313.0
2019-04-05,56.5939,57.7608,56.5939,57.4444,165044.0
2019-04-06,56.5939,57.7608,56.5939,57.4444,165044.0
2019-04-07,56.5939,57.7608,56.5939,57.4444,165044.0
2019-04-08,57.1774,57.563,56.7719,57.1774,183902.0
2019-04-09,56.9598,57.2367,56.0896,56.5346,232620.0
2019-04-10,56.5939,58.4382,55.1858,57.8795,283985.0
2019-04-11,58.0179,59.0365,57.741,58.1069,137542.0
2019-04-12,58.1762,58.364,57.4246,58.0476,300507.0
2019-04-13,58.1762,58.364,57.4246,58.0476,300507.0
2019-04-14,58.1762,58.364,57.4246,58.0476,300507.0
2019-04-15,58.275,58.898,57.4543,57.5729,115921.0
2019-04-16,58.0377,58.8387,57.8249,58.5717,123621.0
2019-04-17,59.0464,59.3332,58.3344,58.9772,218994.0
2019-04-18,58.8387,59.165,57.9092,58.5915,387025.0
2019-04-19,58.8387,59.165,57.9092,58.5915,387025.0
2019-04-20,58.8387,59.165,57.9092,58.5915,387025.0
2019-04-21,58.8387,59.165,57.9092,58.5915,387025.0
2019-04-22,58.1959,58.5816,57.8795,58.1465,174404.0
2019-04-23,58.1168,59.3233,57.9685,59.2145,171797.0
2019-04-24,59.3035,59.8276,58.7398,59.0563,227610.0
2019-04-25,58.9277,58.9969,57.207,57.7905,281246.0
2019-04-26,59.3035,59.966,55.4271,59.699,439687.0
2019-04-27,59.3035,59.966,55.4271,59.699,439687.0
2019-04-28,59.3035,59.966,55.4271,59.699,439687.0
2019-04-29,59.9562,61.0934,59.2074,60.9351,241970.0
2019-04-30,61.0538,61.4691,60.1638,60.9055,440421.0
2019-05-01,61.123,61.1379,59.4419,59.4617,362229.0
2019-05-02,59.3826,60.5143,57.3653,59.4815,114236.0
2019-05-03,59.7485,61.1774,59.7485,61.0934,212493.0
2019-05-04,59.7485,61.1774,59.7485,61.0934,212493.0
2019-05-05,59.7485,61.1774,59.7485,61.0934,212493.0
2019-05-06,59.9957,61.1033,59.351,60.8659,188100.0
2019-05-07,60.1341,60.2924,59.0464,59.8573,214439.0
2019-05-08,59.61,60.1243,58.9376,59.1156,142381.0
2019-05-09,58.5223,59.699,58.097,59.5507,125306.0
2019-05-10,59.2639,60.1292,58.0278,59.9957,122289.0
2019-05-11,59.2639,60.1292,58.0278,59.9957,122289.0
2019-05-12,59.2639,60.1292,58.0278,59.9957,122289.0
2019-05-13,58.8189,58.8189,57.5828,57.919,196013.0
2019-05-14,57.9784,58.5668,57.5136,58.3344,125112.0
2019-05-15,57.6916,58.7992,57.3504,58.4333,145732.0
2019-05-16,58.5519,59.4123,58.3146,58.9969,196559.0
2019-05-17,58.4728,59.7612,58.4135,58.9079,160387.0
2019-05-18,58.4728,59.7612,58.4135,58.9079,160387.0
2019-05-19,58.4728,59.7612,58.4135,58.9079,160387.0
2019-05-20,58.3146,58.9574,57.7015,58.4234,94492.0
2019-05-21,58.6508,59.9611,58.3443,59.7287,115084.0
2019-05-22,59.3925,59.4815,58.7102,58.7893,139353.0
2019-05-23,58.1366,59.0118,57.4246,58.5717,190790.0
2019-05-24,58.8684,59.521,58.7843,59.2837,104489.0
2019-05-25,58.8684,59.521,58.7843,59.2837,104489.0
2019-05-26,58.8684,59.521,58.7843,59.2837,104489.0
2019-05-27,58.8684,59.521,58.7843,59.2837,104489.0
2019-05-28,59.4123,60.0451,58.9623,59.1453,187444.0
2019-05-29,59.0266,59.076,58.2157,58.5915,286360.0
2019-05-30,58.7794,59.1237,58.1763,58.5618,285445.0
2019-05-31,57.8894,58.6508,57.7509,58.0674,438385.0
2019-06-01,57.8894,58.6508,57.7509,58.0674,438385.0
2019-06-02,57.8894,58.6508,57.7509,58.0674,438385.0
2019-06-03,57.8597,59.0068,57.2013,57.4345,235158.0
2019-06-04,58.1959,60.5989,58.1959,60.5495,212194.0
2019-06-05,60.7967,61.1131,59.788,59.9166,219231.0
2019-06-06,59.7089,60.4297,58.0476,59.0167,255438.0
2019-06-07,59.2936,60.7077,59.1848,59.6892,282631.0
2019-06-08,59.2936,60.7077,59.1848,59.6892,282631.0
2019-06-09,59.2936,60.7077,59.1848,59.6892,282631.0
2019-06-10,59.9067,60.7967,59.7485,59.8672,174955.0
2019-06-11,60.322,60.4506,58.631,58.8684,199420.0
2019-06-12,58.8882,59.1947,58.2256,58.5816,246611.0
2019-06-13,58.8387,60.322,58.4975,60.1341,178513.0
2019-06-14,59.9562,60.4215,59.0859,59.3233,152301.0
2019-06-15,59.9562,60.4215,59.0859,59.3233,152301.0
2019-06-16,59.9562,60.4215,59.0859,59.3233,152301.0
2019-06-17,59.2738,59.2738,57.7312,58.8189,252498.0
2019-06-18,59.1947,60.1737,58.6558,59.4419,156754.0
2019-06-19,59.4518,59.5903,58.8387,58.9673,141275.0
2019-06-20,59.4617,59.4963,58.0575,58.7794,224343.0
2019-06-21,58.4234,59.254,57.1972,57.3059,354008.0
2019-06-22,58.4234,59.254,57.1972,57.3059,354008.0
2019-06-23,58.4234,59.254,57.1972,57.3059,354008.0
2019-06-24,57.2466,57.2466,55.5655,56.0698,292796.0
2019-06-25,56.0402,56.7225,55.3776,55.4468,193627.0
2019-06-26,55.6545,56.5346,55.3974,56.3072,201973.0
2019-06-27,55.9603,57.7242,55.7026,57.5359,273779.0
2019-06-28,57.4368,60.4296,57.1694,60.1224,516344.0
2019-06-29,57.4368,60.4296,57.1694,60.1224,516344.0
2019-06-30,57.4368,60.4296,57.1694,60.1224,516344.0
2019-07-01,60.499,60.6575,59.3798,60.4296,349589.0
2019-07-02,60.6179,61.2224,59.9242,60.6674,300873.0
2019-07-03,60.9449,61.4404,60.4544,61.4206,75379.0
2019-07-04,60.9449,61.4404,60.4544,61.4206,75379.0
2019-07-05,60.9152,61.9359,59.9539,61.7476,150453.0
2019-07-06,60.9152,61.9359,59.9539,61.7476,150453.0
2019-07-07,60.9152,61.9359,59.9539,61.7476,150453.0
2019-07-08,61.4701,61.9953,61.2471,61.8269,184318.0
2019-07-09,61.5197,61.7426,61.1926,61.5296,140222.0
2019-07-10,62.0251,62.8277,60.6872,60.7368,221525.0
2019-07-11,60.8854,61.1332,59.1215,59.8548,303270.0
2019-07-12,60.0728,60.6872,59.4584,60.1918,296894.0
2019-07-13,60.0728,60.6872,59.4584,60.1918,296894.0
2019-07-14,60.0728,60.6872,59.4584,60.1918,296894.0
2019-07-15,60.2413,60.3701,59.072,59.29,201003.0
2019-07-16,59.5674,61.2224,59.5674,60.8656,131696.0
2019-07-17,60.6773,60.9449,59.726,59.7359,104439.0
2019-07-18,59.5873,60.2809,59.2206,60.162,127967.0
2019-07-19,59.9737,60.7616,59.0323,59.0323,195081.0
2019-07-20,59.9737,60.7616,59.0323,59.0323,195081.0
2019-07-21,59.9737,60.7616,59.0323,59.0323,195081.0
2019-07-22,59.0422,60.2116,59.0422,59.9242,111964.0
2019-07-23,60.0134,61.0044,60.0134,60.6674,184513.0
2019-07-24,60.3107,62.3223,60.2116,62.1142,124427.0
2019-07-25,61.2422,62.1043,60.271,60.5485,239006.0
2019-07-26,60.8656,61.3314,60.4197,61.1827,150871.0
2019-07-27,60.8656,61.3314,60.4197,61.1827,150871.0
2019-07-28,60.8656,61.3314,60.4197,61.1827,150871.0
2019-07-29,60.9647,61.4602,60.6674,61.2719,126891.0
2019-07-30,60.8062,61.9061,60.6174,61.7971,168712.0
2019-07-31,61.8863,62.3818,60.0827,60.162,292132.0
2019-08-01,62.7584,62.7584,59.5575,60.2017,242431.0
2019-08-02,59.7855,60.826,58.3089,58.8837,116892.0
2019-08-03,59.7855,60.826,58.3089,58.8837,116892.0
2019-08-04,59.7855,60.826,58.3089,58.8837,116892.0
2019-08-05,57.7143,57.7143,54.5424,55.5441,191544.0
2019-08-06,55.9405,56.7432,55.17,56.654,190264.0
2019-08-07,55.772,57.4071,55.772,57.2287,174608.0
2019-08-08,57.5161,58.0612,56.6936,57.2783,157100.0
2019-08-09,57.0405,57.8633,55.9484,56.317,320303.0
2019-08-10,57.0405,57.8633,55.9484,56.317,320303.0
2019-08-11,57.0405,57.8633,55.9484,56.317,320303.0
2019-08-12,55.881,56.0693,54.7711,55.0981,227197.0
2019-08-13,54.7018,56.3567,54.6324,55.3261,156526.0
2019-08-14,54.5036,54.9155,53.2549,53.7405,145839.0
2019-08-15,53.7009,54.2023,53.0171,53.2351,176280.0
2019-08-16,53.7603,55.227,53.5374,55.1279,121168.0
2019-08-17,53.7603,55.227,53.5374,55.1279,121168.0
2019-08-18,53.7603,55.227,53.5374,55.1279,121168.0
2019-08-19,55.9306,56.6143,55.4549,56.4855,165943.0
2019-08-20,56.1288,56.1288,53.7306,55.4252,195419.0
2019-08-21,56.1684,56.7035,55.5936,56.3864,116816.0
2019-08-22,56.7035,57.1217,55.5342,55.8017,114039.0
2019-08-23,55.554,56.0792,53.5522,53.7603,172002.0
2019-08-24,55.554,56.0792,53.5522,53.7603,172002.0
2019-08-25,55.554,56.0792,53.5522,53.7603,172002.0
2019-08-26,54.7117,54.9792,53.8396,54.4045,180902.0
2019-08-27,54.9198,55.3756,53.1558,53.3144,186385.0
2019-08-28,53.3045,55.445,53.2549,54.6918,268444.0
2019-08-29,55.5441,56.8175,55.3657,56.6044,113907.0
2019-08-30,56.9513,57.5657,56.5499,56.7432,224758.0
2019-08-31,56.9513,57.5657,56.5499,56.7432,224758.0
2019-09-01,56.9513,57.5657,56.5499,56.7432,224758.0
2019-09-02,56.9513,57.5657,56.5499,56.7432,224758.0
2019-09-03,56.3468,56.8324,55.0783,55.7125,247060.0
2019-09-04,56.3369,56.9314,55.663,55.6927,207457.0
2019-09-05,56.6044,58.4377,56.5351,56.5945,263328.0
2019-09-06,57.0801,57.1049,56.2774,56.4558,119277.0
2019-09-07,57.0801,57.1049,56.2774,56.4558,119277.0
2019-09-08,57.0801,57.1049,56.2774,56.4558,119277.0
2019-09-09,56.5747,57.7143,56.436,57.6449,206586.0
2019-09-10,57.5558,58.9481,56.9017,58.8539,196999.0
2019-09-11,58.9729,60.7368,58.5269,60.3404,190943.0
2019-09-12,60.3503,60.4494,58.8638,59.7359,259290.0
2019-09-13,60.3899,61.8664,59.9341,61.6584,190393.0
2019-09-14,60.3899,61.8664,59.9341,61.6584,190393.0
2019-09-15,60.3899,61.8664,59.9341,61.6584,190393.0
2019-09-16,60.2512,60.9548,58.735,58.9729,321239.0
2019-09-17,58.5963,59.1636,57.635,58.7053,185267.0
2019-09-18,58.7747,59.1512,57.5855,59.0224,275214.0
2019-09-19,59.1017,59.8945,57.9621,58.6954,193334.0
2019-09-20,59.2404,59.2999,57.744,58.1107,604108.0
2019-09-21,59.2404,59.2999,57.744,58.1107,604108.0
2019-09-22,59.2404,59.2999,57.744,58.1107,604108.0
2019-09-23,57.744,57.972,56.3666,57.3377,238740.0
2019-09-24,57.6449,58.1107,56.872,57.1891,175514.0
2019-09-25,57.1891,58.626,57.1891,58.3684,153002.0
2019-09-26,58.1503,58.3386,57.5855,58.081,110561.0
2019-09-27,58.2696,58.7761,56.4921,56.7305,157530.0
2019-09-28,58.2696,58.7761,56.4921,56.7305,157530.0
2019-09-29,58.2696,58.7761,56.4921,56.7305,157530.0
2019-09-30,57.1575,57.6837,56.7305,56.9986,331753.0
2019-10-01,57.1972,58.3491,55.7375,56.0552,194884.0
2019-10-02,55.37,56.5418,53.9103,55.4892,247009.0
2019-10-03,55.1218,55.6679,53.9302,54.6948,131449.0
2019-10-04,54.7147,55.7077,54.6352,55.2211,117924.0
2019-10-05,54.7147,55.7077,54.6352,55.2211,117924.0
2019-10-06,54.7147,55.7077,54.6352,55.2211,117924.0
2019-10-07,54.9629,55.6977,54.5856,55.231,128209.0
2019-10-08,54.6352,55.1814,54.2231,54.377,131374.0
2019-10-09,54.8934,55.38,54.4763,54.4863,175991.0
2019-10-10,54.4168,55.1317,54.1288,54.8537,149087.0
2019-10-11,55.6977,56.6808,55.1814,55.2906,193960.0
2019-10-12,55.6977,56.6808,55.1814,55.2906,193960.0
2019-10-13,55.6977,56.6808,55.1814,55.2906,193960.0
2019-10-14,55.0424,56.1467,54.9728,55.5438,249237.0
2019-10-15,55.8665,57.0383,55.5389,56.3631,271380.0
2019-10-16,56.3631,56.656,55.8417,56.1545,189027.0
2019-10-17,56.2836,56.4872,55.5935,56.1942,184183.0
2019-10-18,55.9857,56.5418,55.6282,56.3531,172735.0
2019-10-19,55.9857,56.5418,55.6282,56.3531,172735.0
2019-10-20,55.9857,56.5418,55.6282,56.3531,172735.0
2019-10-21,56.8993,58.0611,56.7553,57.5944,215416.0
2019-10-22,57.4752,58.6072,56.7801,58.2597,202506.0
2019-10-23,58.1207,58.6271,57.8327,58.2398,116560.0
2019-10-24,58.6768,59.0541,57.2121,57.3362,122965.0
2019-10-25,57.1575,58.9449,57.1475,58.6172,108175.0
2019-10-26,57.1575,58.9449,57.1475,58.6172,108175.0
2019-10-27,57.1575,58.9449,57.1475,58.6172,108175.0
2019-10-28,58.7562,59.5804,58.6271,58.925,173066.0
2019-10-29,58.6072,59.5109,58.498,58.647,160726.0
2019-10-30,58.2498,58.9151,57.7632,58.7959,157186.0
2019-10-31,59.5804,60.2556,57.8824,59.1335,339909.0
2019-11-01,59.4811,59.711,58.5079,59.0243,200251.0
2019-11-02,59.4811,59.711,58.5079,59.0243,200251.0
2019-11-03,59.4811,59.711,58.5079,59.0243,200251.0
2019-11-04,59.6499,61.06,59.5804,61.0302,235107.0
2019-11-05,61.338,63.2446,60.9607,62.4005,272827.0
2019-11-06,62.1423,62.8871,61.6955,62.0828,270108.0
2019-11-07,62.3608,62.758,61.5068,62.7481,250179.0
2019-11-08,62.6686,62.8077,62.0558,62.7084,167303.0
2019-11-09,62.6686,62.8077,62.0558,62.7084,167303.0
2019-11-10,62.6686,62.8077,62.0558,62.7084,167303.0
2019-11-11,62.1225,62.6438,61.7451,62.1324,134375.0
2019-11-12,62.1423,62.4998,61.7253,62.4105,177395.0
2019-11-13,62.0629,62.8077,61.7077,62.6091,204552.0
2019-11-14,62.6389,62.758,61.5664,62.0033,152993.0
2019-11-15,62.4204,62.6091,61.5565,62.0033,221029.0
2019-11-16,62.4204,62.6091,61.5565,62.0033,221029.0
2019-11-17,62.4204,62.6091,61.5565,62.0033,221029.0
2019-11-18,61.9437,62.0629,61.2776,61.5565,113054.0
2019-11-19,61.8147,62.2615,61.3579,61.765,158425.0
2019-11-20,61.5565,62.0232,60.8912,61.3777,263148.0
2019-11-21,61.5267,61.5267,60.4741,60.6429,168800.0
2019-11-22,60.9408,61.3281,60.5237,61.2586,159337.0
2019-11-23,60.9408,61.3281,60.5237,61.2586,159337.0
2019-11-24,60.9408,61.3281,60.5237,61.2586,159337.0
2019-11-25,61.3777,63.5524,61.0798,63.3935,270950.0
2019-11-26,63.185,64.1184,62.8389,63.8603,294642.0
2019-11-27,63.9893,64.1433,63.2446,63.4829,107418.0
2019-11-28,63.9893,64.1433,63.2446,63.4829,107418.0
2019-11-29,63.2049,63.7808,61.909,62.2019,93947.0
2019-11-30,63.2049,63.7808,61.909,62.2019,93947.0
2019-12-01,63.2049,63.7808,61.909,62.2019,93947.0
2019-12-02,62.5098,62.6885,61.3877,61.7948,200560.0
2019-12-03,61.1791,61.8444,60.2407,60.8614,218337.0
2019-12-04,60.9507,61.9884,60.9507,61.6161,211820.0
2019-12-05,61.7253,61.8444,61.0798,61.4175,221290.0
2019-12-06,62.2516,63.2049,62.2516,62.8474,184205.0
2019-12-07,62.2516,63.2049,62.2516,62.8474,184205.0
2019-12-08,62.2516,63.2049,62.2516,62.8474,184205.0
2019-12-09,62.5296,62.9765,62.3112,62.5892,262868.0
2019-12-10,62.6984,63.1403,61.8444,62.5296,233619.0
2019-12-11,62.5296,63.0758,61.914,62.2416,169474.0
2019-12-12,62.4105,63.5921,62.4105,63.0956,229713.0
2019-12-13,62.9963,63.6815,61.914,62.1423,396747.0
2019-12-14,62.9963,63.6815,61.914,62.1423,396747.0
2019-12-15,62.9963,63.6815,61.914,62.1423,396747.0
2019-12-16,62.8474,63.5524,62.4502,62.619,172251.0
2019-12-17,62.4502,64.2128,62.3211,63.9794,230839.0
2019-12-18,64.1284,64.7937,63.2098,64.5057,457209.0
2019-12-19,64.5454,64.7738,63.8801,64.6944,553143.0
2019-12-20,65.1412,65.5782,64.1085,64.3071,1016698.0
2019-12-21,65.1412,65.5782,64.1085,64.3071,1016698.0
2019-12-22,65.1412,65.5782,64.1085,64.3071,1016698.0
2019-12-23,64.6249,65.5186,64.317,64.8632,265826.0
2019-12-24,64.9823,64.9823,64.1885,64.6944,70376.0
2019-12-25,64.9823,64.9823,64.1885,64.6944,70376.0
2019-12-26,64.7837,64.9228,64.3468,64.7639,141845.0
2019-12-27,64.9625,64.9625,64.2525,64.4263,157654.0
2019-12-28,64.9625,64.9625,64.2525,64.4263,157654.0
2019-12-29,64.9625,64.9625,64.2525,64.4263,157654.0
2019-12-30,64.6054,64.7546,63.7896,64.2074,157420.0
2019-12-31,63.8791,64.7844,63.8294,64.297,266403.0
2020-01-01,63.8791,64.7844,63.8294,64.297,266403.0
2020-01-02,64.8143,64.8143,63.9587,64.7048,349551.0
2020-01-03,63.8493,63.9189,61.7402,63.6901,246938.0
2020-01-04,63.8493,63.9189,61.7402,63.6901,246938.0
2020-01-05,63.8493,63.9189,61.7402,63.6901,246938.0
2020-01-06,62.8047,63.9289,62.8008,63.7697,189453.0
2020-01-07,63.6304,63.8791,63.1529,63.3917,300219.0
2020-01-08,63.5707,64.7546,63.4563,63.8791,164543.0
2020-01-09,64.1278,64.8441,63.8393,64.3467,183813.0
2020-01-10,64.5059,64.5059,63.4115,63.7796,161456.0
2020-01-11,64.5059,64.5059,63.4115,63.7796,161456.0
2020-01-12,64.5059,64.5059,63.4115,63.7796,161456.0
2020-01-13,63.5906,64.0681,63.5906,63.7597,395153.0
2020-01-14,64.0184,64.9536,63.4115,63.71,332411.0
2020-01-15,63.5011,64.5755,63.3718,64.4561,337841.0
2020-01-16,64.9834,65.7081,64.8939,65.4012,188368.0
2020-01-17,65.7693,66.1772,65.3217,65.8589,241599.0
2020-01-18,65.7693,66.1772,65.3217,65.8589,241599.0
2020-01-19,65.7693,66.1772,65.3217,65.8589,241599.0
2020-01-20,65.7693,66.1772,65.3217,65.8589,241599.0
2020-01-21,65.2819,65.4709,63.6589,64.5158,248421.0
2020-01-22,64.7347,65.2271,63.7995,63.8095,171323.0
2020-01-23,63.511,64.8541,62.7102,64.7446,225671.0
2020-01-24,64.5755,64.6352,62.4465,63.2126,180545.0
2020-01-25,64.5755,64.6352,62.4465,63.2126,180545.0
2020-01-26,64.5755,64.6352,62.4465,63.2126,180545.0
2020-01-27,61.8994,62.158,60.9493,61.4815,164738.0
2020-01-28,61.9093,62.3968,61.6208,61.9591,328611.0
2020-01-29,61.9591,62.2227,60.5862,60.5862,142207.0
2020-01-30,59.8102,61.2229,59.335,61.2129,273960.0
2020-01-31,60.4668,60.4668,54.4181,54.8857,715831.0
2020-02-01,60.4668,60.4668,54.4181,54.8857,715831.0
2020-02-02,60.4668,60.4668,54.4181,54.8857,715831.0
2020-02-03,55.214,55.8408,54.5176,55.0648,610533.0
2020-02-04,56.3183,57.8504,55.6219,57.4723,572606.0
2020-02-05,58.6462,59.9196,57.4723,59.4123,653935.0
2020-02-06,59.8599,59.8599,56.3879,56.7759,353833.0
2020-02-07,56.4576,57.3179,56.2387,56.8058,329793.0
2020-02-08,56.4576,57.3179,56.2387,56.8058,329793.0
2020-02-09,56.4576,57.3179,56.2387,56.8058,329793.0
2020-02-10,56.5968,56.9351,55.9999,56.2685,243488.0
2020-02-11,56.4576,57.7111,56.4576,57.0943,228924.0
2020-02-12,57.5121,57.8006,57.1938,57.4624,336449.0
2020-02-13,56.9948,58.7159,56.9948,58.6164,295555.0
2020-02-14,58.1687,58.8551,57.154,57.4226,253437.0
2020-02-15,58.1687,58.8551,57.154,57.4226,253437.0
2020-02-16,58.1687,58.8551,57.154,57.4226,253437.0
2020-02-17,58.1687,58.8551,57.154,57.4226,253437.0
2020-02-18,57.2833,57.6613,56.2188,57.1142,190097.0
2020-02-19,57.0943,57.0943,55.7926,56.5073,327785.0
2020-02-20,56.2288,56.8953,55.9104,56.2984,385150.0
2020-02-21,55.7612,56.0994,54.836,55.1941,284312.0
2020-02-22,55.7612,56.0994,54.836,55.1941,284312.0
2020-02-23,55.7612,56.0994,54.836,55.1941,284312.0
2020-02-24,52.7269,55.015,50.6178,52.5677,343636.0
2020-02-25,52.8562,52.9458,49.4638,50.0309,566026.0
2020-02-26,50.4686,50.4686,46.2803,46.4892,795775.0
2020-02-27,44.4796,47.6731,43.3057,45.9122,990042.0
2020-02-28,44.6189,46.4096,43.9938,45.1661,708050.0
2020-02-29,44.6189,46.4096,43.9938,45.1661,708050.0
2020-03-01,44.6189,46.4096,43.9938,45.1661,708050.0
2020-03-02,45.2854,45.2854,42.4004,43.3753,1126648.0
2020-03-03,43.7335,45.6635,42.5842,42.7983,1020420.0
2020-03-04,43.5743,45.3599,42.2362,45.0168,516775.0
2020-03-05,43.3753,43.9681,38.8488,39.2268,848981.0
2020-03-06,38.0032,41.6244,38.0032,40.6097,1145472.0
2020-03-07,38.0032,41.6244,38.0032,40.6097,1145472.0
2020-03-08,38.0032,41.6244,38.0032,40.6097,1145472.0
2020-03-09,38.799,38.9881,34.7699,34.8495,581971.0
2020-03-10,37.3963,38.825,35.0883,37.5356,899987.0
2020-03-11,36.2721,38.1225,35.0286,35.5459,930466.0
2020-03-12,33.596,33.596,25.9058,26.0252,1354686.0
2020-03-13,27.7463,28.5521,24.1648,27.2588,1197337.0
2020-03-14,27.7463,28.5521,24.1648,27.2588,1197337.0
2020-03-15,27.7463,28.5521,24.1648,27.2588,1197337.0
2020-03-16,24.1648,25.4581,21.7871,22.8317,1106627.0
2020-03-17,23.5679,25.7267,21.3892,21.7573,1042894.0
2020-03-18,20.3446,20.6729,11.9105,12.0078,1347076.0
2020-03-19,12.0973,17.9072,10.5255,17.2506,2140876.0
2020-03-20,18.0565,23.8664,16.9323,20.1258,1726078.0
2020-03-21,18.0565,23.8664,16.9323,20.1258,1726078.0
2020-03-22,18.0565,23.8664,16.9323,20.1258,1726078.0
2020-03-23,20.8918,22.2547,18.9575,20.7227,1385936.0
2020-03-24,24.0057,27.7164,23.3988,25.0602,1396496.0
2020-03-25,28.0845,28.1144,19.8969,25.7267,1831012.0
2020-03-26,27.3483,32.0639,26.1496,29.6862,1520835.0
2020-03-27,28.4725,29.0893,25.6074,27.03,927320.0
2020-03-28,28.4725,29.0893,25.6074,27.03,927320.0
2020-03-29,28.4725,29.0893,25.6074,27.03,927320.0
2020-03-30,26.0,27.87,23.5,26.16,706212.0
2020-03-31,26.48,27.92,25.47,26.19,739840.0
2020-04-01,24.75,25.31,21.51,21.64,810219.0
2020-04-02,22.31,22.31,20.6,21.52,955736.0
2020-04-03,21.45,22.09,19.11,19.98,997192.0
2020-04-04,21.45,22.09,19.11,19.98,997192.0
2020-04-05,21.45,22.09,19.11,19.98,997192.0
2020-04-06,21.43,22.62,20.69,22.49,931122.0
2020-04-07,24.98,27.6064,23.44,24.5,1016950.0
2020-04-08,25.27,26.67,25.0,25.65,652263.0
2020-04-09,27.9,29.83,27.25,28.38,739326.0
2020-04-10,27.9,29.83,27.25,28.38,739326.0
2020-04-11,27.9,29.83,27.25,28.38,739326.0
2020-04-12,27.9,29.83,27.25,28.38,739326.0
2020-04-13,29.08,29.3,25.67,26.8,915056.0
2020-04-14,28.14,29.49,26.7701,27.13,659289.0
2020-04-15,26.57,27.99,25.5322,27.08,774315.0
2020-04-16,26.49,27.08,24.54,25.22,649977.0
2020-04-17,27.08,28.2,25.51,25.75,722831.0
2020-04-18,27.08,28.2,25.51,25.75,722831.0
2020-04-19,27.08,28.2,25.51,25.75,722831.0
2020-04-20,24.82,26.01,24.02,25.02,478578.0
2020-04-21,24.0,25.0,23.95,24.29,485672.0
2020-04-22,25.38,25.3938,22.91,23.39,629297.0
2020-04-23,23.67,25.3204,23.45,24.8,509527.0
2020-04-24,25.22,26.15,24.57,25.77,448245.0
2020-04-25,25.22,26.15,24.57,25.77,448245.0
2020-04-26,25.22,26.15,24.57,25.77,448245.0
2020-04-27,26.81,27.63,26.19,27.11,557146.0
2020-04-28,28.47,29.63,27.69,29.27,655605.0
2020-04-29,30.5,32.78,30.26,31.8,711833.0
2020-04-30,30.63,31.54,29.3,30.95,624443.0
2020-05-01,29.49,29.989,27.0,27.22,741427.0
2020-05-02,29.49,29.989,27.0,27.22,741427.0
2020-05-03,29.49,29.989,27.0,27.22,741427.0
2020-05-04,25.22,26.7,24.0,26.17,765983.0
2020-05-05,26.76,27.42,24.6564,24.83,659854.0
2020-05-06,24.96,25.58,23.62,24.01,711294.0
2020-05-07,24.2,24.96,23.9,24.07,907895.0
2020-05-08,26.62,29.99,26.09,29.45,1768771.0
2020-05-09,26.62,29.99,26.09,29.45,1768771.0
2020-05-10,26.62,29.99,26.09,29.45,1768771.0
2020-05-11,28.13,29.22,27.58,27.97,819443.0
2020-05-12,27.95,28.74,25.79,25.905,513887.0
2020-05-13,25.91,26.0,23.71,23.99,739522.0
2020-05-14,23.02,23.79,21.14,23.06,1585833.0
2020-05-15,22.81,24.53,22.4,24.04,641162.0
2020-05-16,22.81,24.53,22.4,24.04,641162.0
2020-05-17,22.81,24.53,22.4,24.04,641162.0
2020-05-18,25.76,27.53,25.675,26.95,761204.0
2020-05-19,27.63,27.83,25.8999,25.99,558617.0
2020-05-20,26.61,27.83,26.6,27.52,498062.0
2020-05-21,27.5,28.8,27.46,28.18,574472.0
2020-05-22,28.67,28.89,27.37,28.18,364876.0
2020-05-23,28.67,28.89,27.37,28.18,364876.0
2020-05-24,28.67,28.89,27.37,28.18,364876.0
2020-05-25,28.67,28.89,27.37,28.18,364876.0
2020-05-26,30.0,30.93,29.6145,30.67,711582.0
2020-05-27,33.75,34.31,32.1901,34.29,1310273.0
2020-05-28,34.24,34.54,32.21,32.67,851686.0
2020-05-29,31.25,32.83,30.65,32.07,677574.0
2020-05-30,31.25,32.83,30.65,32.07,677574.0
2020-05-31,31.25,32.83,30.65,32.07,677574.0
2020-06-01,32.39,34.2822,32.39,33.05,582514.0
2020-06-02,33.82,34.3685,33.35,34.06,490926.0
2020-06-03,34.85,37.78,34.79,36.91,781746.0
2020-06-04,38.63,41.25,37.14,40.03,1327912.0
2020-06-05,43.76,45.81,41.815,42.62,1394322.0
2020-06-06,43.76,45.81,41.815,42.62,1394322.0
2020-06-07,43.76,45.81,41.815,42.62,1394322.0
2020-06-08,44.89,47.25,44.03,47.22,1026760.0
2020-06-09,45.01,45.66,42.17,43.9,1124449.0
2020-06-10,41.48,42.01,37.256,37.48,1171982.0
2020-06-11,32.18,35.15,30.62,30.89,1075520.0
2020-06-12,35.04,36.43,32.65,34.56,1303725.0
2020-06-13,35.04,36.43,32.65,34.56,1303725.0
2020-06-14,35.04,36.43,32.65,34.56,1303725.0
2020-06-15,31.97,35.92,31.4,35.42,801414.0
2020-06-16,38.67,38.79,35.94,36.68,591708.0
2020-06-17,36.45,36.45,34.2,34.55,467244.0
2020-06-18,33.71,35.6831,33.296,35.08,539835.0
2020-06-19,35.58,35.77,32.33,33.52,857176.0
2020-06-20,35.58,35.77,32.33,33.52,857176.0
2020-06-21,35.58,35.77,32.33,33.52,857176.0
2020-06-22,33.43,33.5999,31.922,32.67,532865.0
2020-06-23,33.28,33.28,31.58,32.92,559103.0
2020-06-24,31.78,32.17,29.0701,29.71,851014.0
2020-06-25,28.22,31.6,28.07,31.32,802714.0
2020-06-26,30.85,31.05,29.22,30.58,1029270.0
2020-06-27,30.85,31.05,29.22,30.58,1029270.0
2020-06-28,30.85,31.05,29.22,30.58,1029270.0
2020-06-29,31.39,33.28,30.4,32.86,614349.0
2020-06-30,32.33,32.88,31.2901,32.62,402470.0
2020-07-01,33.09,34.12,31.11,31.395,458375.0
2020-07-02,32.92,33.2998,30.93,30.96,361317.0
2020-07-03,32.92,33.2998,30.93,30.96,361317.0
2020-07-04,32.92,33.2998,30.93,30.96,361317.0
2020-07-05,32.92,33.2998,30.93,30.96,361317.0
2020-07-06,31.92,32.27,30.47,31.97,399226.0
2020-07-07,31.08,31.53,30.235,30.38,411053.0
2020-07-08,30.03,30.39,29.19,30.03,497897.0
2020-07-09,29.74,29.8999,27.8,28.09,434462.0
2020-07-10,27.74,30.17,27.648,30.09,382201.0
2020-07-11,27.74,30.17,27.648,30.09,382201.0
2020-07-12,27.74,30.17,27.648,30.09,382201.0
2020-07-13,30.64,31.02,29.19,29.74,442012.0
2020-07-14,29.56,30.57,29.23,30.1,305912.0
2020-07-15,32.1645,32.8138,31.06,32.42,586433.0
2020-07-16,31.47,31.92,30.66,30.96,351246.0
2020-07-17,30.87,31.475,30.04,30.26,265894.0
2020-07-18,30.87,31.475,30.04,30.26,265894.0
2020-07-19,30.87,31.475,30.04,30.26,265894.0
2020-07-20,29.85,30.26,28.41,28.76,485602.0
2020-07-21,29.09,29.58,28.59,28.68,528499.0
2020-07-22,28.48,29.19,28.2834,28.44,416372.0
2020-07-23,28.13,29.705,27.79,29.02,661917.0
2020-07-24,29.06,29.09,27.96,28.18,333729.0
2020-07-25,29.06,29.09,27.96,28.18,333729.0
2020-07-26,29.06,29.09,27.96,28.18,333729.0
2020-07-27,28.11,28.99,27.7901,28.46,451911.0
2020-07-28,28.15,29.65,28.15,29.2,383652.0
2020-07-29,29.23,29.6,28.2,28.8,322808.0
2020-07-30,28.05,28.84,27.49,28.39,447813.0
2020-07-31,27.61,28.4,25.0,26.31,1135902.0
2020-08-01,27.61,28.4,25.0,26.31,1135902.0
2020-08-02,27.61,28.4,25.0,26.31,1135902.0
2020-08-03,26.36,27.83,26.1,27.03,567307.0
2020-08-04,27.11,28.52,27.11,27.54,408129.0
2020-08-05,28.09,28.7937,27.45,28.56,426052.0
2020-08-06,28.5,29.25,28.18,28.91,418030.0
2020-08-07,28.53,29.63,28.39,29.62,397015.0
2020-08-08,28.53,29.63,28.39,29.62,397015.0
2020-08-09,28.53,29.63,28.39,29.62,397015.0
2020-08-10,29.86,32.07,29.86,31.66,531526.0
2020-08-11,33.29,33.975,32.0,32.3,686582.0
2020-08-12,32.71,32.9749,30.47,31.24,386973.0
2020-08-13,31.595,31.655,30.374,30.66,381572.0
2020-08-14,30.14,31.58,29.86,31.56,376458.0
2020-08-15,30.14,31.58,29.86,31.56,376458.0
2020-08-16,30.14,31.58,29.86,31.56,376458.0
2020-08-17,31.5,31.6,29.945,30.76,321754.0
2020-08-18,30.68,30.7,29.8,30.5,393834.0
2020-08-19,30.83,32.14,30.66,31.05,454464.0
2020-08-20,30.28,30.98,29.85,30.73,255756.0
2020-08-21,30.66,31.05,29.8586,30.0,298672.0
2020-08-22,30.66,31.05,29.8586,30.0,298672.0
2020-08-23,30.66,31.05,29.8586,30.0,298672.0
2020-08-24,30.53,33.16,29.95,33.13,534802.0
2020-08-25,33.15,33.979,32.39,32.86,366579.0
2020-08-26,32.87,33.31,31.86,32.2,438699.0
2020-08-27,32.82,34.75,32.82,34.18,470961.0
2020-08-28,34.5,35.36,34.3101,34.88,452076.0
2020-08-29,34.5,35.36,34.3101,34.88,452076.0
2020-08-30,34.5,35.36,34.3101,34.88,452076.0
2020-08-31,34.47,34.9,33.12,33.65,522995.0
2020-09-01,33.06,34.19,32.56,33.6,636683.0
2020-09-02,33.42,34.65,33.06,34.46,344064.0
2020-09-03,34.71,36.22,33.79,34.39,530251.0
2020-09-04,35.42,35.68,34.25,35.44,519327.0
2020-09-05,35.42,35.68,34.25,35.44,519327.0
2020-09-06,35.42,35.68,34.25,35.44,519327.0
2020-09-07,35.42,35.68,34.25,35.44,519327.0
2020-09-08,34.75,36.43,34.565,35.46,536890.0
2020-09-09,34.71,35.2,32.88,33.91,452474.0
2020-09-10,34.23,34.845,33.39,33.6,338789.0
2020-09-11,33.7,34.98,33.53,34.66,803745.0
2020-09-12,33.7,34.98,33.53,34.66,803745.0
2020-09-13,33.7,34.98,33.53,34.66,803745.0
2020-09-14,35.05,35.48,33.97,34.56,458151.0
2020-09-15,35.01,35.6,33.95,34.58,379553.0
2020-09-16,34.68,35.8034,34.25,35.22,516880.0
2020-09-17,34.35,35.57,33.91,34.51,420470.0
2020-09-18,34.98,34.98,33.26,33.75,876977.0
2020-09-19,34.98,34.98,33.26,33.75,876977.0
2020-09-20,34.98,34.98,33.26,33.75,876977.0
2020-09-21,32.23,32.41,30.22,31.54,526252.0
2020-09-22,31.67,32.2799,30.51,31.09,353408.0
2020-09-23,31.55,32.6657,29.43,29.48,625578.0
2020-09-24,29.5,29.88,28.29,29.15,439525.0
2020-09-25,28.75,29.73,28.75,29.59,278903.0
2020-09-26,28.75,29.73,28.75,29.59,278903.0
2020-09-27,28.75,29.73,28.75,29.59,278903.0
2020-09-28,30.44,31.9192,30.32,31.21,423548.0
2020-09-29,30.67,30.67,29.26,29.82,630804.0
2020-09-30,30.26,31.54,29.75,29.86,581276.0
2020-10-01,30.12,30.78,29.92,30.76,332871.0
2020-10-02,29.54,31.9799,29.5,31.71,369535.0
2020-10-03,29.54,31.9799,29.5,31.71,369535.0
2020-10-04,29.54,31.9799,29.5,31.71,369535.0
2020-10-05,31.83,32.43,31.38,31.56,246665.0
2020-10-06,32.29,32.4,30.61,30.63,574085.0
2020-10-07,31.85,32.0,31.07,31.45,528255.0
2020-10-08,32.32,32.4599,30.87,31.5,443301.0
2020-10-09,31.74,32.17,30.88,31.79,301168.0
2020-10-10,31.74,32.17,30.88,31.79,301168.0
2020-10-11,31.74,32.17,30.88,31.79,301168.0
2020-10-12,31.68,31.77,31.04,31.1,273412.0
2020-10-13,30.35,30.64,29.81,30.34,519687.0
2020-10-14,30.49,31.35,30.49,30.65,221127.0
2020-10-15,30.21,30.7,29.785,30.61,243819.0
2020-10-16,30.47,30.84,30.21,30.49,209811.0
2020-10-17,30.47,30.84,30.21,30.49,209811.0
2020-10-18,30.47,30.84,30.21,30.49,209811.0
2020-10-19,30.55,31.62,30.2,30.65,381533.0
2020-10-20,31.36,31.52,30.93,31.05,349269.0
2020-10-21,30.9,31.31,30.35,30.47,328470.0
2020-10-22,30.62,32.96,30.62,32.89,528946.0
2020-10-23,32.93,34.09,32.7,33.74,378812.0
2020-10-24,32.93,34.09,32.7,33.74,378812.0
2020-10-25,32.93,34.09,32.7,33.74,378812.0
2020-10-26,32.87,32.87,30.895,31.52,408776.0
2020-10-27,31.29,32.11,29.564,29.72,479465.0
2020-10-28,28.9012,28.955,27.441,27.8,437556.0
2020-10-29,28.58,29.35,27.64,29.16,450345.0
2020-10-30,29.5,29.82,27.91,29.03,482478.0
2020-10-31,29.5,29.82,27.91,29.03,482478.0
2020-11-01,29.5,29.82,27.91,29.03,482478.0
2020-11-02,29.32,29.48,28.38,28.76,311268.0
2020-11-03,29.42,29.92,28.87,29.455,316187.0
2020-11-04,29.14,29.65,28.1878,28.76,297700.0
2020-11-05,29.03,31.43,28.95,31.29,527998.0
2020-11-06,31.02,31.27,30.65,31.05,427074.0
2020-11-07,31.02,31.27,30.65,31.05,427074.0
2020-11-08,31.02,31.27,30.65,31.05,427074.0
2020-11-09,35.41,39.3,35.1,36.33,973349.0
2020-11-10,35.93,36.98,35.206,36.41,716498.0
2020-11-11,36.31,36.37,33.52,34.38,751795.0
2020-11-12,33.53,34.34,32.51,33.08,532709.0
2020-11-13,34.885,35.845,33.97,35.6,447844.0
2020-11-14,34.885,35.845,33.97,35.6,447844.0
2020-11-15,34.885,35.845,33.97,35.6,447844.0
2020-11-16,37.84,38.9,36.395,36.94,563485.0
2020-11-17,35.93,38.3,35.47,37.65,525262.0
2020-11-18,38.4,40.4,38.01,38.55,827142.0
2020-11-19,38.36,39.38,38.12,39.16,416965.0
2020-11-20,38.68,39.2,37.43,37.94,456774.0
2020-11-21,38.68,39.2,37.43,37.94,456774.0
2020-11-22,38.68,39.2,37.43,37.94,456774.0
2020-11-23,38.8,39.71,38.15,39.49,538206.0
2020-11-24,40.77,42.77,40.5,42.71,798734.0
2020-11-25,42.32,43.17,41.5001,43.07,457373.0
2020-11-26,42.32,43.17,41.5001,43.07,457373.0
2020-11-27,43.76,44.266,42.8725,43.29,234293.0
2020-11-28,43.76,44.266,42.8725,43.29,234293.0
2020-11-29,43.76,44.266,42.8725,43.29,234293.0
2020-11-30,43.3806,43.68,40.965,42.93,694276.0
2020-12-01,44.06,44.06,42.93,43.31,453867.0
2020-12-02,43.0,44.77,42.41,44.46,394360.0
2020-12-03,44.97,46.8,44.76,45.09,530382.0
2020-12-04,45.33,46.2615,44.23,44.97,628663.0
2020-12-05,45.33,46.2615,44.23,44.97,628663.0
2020-12-06,45.33,46.2615,44.23,44.97,628663.0
2020-12-07,44.67,45.145,43.57,43.65,409044.0
2020-12-08,43.26,44.23,43.075,43.65,545501.0
2020-12-09,44.52,44.8799,43.03,43.85,320387.0
2020-12-10,43.1,44.7,42.8746,44.57,192963.0
2020-12-11,43.53,43.87,42.18,42.97,1371573.0
2020-12-12,43.53,43.87,42.18,42.97,1371573.0
2020-12-13,43.53,43.87,42.18,42.97,1371573.0
2020-12-14,43.7176,44.14,42.035,42.89,354976.0
2020-12-15,42.865,44.31,42.4601,44.16,276439.0
2020-12-16,43.85,44.12,42.75,43.245,489106.0
2020-12-17,43.32,43.37,41.6,42.85,325326.0
2020-12-18,42.39,43.0,41.01,41.03,723501.0
2020-12-19,42.39,43.0,41.01,41.03,723501.0
2020-12-20,42.39,43.0,41.01,41.03,723501.0
2020-12-21,39.1965,40.22,38.26,39.83,478970.0
2020-12-22,40.29,40.36,39.03,39.6,281681.0
2020-12-23,40.07,41.265,40.07,40.61,198142.0
2020-12-24,41.03,41.21,39.57,40.41,119796.0
2020-12-25,41.03,41.21,39.57,40.41,119796.0
2020-12-26,41.03,41.21,39.57,40.41,119796.0
2020-12-27,41.03,41.21,39.57,40.41,119796.0
2020-12-28,41.41,41.7967,40.525,40.58,262045.0
2020-12-29,40.98,40.98,39.85,39.92,273535.0
2020-12-30,39.88,40.73,39.8,40.51,210616.0
2020-12-31,40.25,40.94,39.64,40.31,171516.0
2021-01-01,40.25,40.94,39.64,40.31,171516.0
2021-01-02,40.25,40.94,39.64,40.31,171516.0
2021-01-03,40.25,40.94,39.64,40.31,171516.0
2021-01-04,40.11,40.59,37.337,37.94,420488.0
2021-01-05,37.87,39.48,37.61,38.86,306621.0
2021-01-06,39.31,42.1,39.31,41.29,509413.0
2021-01-07,41.47,42.195,40.83,41.4,274581.0
2021-01-08,41.75,41.9,40.56,41.11,439801.0
2021-01-09,41.75,41.9,40.56,41.11,439801.0
2021-01-10,41.75,41.9,40.56,41.11,439801.0
2021-01-11,40.44,40.9799,39.93,40.54,188367.0
2021-01-12,40.72,42.105,40.4705,41.8,208238.0
2021-01-13,41.48,42.32,40.68,42.14,268550.0
2021-01-14,42.9,44.65,42.46,43.45,393588.0
2021-01-15,42.7,42.96,41.52,41.77,240184.0
2021-01-16,42.7,42.96,41.52,41.77,240184.0
2021-01-17,42.7,42.96,41.52,41.77,240184.0
2021-01-18,42.7,42.96,41.52,41.77,240184.0
2021-01-19,43.0,43.13,41.67,42.33,242474.0
2021-01-20,42.87,43.2611,42.475,42.98,277704.0
2021-01-21,42.74,42.74,41.1,41.96,371264.0
2021-01-22,41.19,42.62,40.52,42.48,328167.0
2021-01-23,41.19,42.62,40.52,42.48,328167.0
2021-01-24,41.19,42.62,40.52,42.48,328167.0
2021-01-25,41.5,41.699,40.18,41.25,251043.0
2021-01-26,41.69,41.95,40.22,40.23,256079.0
2021-01-27,39.92,40.12,38.73,39.43,329181.0
2021-01-28,40.1,41.37,39.945,40.99,565291.0
2021-01-29,40.85,41.2,38.62,38.99,324188.0
2021-01-30,40.85,41.2,38.62,38.99,324188.0
2021-01-31,40.85,41.2,38.62,38.99,324188.0
2021-02-01,39.68,39.93,38.72,39.5,277506.0
2021-02-02,40.12,40.73,39.51,39.67,261246.0
2021-02-03,39.85,42.08,39.85,41.7,375825.0
2021-02-04,41.89,45.13,41.89,44.36,688627.0
2021-02-05,43.42,43.711,40.5837,43.04,720177.0
2021-02-06,43.42,43.711,40.5837,43.04,720177.0
2021-02-07,43.42,43.711,40.5837,43.04,720177.0
2021-02-08,43.4,46.1825,43.03,45.52,448952.0
2021-02-09,45.15,45.6899,44.64,45.01,264737.0
2021-02-10,45.56,45.9,44.91,45.25,407975.0
2021-02-11,45.27,45.36,43.72,44.87,287621.0
2021-02-12,44.39,45.48,44.09,45.38,226519.0
2021-02-13,44.39,45.48,44.09,45.38,226519.0
2021-02-14,44.39,45.48,44.09,45.38,226519.0
2021-02-15,44.39,45.48,44.09,45.38,226519.0
2021-02-16,45.85,47.99,45.72,47.92,434449.0
2021-02-17,47.7,50.72,47.52,50.6,601078.0
2021-02-18,49.8,51.76,49.4131,51.74,366809.0
2021-02-19,52.45,54.07,52.01,53.73,446238.0
2021-02-20,52.45,54.07,52.01,53.73,446238.0
2021-02-21,52.45,54.07,52.01,53.73,446238.0
2021-02-22,55.0,57.63,53.82,56.05,604994.0
2021-02-23,57.38,60.6,54.83,59.89,726119.0
2021-02-24,59.92,60.79,58.6201,59.37,544402.0
2021-02-25,59.37,59.99,54.79,55.79,467240.0
2021-02-26,55.19,57.34,54.94,56.37,315878.0
2021-02-27,55.19,57.34,54.94,56.37,315878.0
2021-02-28,55.19,57.34,54.94,56.37,315878.0
2021-03-01,58.48,58.7,55.57,56.62,291551.0
2021-03-02,56.04,56.425,55.45,55.75,228266.0
2021-03-03,56.59,57.645,55.83,56.35,302235.0
2021-03-04,56.91,57.02,53.6466,55.03,350655.0
2021-03-05,55.52,55.52,50.7807,55.33,443298.0
2021-03-06,55.52,55.52,50.7807,55.33,443298.0
2021-03-07,55.52,55.52,50.7807,55.33,443298.0
2021-03-08,56.42,58.84,55.65,58.32,436185.0
2021-03-09,58.49,59.07,56.09,58.08,385365.0
2021-03-10,58.05,59.38,57.41,57.47,478768.0
2021-03-11,57.54,59.1,56.6159,57.69,440734.0
2021-03-12,58.0,60.37,57.56,60.0,432623.0
2021-03-13,58.0,60.37,57.56,60.0,432623.0
2021-03-14,58.0,60.37,57.56,60.0,432623.0
2021-03-15,60.15,61.155,59.32,60.86,444481.0
2021-03-16,60.86,60.86,57.06,57.89,385788.0
2021-03-17,57.36,59.0579,57.23,58.98,394270.0
2021-03-18,58.78,60.675,58.136,58.62,278884.0
2021-03-19,57.69,58.945,56.67,57.97,805145.0
2021-03-20,57.69,58.945,56.67,57.97,805145.0
2021-03-21,57.69,58.945,56.67,57.97,805145.0
2021-03-22,57.69,57.69,55.43,55.83,335360.0
2021-03-23,53.695,55.66,53.12,53.62,347126.0
2021-03-24,55.0,56.23,51.85,51.88,482770.0
2021-03-25,51.08,54.51,50.39,53.82,812735.0
2021-03-26,54.61,56.36,53.48,55.23,333361.0
2021-03-27,54.61,56.36,53.48,55.23,333361.0
2021-03-28,54.61,56.36,53.48,55.23,333361.0
2021-03-29,55.31,55.79,53.07,53.54,280532.0
2021-03-30,54.11,56.585,54.11,55.6,206239.0
2021-03-31,54.82,55.39,53.925,54.48,441314.0
2021-04-01,55.01,55.3488,54.43,55.07,247712.0
2021-04-02,55.01,55.3488,54.43,55.07,247712.0
2021-04-03,55.01,55.3488,54.43,55.07,247712.0
2021-04-04,55.01,55.3488,54.43,55.07,247712.0
2021-04-05,55.97,56.49,54.755,55.08,272055.0
2021-04-06,55.47,56.65,55.4,55.93,204215.0
2021-04-07,55.76,56.46,53.64,54.03,196703.0
2021-04-08,54.24,54.36,52.3,53.56,263218.0
2021-04-09,53.44,54.23,53.0741,54.0,161592.0
2021-04-10,53.44,54.23,53.0741,54.0,161592.0
2021-04-11,53.44,54.23,53.0741,54.0,161592.0
2021-04-12,54.04,54.04,52.51,53.03,168500.0
2021-04-13,52.07,53.07,50.85,52.97,246332.0
2021-04-14,52.52,54.6039,52.52,53.01,161157.0
2021-04-15,53.2,53.565,51.7,52.56,161446.0
2021-04-16,53.21,53.34,51.67,52.03,197101.0
2021-04-17,53.21,53.34,51.67,52.03,197101.0
2021-04-18,53.21,53.34,51.67,52.03,197101.0
2021-04-19,51.63,51.63,50.3912,50.82,255945.0
2021-04-20,49.9,50.0,47.63,48.57,425536.0
2021-04-21,49.13,50.86,47.6,50.84,362323.0
2021-04-22,51.48,52.08,50.18,50.25,269488.0
2021-04-23,50.49,52.2,50.12,51.63,236716.0
2021-04-24,50.49,52.2,50.12,51.63,236716.0
2021-04-25,50.49,52.2,50.12,51.63,236716.0
2021-04-26,52.26,53.03,51.63,52.04,152859.0
2021-04-27,51.82,52.21,51.26,51.67,166136.0
2021-04-28,51.48,51.9384,50.79,51.05,206302.0
2021-04-29,51.76,52.44,50.68,50.95,374788.0
2021-04-30,51.15,53.5,49.5,49.66,442048.0
2021-05-01,51.15,53.5,49.5,49.66,442048.0
2021-05-02,51.15,53.5,49.5,49.66,442048.0
2021-05-03,49.93,50.4,49.1,49.99,510360.0
2021-05-04,49.82,49.91,47.62,48.06,333037.0
2021-05-05,48.07,49.5,47.6201,49.02,454900.0
2021-05-06,49.65,49.65,47.6648,49.22,231445.0
2021-05-07,49.32,50.03,48.99,49.55,267866.0
2021-05-08,49.32,50.03,48.99,49.55,267866.0
2021-05-09,49.32,50.03,48.99,49.55,267866.0
2021-05-10,49.62,50.28,48.62,48.69,292005.0
2021-05-11,47.56,47.985,46.345,47.86,322590.0
2021-05-12,47.37,48.0,46.04,46.22,269629.0
2021-05-13,46.71,48.19,46.23,47.84,251248.0
2021-05-14,48.53,49.77,47.85,49.6,258305.0
2021-05-15,48.53,49.77,47.85,49.6,258305.0
2021-05-16,48.53,49.77,47.85,49.6,258305.0
2021-05-17,49.19,49.83,48.08,49.74,214305.0
2021-05-18,50.19,50.69,49.18,49.2,268941.0
2021-05-19,48.26,49.55,47.55,48.99,194074.0
2021-05-20,48.78,49.085,47.585,48.02,730756.0
2021-05-21,48.27,49.105,48.27,48.68,274876.0
2021-05-22,48.27,49.105,48.27,48.68,274876.0
2021-05-23,48.27,49.105,48.27,48.68,274876.0
2021-05-24,48.76,49.03,47.96,48.24,316686.0
2021-05-25,48.84,50.33,47.86,47.99,381048.0
2021-05-26,48.27,48.89,47.78,48.64,279868.0
2021-05-27,49.45,49.82,48.62,49.56,253130.0
2021-05-28,49.56,49.8,48.75,49.03,214924.0
2021-05-29,49.56,49.8,48.75,49.03,214924.0
2021-05-30,49.56,49.8,48.75,49.03,214924.0
2021-05-31,49.56,49.8,48.75,49.03,214924.0
2021-06-01,49.77,51.1,49.71,50.96,430055.0
2021-06-02,51.38,51.54,49.62,49.79,389645.0
2021-06-03,49.4,49.57,48.17,49.1,345785.0
2021-06-04,49.4,49.49,48.02,48.02,187392.0
2021-06-05,49.4,49.49,48.02,48.02,187392.0
2021-06-06,49.4,49.49,48.02,48.02,187392.0
2021-06-07,48.15,48.8078,47.67,48.14,226173.0
2021-06-08,48.56,49.61,48.33,49.35,236996.0
2021-06-09,49.41,49.41,48.45,48.69,270261.0
2021-06-10,49.17,49.25,47.255,47.39,219624.0
2021-06-11,47.71,48.69,47.66,48.54,859928.0
2021-06-12,47.71,48.69,47.66,48.54,859928.0
2021-06-13,47.71,48.69,47.66,48.54,859928.0
2021-06-14,48.53,48.79,47.28,47.61,286422.0
2021-06-15,47.52,48.0,46.8,47.23,272446.0
2021-06-16,47.04,47.63,46.6184,47.11,233564.0
2021-06-17,47.26,47.9,45.2821,46.25,359810.0
2021-06-18,45.52,46.87,45.14,45.56,630513.0
2021-06-19,45.52,46.87,45.14,45.56,630513.0
2021-06-20,45.52,46.87,45.14,45.56,630513.0
2021-06-21,46.01,46.965,45.72,46.66,254993.0
2021-06-22,46.44,46.5,45.2,46.26,178843.0
2021-06-23,46.21,46.4,45.79,45.92,193474.0
2021-06-24,46.33,46.36,45.34,46.34,256774.0
2021-06-25,46.28,46.65,44.79,44.95,762750.0
2021-06-26,46.28,46.65,44.79,44.95,762750.0
2021-06-27,46.28,46.65,44.79,44.95,762750.0
2021-06-28,44.76,44.76,43.3472,43.49,425687.0
2021-06-29,43.68,44.065,42.6,42.75,283958.0
2021-06-30,42.78,43.44,42.575,43.07,408426.0
2021-07-01,43.48,45.0,43.37,44.78,408225.0
2021-07-02,44.81,44.8142,43.42,43.52,236670.0
2021-07-03,44.81,44.8142,43.42,43.52,236670.0
2021-07-04,44.81,44.8142,43.42,43.52,236670.0
2021-07-05,44.81,44.8142,43.42,43.52,236670.0
2021-07-06,43.55,43.675,41.91,42.42,226021.0
2021-07-07,42.7894,42.7894,41.01,42.03,501547.0
2021-07-08,41.1,42.595,40.24,41.24,315825.0
2021-07-09,42.06,43.07,41.4201,42.76,269517.0
2021-07-10,42.06,43.07,41.4201,42.76,269517.0
2021-07-11,42.06,43.07,41.4201,42.76,269517.0
2021-07-12,42.34,43.0,41.88,42.66,255904.0
2021-07-13,42.17,42.5,41.16,41.41,270017.0
2021-07-14,42.07,43.0,41.41,41.48,256689.0
2021-07-15,41.28,42.03,40.97,41.65,246981.0
2021-07-16,42.21,42.82,39.14,39.4,692719.0
2021-07-17,42.21,42.82,39.14,39.4,692719.0
2021-07-18,42.21,42.82,39.14,39.4,692719.0
2021-07-19,38.0,38.58,36.35,37.18,722356.0
2021-07-20,37.59,40.43,37.31,39.83,659853.0
2021-07-21,40.27,41.74,40.21,40.75,389739.0
2021-07-22,40.34,40.8528,39.44,39.82,235860.0
2021-07-23,40.1,40.46,39.19,39.39,214743.0
2021-07-24,40.1,40.46,39.19,39.39,214743.0
2021-07-25,40.1,40.46,39.19,39.39,214743.0
2021-07-26,39.58,40.8435,39.58,40.68,233303.0
2021-07-27,40.205,40.7906,39.7,40.14,293226.0
2021-07-28,40.7,41.22,39.36,40.85,259129.0
2021-07-29,41.53,41.9,40.43,41.57,457264.0
2021-07-30,41.165,41.7,40.03,40.49,566656.0
2021-07-31,41.165,41.7,40.03,40.49,566656.0
2021-08-01,41.165,41.7,40.03,40.49,566656.0
2021-08-02,41.02,42.37,39.85,40.03,478990.0
2021-08-03,40.04,40.485,38.71,39.84,995685.0
2021-08-04,39.17,39.94,38.95,39.27,639450.0
2021-08-05,39.53,41.01,39.53,40.82,462710.0
2021-08-06,41.72,42.0669,40.61,41.13,299246.0
2021-08-07,41.72,42.0669,40.61,41.13,299246.0
2021-08-08,41.72,42.0669,40.61,41.13,299246.0
2021-08-09,40.22,40.62,39.1668,40.16,366974.0
2021-08-10,40.37,42.2,40.23,41.71,287011.0
2021-08-11,41.5,42.8804,41.0,42.72,259183.0
2021-08-12,42.71,42.9,41.4,42.18,257061.0
2021-08-13,42.33,42.4224,41.33,41.87,191731.0
2021-08-14,42.33,42.4224,41.33,41.87,191731.0
2021-08-15,42.33,42.4224,41.33,41.87,191731.0
2021-08-16,41.41,42.26,40.65,42.25,432328.0
2021-08-17,41.56,41.86,40.68,41.83,437419.0
2021-08-18,41.85,42.6,41.21,41.23,363225.0
2021-08-19,40.73,40.9601,38.5,39.57,499838.0
2021-08-20,39.16,40.22,39.16,40.11,296304.0
2021-08-21,39.16,40.22,39.16,40.11,296304.0
2021-08-22,39.16,40.22,39.16,40.11,296304.0
2021-08-23,40.76,41.73,40.55,41.48,450121.0
2021-08-24,41.99,43.99,41.77,43.94,422529.0
2021-08-25,44.81,47.99,44.117,47.95,1068391.0
2021-08-26,47.56,47.74,46.75,47.03,593489.0
2021-08-27,47.05,48.93,47.05,48.47,401638.0
2021-08-28,47.05,48.93,47.05,48.47,401638.0
2021-08-29,47.05,48.93,47.05,48.47,401638.0
2021-08-30,48.67,48.835,46.11,46.16,492155.0
2021-08-31,45.9,47.25,45.7,46.65,1313182.0
2021-09-01,46.31,46.82,45.25,46.05,367442.0
2021-09-02,46.2,47.1199,45.37,46.37,285803.0
2021-09-03,45.95,46.46,45.16,45.62,252883.0
2021-09-04,45.95,46.46,45.16,45.62,252883.0
2021-09-05,45.95,46.46,45.16,45.62,252883.0
2021-09-06,45.95,46.46,45.16,45.62,252883.0
2021-09-07,45.33,46.21,45.15,45.93,175166.0
2021-09-08,45.79,46.32,44.47,44.59,303252.0
2021-09-09,44.5,46.47,44.5,45.3,309597.0
2021-09-10,45.76,45.76,43.1,43.3,554092.0
2021-09-11,45.76,45.76,43.1,43.3,554092.0
2021-09-12,45.76,45.76,43.1,43.3,554092.0
2021-09-13,44.11,45.9,43.3,45.83,339648.0
2021-09-14,46.23,46.23,44.73,45.1,246530.0
2021-09-15,44.9,45.35,44.1501,45.25,229243.0
2021-09-16,45.66,46.53,45.31,45.9,235803.0
2021-09-17,46.18,46.99,45.6301,46.66,811071.0
2021-09-18,46.18,46.99,45.6301,46.66,811071.0
2021-09-19,46.18,46.99,45.6301,46.66,811071.0
2021-09-20,45.68,46.91,45.16,46.73,250738.0
2021-09-21,47.18,47.48,45.23,45.25,268081.0
2021-09-22,45.97,47.85,45.97,47.12,276150.0
2021-09-23,47.46,49.42,47.15,48.96,285089.0
2021-09-24,48.58,50.36,48.535,50.07,321968.0
2021-09-25,48.58,50.36,48.535,50.07,321968.0
2021-09-26,48.58,50.36,48.535,50.07,321968.0
2021-09-27,51.0454,52.55,50.9,51.21,334581.0
2021-09-28,51.02,51.71,50.04,50.16,239313.0
2021-09-29,50.47,51.35,49.29,50.54,244799.0
2021-09-30,49.55,50.45,49.31,49.34,286269.0
2021-10-01,50.46,52.495,50.435,51.98,346028.0
2021-10-02,50.46,52.495,50.435,51.98,346028.0
2021-10-03,50.46,52.495,50.435,51.98,346028.0
2021-10-04,52.37,53.05,51.68,51.98,237401.0
2021-10-05,51.9,52.85,51.12,52.17,337026.0
2021-10-06,50.9,51.73,50.06,51.73,236598.0
2021-10-07,52.17,52.21,50.84,50.94,247835.0
2021-10-08,51.16,51.59,50.1501,51.45,108489.0
2021-10-09,51.16,51.59,50.1501,51.45,108489.0
2021-10-10,51.16,51.59,50.1501,51.45,108489.0
2021-10-11,51.0,52.1,50.92,50.94,127212.0
2021-10-12,50.94,51.5,50.44,51.25,155793.0
2021-10-13,50.76,50.76,49.15,49.75,220876.0
2021-10-14,50.44,50.555,49.965,50.13,137894.0
2021-10-15,51.65,51.8,49.38,49.42,306019.0
2021-10-16,51.65,51.8,49.38,49.42,306019.0
2021-10-17,51.65,51.8,49.38,49.42,306019.0
2021-10-18,49.04,49.88,48.61,48.74,225082.0
2021-10-19,49.43,49.43,47.79,47.9,180388.0
2021-10-20,47.78,48.21,46.3907,46.93,294047.0
2021-10-21,46.93,47.79,46.55,47.68,338484.0
2021-10-22,47.22,47.62,46.52,46.64,173472.0
2021-10-23,47.22,47.62,46.52,46.64,173472.0
2021-10-24,47.22,47.62,46.52,46.64,173472.0
2021-10-25,46.64,47.01,46.3735,46.93,176102.0
2021-10-26,47.46,47.8612,46.37,46.76,195280.0
2021-10-27,46.76,46.76,45.36,45.45,217594.0
2021-10-28,46.05,46.38,45.29,46.02,253146.0
2021-10-29,45.36,46.39,42.36,43.03,472463.0
2021-10-30,45.36,46.39,42.36,43.03,472463.0
2021-10-31,45.36,46.39,42.36,43.03,472463.0
2021-11-01,43.27,44.21,42.066,43.69,470167.0
2021-11-02,43.59,44.22,42.88,44.19,268229.0
2021-11-03,44.15,45.9,43.9246,45.3,274565.0
2021-11-04,45.57,45.76,44.2,44.97,296719.0
2021-11-05,47.06,50.17,46.95,49.35,496681.0
2021-11-06,47.06,50.17,46.95,49.35,496681.0
2021-11-07,47.06,50.17,46.95,49.35,496681.0
2021-11-08,49.99,51.88,49.99,50.37,601791.0
2021-11-09,49.82,50.58,48.77,49.92,337218.0
2021-11-10,48.02,50.44,47.94,49.46,233134.0
2021-11-11,49.41,50.025,48.935,49.21,177724.0
2021-11-12,49.32,49.405,47.32,47.89,196621.0
2021-11-13,49.32,49.405,47.32,47.89,196621.0
2021-11-14,49.32,49.405,47.32,47.89,196621.0
2021-11-15,48.6,48.6,47.5,47.82,166691.0
2021-11-16,47.93,47.93,45.9,46.35,244107.0
2021-11-17,46.0,46.35,45.14,45.98,190648.0
2021-11-18,46.16,46.49,44.59,45.31,255082.0
2021-11-19,44.52,44.61,43.24,43.65,335355.0
2021-11-20,44.52,44.61,43.24,43.65,335355.0
2021-11-21,44.52,44.61,43.24,43.65,335355.0
2021-11-22,44.26,45.05,43.71,44.46,289818.0
2021-11-23,44.56,45.56,44.27,44.55,257804.0
2021-11-24,44.03,44.825,43.91,44.23,118435.0
2021-11-25,44.03,44.825,43.91,44.23,118435.0
2021-11-26,42.04,42.21,39.16,41.06,507131.0
2021-11-27,42.04,42.21,39.16,41.06,507131.0
2021-11-28,42.04,42.21,39.16,41.06,507131.0
2021-11-29,42.43,42.5,40.22,40.92,451300.0
2021-11-30,39.97,40.35,38.2358,39.17,452596.0
2021-12-01,40.61,41.7413,37.16,37.5,534574.0
2021-12-02,38.13,40.44,38.0,39.91,391197.0
2021-12-03,39.7,40.3399,38.11,38.86,315340.0
2021-12-04,39.7,40.3399,38.11,38.86,315340.0
2021-12-05,39.7,40.3399,38.11,38.86,315340.0
2021-12-06,39.69,43.2706,39.6814,41.65,437355.0
2021-12-07,42.43,42.96,40.95,41.36,447052.0
2021-12-08,42.26,43.67,41.73,42.24,219204.0
2021-12-09,41.48,41.86,41.11,41.25,313327.0
2021-12-10,41.35,41.38,39.7,40.89,417879.0
2021-12-11,41.35,41.38,39.7,40.89,417879.0
2021-12-12,41.35,41.38,39.7,40.89,417879.0
2021-12-13,40.13,40.13,38.7501,39.27,312197.0
2021-12-14,39.2,40.7645,38.93,39.49,254067.0
2021-12-15,37.67,38.26,36.42,38.07,574682.0
2021-12-16,38.57,38.975,36.75,37.24,438972.0
2021-12-17,37.36,39.21,37.01,38.09,916382.0
2021-12-18,37.36,39.21,37.01,38.09,916382.0
2021-12-19,37.36,39.21,37.01,38.09,916382.0
2021-12-20,36.94,38.0,36.35,37.66,360682.0
2021-12-21,38.26,40.83,38.26,40.56,394131.0
2021-12-22,40.56,40.88,39.65,40.4,398317.0
2021-12-23,41.11,41.6,40.28,41.25,267775.0
2021-12-24,41.11,41.6,40.28,41.25,267775.0
2021-12-25,41.11,41.6,40.28,41.25,267775.0
2021-12-26,41.11,41.6,40.28,41.25,267775.0
2021-12-27,40.2446,41.38,39.9,40.84,223302.0
2021-12-28,39.515,41.6,39.515,40.71,166195.0
2021-12-29,40.3,40.785,39.44,40.08,351842.0
2021-12-30,40.01,40.94,39.34,39.4,290940.0
2021-12-31,39.34,39.815,38.995,39.3,186158.0
2022-01-01,39.34,39.815,38.995,39.3,186158.0
2022-01-02,39.34,39.815,38.995,39.3,186158.0
2022-01-03,39.76,41.69,39.76,40.57,252224.0
2022-01-04,41.26,42.36,40.73,41.83,361554.0
2022-01-05,42.04,42.2479,40.61,40.72,250875.0
2022-01-06,41.13,41.905,40.52,40.8,232825.0
2022-01-07,40.84,42.0,40.84,41.23,287262.0
2022-01-08,40.84,42.0,40.84,41.23,287262.0
2022-01-09,40.84,42.0,40.84,41.23,287262.0
2022-01-10,41.965,41.965,40.13,41.0,207251.0
2022-01-11,40.71,41.865,40.375,41.47,229192.0
2022-01-12,41.47,41.5,40.19,40.21,330181.0
2022-01-13,40.88,42.97,40.8392,41.72,326043.0
2022-01-14,41.15,41.76,40.55,41.63,242637.0
2022-01-15,41.15,41.76,40.55,41.63,242637.0
2022-01-16,41.15,41.76,40.55,41.63,242637.0
2022-01-17,41.15,41.76,40.55,41.63,242637.0
2022-01-18,41.25,42.41,40.775,40.92,211451.0
2022-01-19,40.93,41.15,40.19,40.28,193216.0
2022-01-20,39.98,41.34,39.51,39.63,295202.0
2022-01-21,39.36,40.05,37.92,38.18,635759.0
2022-01-22,39.36,40.05,37.92,38.18,635759.0
2022-01-23,39.36,40.05,37.92,38.18,635759.0
2022-01-24,37.14,38.44,35.7,38.37,573181.0
2022-01-25,37.7,38.87,37.1287,38.39,281401.0
2022-01-26,38.93,39.93,37.53,37.89,389458.0
2022-01-27,38.28,39.89,36.79,37.48,385223.0
2022-01-28,37.32,37.64,35.32,37.06,458097.0
2022-01-29,37.32,37.64,35.32,37.06,458097.0
2022-01-30,37.32,37.64,35.32,37.06,458097.0
2022-01-31,36.55,38.32,36.5,38.15,344748.0
2022-02-01,38.28,39.51,38.165,39.17,394024.0
2022-02-02,39.75,39.75,37.87,38.77,361759.0
2022-02-03,38.34,39.1625,37.82,37.96,326847.0
2022-02-04,34.07,34.9,29.11,29.47,2539713.0
2022-02-05,34.07,34.9,29.11,29.47,2539713.0
2022-02-06,34.07,34.9,29.11,29.47,2539713.0
2022-02-07,29.82,32.74,29.7596,31.38,1398280.0
2022-02-08,32.0,33.09,31.33,32.76,868621.0
2022-02-09,33.03,33.94,33.01,33.13,555998.0
2022-02-10,32.72,34.185,32.37,32.86,627475.0
2022-02-11,33.17,33.835,31.28,32.01,655179.0
2022-02-12,33.17,33.835,31.28,32.01,655179.0
2022-02-13,33.17,33.835,31.28,32.01,655179.0
2022-02-14,32.06,33.0457,31.19,31.45,442929.0
2022-02-15,32.39,32.9,31.955,32.57,536115.0
2022-02-16,32.5,32.77,31.9,32.34,554386.0
2022-02-17,31.82,32.02,30.3,30.71,449342.0
2022-02-18,30.67,31.0,29.635,30.05,690127.0
2022-02-19,30.67,31.0,29.635,30.05,690127.0
2022-02-20,30.67,31.0,29.635,30.05,690127.0
2022-02-21,30.67,31.0,29.635,30.05,690127.0
2022-02-22,29.46,30.7,29.13,29.18,678416.0
2022-02-23,29.14,29.34,27.73,27.85,915951.0
2022-02-24,26.47,28.68,26.08,28.6,1182433.0
2022-02-25,28.86,29.29,28.15,28.99,909795.0
2022-02-26,28.86,29.29,28.15,28.99,909795.0
2022-02-27,28.86,29.29,28.15,28.99,909795.0
2022-02-28,28.27,29.08,27.6,28.11,1123482.0
2022-03-01,27.79,27.8999,25.845,26.12,2304829.0
2022-03-02,26.62,27.87,26.62,27.4,1105460.0
2022-03-03,27.83,28.18,26.42,26.8,962552.0
2022-03-04,26.13,26.335,25.09,25.55,923525.0
2022-03-05,26.13,26.335,25.09,25.55,923525.0
2022-03-06,26.13,26.335,25.09,25.55,923525.0
2022-03-07,25.12,25.295,22.78,22.96,1650954.0
2022-03-08,23.61,26.45,23.29,25.43,1193251.0
2022-03-09,26.94,27.43,25.74,26.15,765812.0
2022-03-10,25.38,26.3,24.69,25.26,639550.0
2022-03-11,25.85,25.87,24.6,25.33,2666341.0
2022-03-12,25.85,25.87,24.6,25.33,2666341.0
2022-03-13,25.85,25.87,24.6,25.33,2666341.0
2022-03-14,25.72,26.22,24.55,25.12,758003.0
2022-03-15,26.12,26.61,25.27,25.98,658728.0
2022-03-16,26.76,28.05,26.69,27.8,904234.0
2022-03-17,27.07,28.26,26.51,28.22,547260.0
2022-03-18,27.54,28.66,27.4,28.07,1219087.0
2022-03-19,27.54,28.66,27.4,28.07,1219087.0
2022-03-20,27.54,28.66,27.4,28.07,1219087.0
2022-03-21,27.92,27.965,27.02,27.66,533177.0
2022-03-22,28.48,28.934,27.93,28.25,518770.0
2022-03-23,27.91,28.0895,27.52,27.62,404926.0
2022-03-24,27.93,28.08,27.4,28.04,422554.0
2022-03-25,28.27,28.92,28.01,28.18,300488.0
2022-03-26,28.27,28.92,28.01,28.18,300488.0
2022-03-27,28.27,28.92,28.01,28.18,300488.0
2022-03-28,28.46,28.78,27.53,28.41,415649.0
2022-03-29,29.31,30.59,28.87,28.96,616207.0
2022-03-30,28.49,28.85,28.31,28.67,448779.0
2022-03-31,28.75,29.23,28.53,28.85,306395.0
2022-04-01,28.91,29.25,28.73,29.11,464034.0
2022-04-02,28.91,29.25,28.73,29.11,464034.0
2022-04-03,28.91,29.25,28.73,29.11,464034.0
2022-04-04,28.8,29.07,28.47,28.86,322866.0
2022-04-05,29.44,29.44,28.12,28.52,664688.0
2022-04-06,27.92,28.44,27.21,28.03,715619.0
2022-04-07,27.95,28.35,27.35,28.2,687794.0
2022-04-08,28.25,28.4,27.65,27.72,527612.0
2022-04-09,28.25,28.4,27.65,27.72,527612.0
2022-04-10,28.25,28.4,27.65,27.72,527612.0
2022-04-11,27.73,29.04,27.53,28.17,534363.0
2022-04-12,28.42,28.82,27.95,28.58,508027.0
2022-04-13,29.43,30.08,29.21,29.49,581714.0
2022-04-14,29.67,30.69,29.23,29.51,488333.0
2022-04-15,29.67,30.69,29.23,29.51,488333.0
2022-04-16,29.67,30.69,29.23,29.51,488333.0
2022-04-17,29.67,30.69,29.23,29.51,488333.0
2022-04-18,29.02,29.61,28.86,29.28,433335.0
2022-04-19,29.54,30.7,29.53,30.54,483203.0
2022-04-20,31.0,31.34,30.52,30.79,479141.0
2022-04-21,32.35,33.35,32.18,32.43,919135.0
2022-04-22,32.3,32.63,31.0,31.16,606076.0
2022-04-23,32.3,32.63,31.0,31.16,606076.0
2022-04-24,32.3,32.63,31.0,31.16,606076.0
2022-04-25,30.7,31.16,30.0,31.04,620025.0
2022-04-26,30.46,30.46,29.23,29.69,657326.0
2022-04-27,28.09,29.11,27.37,28.45,867278.0
2022-04-28,29.07,29.205,27.6701,29.14,482812.0
2022-04-29,28.63,30.4,28.38,29.15,870438.0
2022-04-30,28.63,30.4,28.38,29.15,870438.0
2022-05-01,28.63,30.4,28.38,29.15,870438.0
2022-05-02,29.1,29.69,28.19,29.01,763321.0
2022-05-03,29.25,29.4122,28.44,28.58,600579.0
2022-05-04,28.25,28.84,27.845,28.77,632032.0
2022-05-05,28.25,28.595,27.72,27.97,537491.0
2022-05-06,27.83,28.0,26.54,26.92,532234.0
2022-05-07,27.83,28.0,26.54,26.92,532234.0
2022-05-08,27.83,28.0,26.54,26.92,532234.0
2022-05-09,26.42,26.88,25.445,25.59,467092.0
2022-05-10,26.0,26.51,25.11,26.25,448970.0
2022-05-11,26.37,27.19,25.83,26.21,661140.0
2022-05-12,25.93,26.1,24.93,25.58,578485.0
2022-05-13,26.0,26.67,25.25,26.24,942148.0
2022-05-14,26.0,26.67,25.25,26.24,942148.0
2022-05-15,26.0,26.67,25.25,26.24,942148.0
2022-05-16,26.33,26.5,25.62,25.72,414644.0
2022-05-17,26.64,27.21,26.44,27.15,426319.0
2022-05-18,26.88,27.67,26.295,26.35,447843.0
2022-05-19,25.96,26.75,25.82,25.98,497846.0
2022-05-20,26.32,26.38,24.59,25.04,373725.0
2022-05-21,26.32,26.38,24.59,25.04,373725.0
2022-05-22,26.32,26.38,24.59,25.04,373725.0
2022-05-23,25.44,25.76,24.47,25.16,611747.0
2022-05-24,24.72,24.75,23.39,23.72,419503.0
2022-05-25,23.61,24.2805,23.5,24.07,429721.0
2022-05-26,24.33,25.47,24.33,25.11,509186.0
2022-05-27,25.47,26.85,25.46,26.55,382117.0
2022-05-28,25.47,26.85,25.46,26.55,382117.0
2022-05-29,25.47,26.85,25.46,26.55,382117.0
2022-05-30,25.47,26.85,25.46,26.55,382117.0
2022-05-31,25.97,27.075,25.6836,26.96,534590.0
2022-06-01,27.37,27.54,26.0,26.83,468550.0
2022-06-02,26.74,27.18,26.38,26.48,363328.0
2022-06-03,26.06,26.5,25.68,26.37,483479.0
2022-06-04,26.06,26.5,25.68,26.37,483479.0
2022-06-05,26.06,26.5,25.68,26.37,483479.0
2022-06-06,27.03,27.2,26.43,26.77,350795.0
2022-06-07,26.19,27.265,26.19,27.2,386411.0
2022-06-08,26.57,27.1,26.2,26.29,273747.0
2022-06-09,26.08,26.13,25.07,25.08,362133.0
2022-06-10,24.46,24.87,23.27,23.55,979221.0
2022-06-11,24.46,24.87,23.27,23.55,979221.0
2022-06-12,24.46,24.87,23.27,23.55,979221.0
2022-06-13,22.7,22.86,21.81,21.96,669406.0
2022-06-14,22.25,22.25,21.3775,21.87,370728.0
2022-06-15,22.25,22.81,22.03,22.3,473022.0
2022-06-16,21.4,21.4,20.26,20.36,716591.0
2022-06-17,20.52,21.26,20.06,21.1,625044.0
2022-06-18,20.52,21.26,20.06,21.1,625044.0
2022-06-19,20.52,21.26,20.06,21.1,625044.0
2022-06-20,20.52,21.26,20.06,21.1,625044.0
2022-06-21,21.51,21.699,20.79,20.87,450720.0
2022-06-22,20.54,21.44,20.38,21.21,436791.0
2022-06-23,21.0,21.475,20.64,21.02,355791.0
2022-06-24,21.05,22.81,21.05,22.42,728595.0
2022-06-25,21.05,22.81,21.05,22.42,728595.0
2022-06-26,21.05,22.81,21.05,22.42,728595.0
2022-06-27,22.46,22.58,21.75,21.8,365032.0
2022-06-28,22.21,23.08,21.47,21.49,495052.0
2022-06-29,21.29,21.365,20.67,21.13,367571.0
2022-06-30,20.6,21.3,20.2101,21.25,427845.0
2022-07-01,21.35,22.1,21.08,22.01,585125.0
2022-07-02,21.35,22.1,21.08,22.01,585125.0
2022-07-03,21.35,22.1,21.08,22.01,585125.0
2022-07-04,21.35,22.1,21.08,22.01,585125.0
2022-07-05,21.06,22.08,20.81,21.95,546690.0
2022-07-06,21.73,22.12,21.05,21.26,386928.0
2022-07-07,21.51,21.7523,21.23,21.29,253281.0
2022-07-08,21.26,21.67,20.86,21.2,437321.0
2022-07-09,21.26,21.67,20.86,21.2,437321.0
2022-07-10,21.26,21.67,20.86,21.2,437321.0
2022-07-11,20.93,21.05,20.51,20.79,276681.0
2022-07-12,20.79,22.03,20.79,21.71,330416.0
2022-07-13,21.02,21.68,20.83,21.62,248480.0
2022-07-14,21.18,21.725,20.95,21.35,256465.0
2022-07-15,21.91,21.91,21.23,21.66,354492.0
2022-07-16,21.91,21.91,21.23,21.66,354492.0
2022-07-17,21.91,21.91,21.23,21.66,354492.0
2022-07-18,22.03,22.43,21.64,21.74,359057.0
2022-07-19,22.28,22.72,22.28,22.53,302792.0
2022-07-20,22.62,22.97,22.335,22.76,308828.0
2022-07-21,22.31,22.31,21.45,21.85,345926.0
2022-07-22,21.94,21.9908,21.32,21.57,270289.0
2022-07-23,21.94,21.9908,21.32,21.57,270289.0
2022-07-24,21.94,21.9908,21.32,21.57,270289.0
2022-07-25,21.81,21.81,21.3,21.75,301007.0
2022-07-26,21.52,21.63,21.13,21.17,267865.0
2022-07-27,21.56,22.255,21.295,22.14,277478.0
2022-07-28,21.91,22.59,21.65,22.52,344944.0
2022-07-29,24.0,24.9,23.82,24.15,685953.0
2022-07-30,24.0,24.9,23.82,24.15,685953.0
2022-07-31,24.0,24.9,23.82,24.15,685953.0
2022-08-01,23.89,24.68,23.68,24.37,523003.0
2022-08-02,24.01,24.42,23.5,24.05,435421.0
2022-08-03,24.25,25.07,24.07,24.98,329115.0
2022-08-04,25.1502,25.49,24.6,24.67,313939.0
2022-08-05,24.25,24.665,24.17,24.39,314809.0
2022-08-06,24.25,24.665,24.17,24.39,314809.0
2022-08-07,24.25,24.665,24.17,24.39,314809.0
2022-08-08,24.67,25.03,24.155,24.56,1083650.0
2022-08-09,24.38,24.475,22.7,22.94,478833.0
2022-08-10,23.6,24.21,23.39,23.7,478865.0
2022-08-11,24.15,24.51,23.58,23.66,320118.0
2022-08-12,24.0,24.22,23.56,24.11,335761.0
2022-08-13,24.0,24.22,23.56,24.11,335761.0
2022-08-14,24.0,24.22,23.56,24.11,335761.0
2022-08-15,24.06,24.62,24.02,24.5,387577.0
2022-08-16,24.48,24.76,24.16,24.64,287480.0
2022-08-17,24.22,24.22,23.32,23.43,418302.0
2022-08-18,23.43,23.48,23.04,23.3,294556.0
2022-08-19,22.73,22.92,21.89,22.18,706300.0
2022-08-20,22.73,22.92,21.89,22.18,706300.0
2022-08-21,22.73,22.92,21.89,22.18,706300.0
2022-08-22,21.76,21.76,20.92,21.4,579950.0
2022-08-23,21.48,21.76,21.05,21.32,451172.0
2022-08-24,21.35,21.63,21.11,21.41,383264.0
2022-08-25,21.46,22.52,21.37,22.12,576300.0
2022-08-26,22.34,22.49,21.57,21.79,495776.0
2022-08-27,22.34,22.49,21.57,21.79,495776.0
2022-08-28,22.34,22.49,21.57,21.79,495776.0
2022-08-29,21.5,21.72,21.29,21.56,526346.0
2022-08-30,21.82,22.0,21.435,21.76,379548.0
2022-08-31,22.02,22.145,21.24,21.29,454429.0
2022-09-01,21.09,21.2,20.5754,21.17,488036.0
2022-09-02,21.17,21.61,20.77,20.83,547745.0
2022-09-03,21.17,21.61,20.77,20.83,547745.0
2022-09-04,21.17,21.61,20.77,20.83,547745.0
2022-09-05,21.17,21.61,20.77,20.83,547745.0
2022-09-06,21.02,21.12,20.0,20.65,981420.0
2022-09-07,20.63,21.33,20.42,21.23,1163089.0
2022-09-08,20.09,20.385,19.739,20.14,972184.0
2022-09-09,20.32,20.555,20.06,20.15,1322287.0
2022-09-10,20.32,20.555,20.06,20.15,1322287.0
2022-09-11,20.32,20.555,20.06,20.15,1322287.0
2022-09-12,20.34,20.87,20.2,20.49,552858.0
2022-09-13,19.87,19.89,19.02,19.14,1195017.0
2022-09-14,19.07,19.14,18.12,19.12,1200238.0
2022-09-15,18.94,19.4,18.6,18.6,1178736.0
2022-09-16,18.17,18.43,17.65,17.8,1088596.0
2022-09-17,18.17,18.43,17.65,17.8,1088596.0
2022-09-18,18.17,18.43,17.65,17.8,1088596.0
2022-09-19,17.56,18.2,17.56,17.98,506144.0
2022-09-20,17.85,17.86,17.26,17.71,600798.0
2022-09-21,17.58,17.64,16.79,16.94,977369.0
2022-09-22,16.9,16.94,16.5,16.78,806906.0
2022-09-23,16.52,16.74,16.03,16.51,964499.0
2022-09-24,16.52,16.74,16.03,16.51,964499.0
2022-09-25,16.52,16.74,16.03,16.51,964499.0
2022-09-26,16.35,16.67,15.83,15.83,1083195.0
2022-09-27,16.11,16.71,16.03,16.41,643401.0
2022-09-28,16.43,17.0,16.24,16.88,563326.0
2022-09-29,16.5,16.6453,16.06,16.45,555614.0
2022-09-30,16.4,16.65,16.24,16.26,606468.0
2022-10-01,16.4,16.65,16.24,16.26,606468.0
2022-10-02,16.4,16.65,16.24,16.26,606468.0
2022-10-03,16.39,16.71,16.03,16.47,490322.0
2022-10-04,17.1,17.6301,17.01,17.56,532599.0
2022-10-05,16.95,17.64,16.95,17.57,371312.0
2022-10-06,17.36,17.74,17.36,17.69,396177.0
2022-10-07,17.36,17.48,17.01,17.3,673377.0
2022-10-08,17.36,17.48,17.01,17.3,673377.0
2022-10-09,17.36,17.48,17.01,17.3,673377.0
2022-10-10,17.42,17.71,17.28,17.45,544529.0
2022-10-11,17.8,18.02,17.23,17.39,515378.0
2022-10-12,17.3,17.78,17.02,17.66,747297.0
2022-10-13,17.62,18.08,17.17,17.74,559860.0
2022-10-14,18.06,18.29,17.64,17.8,490293.0
2022-10-15,18.06,18.29,17.64,17.8,490293.0
2022-10-16,18.06,18.29,17.64,17.8,490293.0
2022-10-17,18.24,18.27,17.736,17.82,382802.0
2022-10-18,18.27,18.5,17.91,18.24,374055.0
2022-10-19,18.57,18.68,17.5,17.65,369711.0
2022-10-20,17.55,17.94,17.46,17.54,381740.0
2022-10-21,17.54,17.93,17.39,17.67,429853.0
2022-10-22,17.54,17.93,17.39,17.67,429853.0
2022-10-23,17.54,17.93,17.39,17.67,429853.0
2022-10-24,17.72,18.19,17.52,18.08,374678.0
2022-10-25,17.96,18.735,17.8,18.63,452102.0
2022-10-26,18.57,19.06,18.36,18.44,431354.0
2022-10-27,18.76,19.24,18.636,18.78,574916.0
2022-10-28,18.84,18.895,16.71,17.69,957371.0
2022-10-29,18.84,18.895,16.71,17.69,957371.0
2022-10-30,18.84,18.895,16.71,17.69,957371.0
2022-10-31,17.77,17.93,17.35,17.68,623678.0
2022-11-01,17.97,18.03,17.62,17.73,586508.0
2022-11-02,17.56,17.81,17.23,17.24,633492.0
2022-11-03,17.04,17.41,16.6,17.21,685811.0
2022-11-04,17.53,17.74,17.21,17.54,621971.0
2022-11-05,17.53,17.74,17.21,17.54,621971.0
2022-11-06,17.53,17.74,17.21,17.54,621971.0
2022-11-07,17.72,17.85,17.39,17.77,527695.0
2022-11-08,17.79,17.93,17.0,17.01,396236.0
2022-11-09,16.79,17.18,16.61,16.87,404464.0
2022-11-10,17.5,18.1314,17.4,17.92,513737.0
2022-11-11,18.17,18.39,17.89,18.18,446942.0
2022-11-12,18.17,18.39,17.89,18.18,446942.0
2022-11-13,18.17,18.39,17.89,18.18,446942.0
2022-11-14,17.85,18.47,17.675,17.92,411669.0
2022-11-15,18.24,18.56,17.82,17.92,416610.0
2022-11-16,17.66,17.68,17.45,17.51,369405.0
2022-11-17,17.18,17.48,17.11,17.36,339588.0
2022-11-18,17.79,18.0,17.6601,17.89,369813.0
2022-11-19,17.79,18.0,17.6601,17.89,369813.0
2022-11-20,17.79,18.0,17.6601,17.89,369813.0
2022-11-21,17.86,18.155,17.51,17.75,361759.0
2022-11-22,17.84,17.84,17.39,17.45,266275.0
2022-11-23,17.48,17.81,17.3415,17.75,291318.0
2022-11-24,17.48,17.81,17.3415,17.75,291318.0
2022-11-25,17.69,18.07,17.69,18.07,126806.0
2022-11-26,17.69,18.07,17.69,18.07,126806.0
2022-11-27,17.69,18.07,17.69,18.07,126806.0
2022-11-28,17.91,18.08,17.7,17.91,550199.0
2022-11-29,17.9,18.44,17.9,18.33,403054.0
2022-11-30,18.38,18.5,18.06,18.45,335096.0
2022-12-01,18.59,18.72,17.95,18.07,222234.0
2022-12-02,17.84,18.215,17.67,18.12,280547.0
2022-12-03,17.84,18.215,17.67,18.12,280547.0
2022-12-04,17.84,18.215,17.67,18.12,280547.0
2022-12-05,18.25,18.35,18.02,18.33,430718.0
2022-12-06,18.33,18.7,18.265,18.48,445612.0
2022-12-07,18.35,18.39,17.7,18.01,789414.0
2022-12-08,18.17,18.36,17.63,17.89,508171.0
2022-12-09,17.73,18.39,17.73,18.17,1488870.0
2022-12-10,17.73,18.39,17.73,18.17,1488870.0
2022-12-11,17.73,18.39,17.73,18.17,1488870.0
2022-12-12,18.2,18.65,18.09,18.6,533392.0
2022-12-13,18.93,19.22,18.41,18.47,703828.0
2022-12-14,18.64,19.11,18.51,18.8,541676.0
2022-12-15,18.57,18.595,18.01,18.05,544052.0
2022-12-16,17.32,17.56,16.41,16.65,1726949.0
2022-12-17,17.32,17.56,16.41,16.65,1726949.0
2022-12-18,17.32,17.56,16.41,16.65,1726949.0
2022-12-19,16.66,16.818,16.06,16.23,997917.0
2022-12-20,16.12,16.2899,15.81,15.82,644130.0
2022-12-21,15.93,16.14,15.48,15.67,624517.0
2022-12-22,15.53,15.63,14.95,15.62,803924.0
2022-12-23,15.58,15.76,15.41,15.6,320828.0
2022-12-24,15.58,15.76,15.41,15.6,320828.0
2022-12-25,15.58,15.76,15.41,15.6,320828.0
2022-12-26,15.58,15.76,15.41,15.6,320828.0
2022-12-27,15.41,15.41,15.0926,15.29,457067.0
2022-12-28,15.3,15.4,14.82,14.87,471774.0
2022-12-29,14.86,16.0,14.76,15.95,580721.0
2022-12-30,15.77,16.89,15.6401,16.51,1005933.0
2022-12-31,15.77,16.89,15.6401,16.51,1005933.0
2023-01-01,15.77,16.89,15.6401,16.51,1005933.0
2023-01-02,15.77,16.89,15.6401,16.51,1005933.0
2023-01-03,16.79,16.87,16.145,16.43,647315.0
2023-01-04,16.59,17.4,16.59,17.36,597923.0
2023-01-05,17.27,17.61,17.01,17.58,376871.0
2023-01-06,17.69,18.38,17.6,18.28,389421.0
2023-01-07,17.69,18.38,17.6,18.28,389421.0
2023-01-08,17.69,18.38,17.6,18.28,389421.0
2023-01-09,18.24,18.83,18.24,18.58,433346.0
2023-01-10,18.6,19.02,18.36,19.01,310321.0
2023-01-11,18.98,19.33,18.9094,19.3,398501.0
2023-01-12,19.69,20.0,19.3449,20.0,398244.0
2023-01-13,19.28,20.7297,19.28,20.4,351408.0
2023-01-14,19.28,20.7297,19.28,20.4,351408.0
2023-01-15,19.28,20.7297,19.28,20.4,351408.0
2023-01-16,19.28,20.7297,19.28,20.4,351408.0
2023-01-17,20.25,20.31,19.461,19.75,299163.0
2023-01-18,20.06,20.45,19.43,19.48,368328.0
2023-01-19,19.27,19.5374,18.96,19.52,349721.0
2023-01-20,19.7,19.7264,19.37,19.59,427919.0
2023-01-21,19.7,19.7264,19.37,19.59,427919.0
2023-01-22,19.7,19.7264,19.37,19.59,427919.0
2023-01-23,19.66,20.16,19.52,20.05,366314.0
2023-01-24,19.91,20.2469,19.765,19.79,216156.0
2023-01-25,19.72,19.87,19.38,19.86,272864.0
2023-01-26,19.91,20.01,19.43,20.0,198154.0
2023-01-27,19.95,20.36,19.895,20.26,248589.0
2023-01-28,19.95,20.36,19.895,20.26,248589.0
2023-01-29,19.95,20.36,19.895,20.26,248589.0
2023-01-30,20.2,20.44,19.91,19.95,332140.0
2023-01-31,19.99,20.81,19.99,20.76,418715.0
2023-02-01,20.64,20.7,19.74,20.41,650418.0
2023-02-02,20.7,22.175,20.7,21.89,588404.0
2023-02-03,18.7,19.01,16.59,18.53,1777478.0
2023-02-04,18.7,19.01,16.59,18.53,1777478.0
2023-02-05,18.7,19.01,16.59,18.53,1777478.0
2023-02-06,18.27,18.645,18.0,18.49,621913.0
2023-02-07,18.41,18.87,18.15,18.65,635914.0
2023-02-08,18.64,19.28,18.52,19.17,556175.0
2023-02-09,19.43,19.99,19.045,19.11,526116.0
2023-02-10,19.17,19.4,18.5638,19.0,566512.0
2023-02-11,19.17,19.4,18.5638,19.0,566512.0
2023-02-12,19.17,19.4,18.5638,19.0,566512.0
2023-02-13,19.0,19.67,18.79,19.52,567891.0
2023-02-14,19.38,20.655,19.25,20.51,815752.0
2023-02-15,20.51,20.92,20.4,20.68,657413.0
2023-02-16,20.38,20.655,20.1,20.21,582620.0
2023-02-17,20.25,20.685,19.93,20.48,677344.0
2023-02-18,20.25,20.685,19.93,20.48,677344.0
2023-02-19,20.25,20.685,19.93,20.48,677344.0
2023-02-20,20.25,20.685,19.93,20.48,677344.0
2023-02-21,20.2,20.3299,19.32,19.35,661435.0
2023-02-22,19.37,19.89,19.31,19.5,704944.0
2023-02-23,19.67,20.105,19.59,20.05,593844.0
2023-02-24,19.59,20.05,19.2,19.79,567248.0
2023-02-25,19.59,20.05,19.2,19.79,567248.0
2023-02-26,19.59,20.05,19.2,19.79,567248.0
2023-02-27,19.27,19.56,18.0,18.99,1775124.0
2023-02-28,18.92,19.35,18.69,19.07,790030.0
2023-03-01,19.0,19.53,18.95,19.28,860651.0
2023-03-02,19.09,20.62,19.09,20.5,763047.0
2023-03-03,20.74,20.9872,20.56,20.83,746900.0
2023-03-04,20.74,20.9872,20.56,20.83,746900.0
2023-03-05,20.74,20.9872,20.56,20.83,746900.0
2023-03-06,20.98,21.045,20.11,20.15,938460.0
2023-03-07,20.23,20.98,20.1,20.98,766552.0
2023-03-08,21.03,21.22,20.74,21.18,853585.0
2023-03-09,21.05,21.58,20.23,20.24,776978.0
2023-03-10,20.4,20.43,19.425,19.49,3646749.0
2023-03-11,20.4,20.43,19.425,19.49,3646749.0
2023-03-12,20.4,20.43,19.425,19.49,3646749.0
2023-03-13,19.05,19.65,18.83,19.06,789711.0
2023-03-14,19.53,20.06,19.33,19.7,938266.0
2023-03-15,18.99,19.19,18.13,18.39,867022.0
2023-03-16,18.22,18.69,17.93,18.45,681429.0
2023-03-17,18.26,18.4,17.845,17.89,1429281.0
2023-03-18,18.26,18.4,17.845,17.89,1429281.0
2023-03-19,18.26,18.4,17.845,17.89,1429281.0
2023-03-20,17.875,18.56,17.875,18.33,705308.0
2023-03-21,18.74,19.2,18.63,18.645,606435.0
2023-03-22,18.67,18.94,18.21,18.23,569564.0
2023-03-23,18.41,19.085,18.2,18.39,530663.0
2023-03-24,18.14,18.94,17.84,18.8,617766.0
2023-03-25,18.14,18.94,17.84,18.8,617766.0
2023-03-26,18.14,18.94,17.84,18.8,617766.0
2023-03-27,19.11,19.98,19.11,19.85,619481.0
2023-03-28,19.71,20.525,19.6916,20.38,546621.0
2023-03-29,20.66,21.01,20.6,20.84,531299.0
2023-03-30,20.92,21.625,20.92,21.46,481031.0
2023-03-31,21.52,22.36,21.49,22.17,674705.0
2023-04-01,21.52,22.36,21.49,22.17,674705.0
2023-04-02,21.52,22.36,21.49,22.17,674705.0
2023-04-03,22.0,22.25,21.5,22.1,651609.0
2023-04-04,22.21,22.37,21.87,22.18,403924.0
2023-04-05,22.04,22.32,21.85,22.15,314463.0
2023-04-06,22.3,22.63,22.18,22.47,370491.0
2023-04-07,22.3,22.63,22.18,22.47,370491.0
2023-04-08,22.3,22.63,22.18,22.47,370491.0
2023-04-09,22.3,22.63,22.18,22.47,370491.0
2023-04-10,22.62,22.97,22.47,22.81,1063043.0
2023-04-11,22.86,23.75,22.86,23.4,528822.0
2023-04-12,23.47,23.68,22.78,23.23,454900.0
2023-04-13,23.48,23.875,23.24,23.69,419924.0
2023-04-14,23.71,23.985,23.42,23.65,416631.0
2023-04-15,23.71,23.985,23.42,23.65,416631.0
2023-04-16,23.71,23.985,23.42,23.65,416631.0
2023-04-17,23.72,24.01,23.72,23.87,317837.0
2023-04-18,23.93,23.965,23.59,23.73,332742.0
2023-04-19,23.47,24.25,23.47,24.19,345788.0
2023-04-20,23.81,24.335,23.81,24.2,439761.0
2023-04-21,24.14,24.3196,24.02,24.21,354838.0
2023-04-22,24.14,24.3196,24.02,24.21,354838.0
2023-04-23,24.14,24.3196,24.02,24.21,354838.0
2023-04-24,24.26,24.455,23.93,24.07,323042.0
2023-04-25,23.74,23.91,23.37,23.56,352124.0
2023-04-26,23.53,24.06,23.51,23.66,382881.0
2023-04-27,23.99,24.55,23.595,24.07,666683.0
2023-04-28,24.65,29.31,24.38,28.3,1706435.0
2023-04-29,24.65,29.31,24.38,28.3,1706435.0
2023-04-30,24.65,29.31,24.38,28.3,1706435.0
2023-05-01,28.22,28.41,27.55,27.62,776011.0
2023-05-02,27.68,27.77,26.81,27.41,491992.0
2023-05-03,27.61,28.77,27.505,28.45,765563.0
2023-05-04,28.01,28.29,26.98,27.18,751647.0
2023-05-05,27.61,28.475,27.53,28.06,567105.0
2023-05-06,27.61,28.475,27.53,28.06,567105.0
2023-05-07,27.61,28.475,27.53,28.06,567105.0
2023-05-08,28.08,28.125,27.27,27.36,443322.0
2023-05-09,27.21,27.36,26.88,26.94,514392.0
2023-05-10,27.42,27.45,26.21,26.44,520623.0
2023-05-11,26.34,26.47,25.79,25.84,480078.0
2023-05-12,26.09,26.36,25.82,26.1,489860.0
2023-05-13,26.09,26.36,25.82,26.1,489860.0
2023-05-14,26.09,26.36,25.82,26.1,489860.0
2023-05-15,26.21,26.64,26.16,26.59,362478.0
2023-05-16,26.29,27.02,26.11,26.63,426703.0
2023-05-17,27.0,28.36,26.93,28.25,689639.0
2023-05-18,28.0,28.73,27.95,28.6,570513.0
2023-05-19,28.77,28.83,28.375,28.53,592457.0
2023-05-20,28.77,28.83,28.375,28.53,592457.0
2023-05-21,28.77,28.83,28.375,28.53,592457.0
2023-05-22,28.6,28.78,28.31,28.52,712540.0
2023-05-23,28.34,29.105,28.33,28.63,407778.0
2023-05-24,28.34,28.7,28.0677,28.62,377424.0
2023-05-25,28.6,29.195,28.545,29.14,495171.0
2023-05-26,29.36,30.59,29.35,30.38,770080.0
2023-05-27,29.36,30.59,29.35,30.38,770080.0
2023-05-28,29.36,30.59,29.35,30.38,770080.0
2023-05-29,29.36,30.59,29.35,30.38,770080.0
2023-05-30,30.63,31.01,30.26,30.33,417417.0
2023-05-31,30.51,30.6,29.5,29.91,600835.0
2023-06-01,29.82,31.4,29.625,31.31,807562.0
2023-06-02,31.66,33.18,31.54,32.36,905584.0
2023-06-03,31.66,33.18,31.54,32.36,905584.0
2023-06-04,31.66,33.18,31.54,32.36,905584.0
2023-06-05,31.94,33.3,31.93,33.23,563792.0
2023-06-06,33.03,34.25,32.96,34.06,618945.0
2023-06-07,34.3,34.42,33.63,34.05,559714.0
2023-06-08,33.74,34.3,33.5421,34.05,474195.0
2023-06-09,34.17,34.2,33.315,33.97,3568288.0
2023-06-10,34.17,34.2,33.315,33.97,3568288.0
2023-06-11,34.17,34.2,33.315,33.97,3568288.0
2023-06-12,34.03,35.46,33.9758,35.29,973675.0
2023-06-13,35.63,37.89,35.51,37.32,744503.0
2023-06-14,37.38,37.92,36.58,36.9,897655.0
2023-06-15,37.72,40.02,37.68,38.565,1627949.0
2023-06-16,38.75,39.17,38.38,38.69,2858985.0
2023-06-17,38.75,39.17,38.38,38.69,2858985.0
2023-06-18,38.75,39.17,38.38,38.69,2858985.0
2023-06-19,38.75,39.17,38.38,38.69,2858985.0
2023-06-20,38.49,39.4,38.28,39.37,769011.0
2023-06-21,39.37,39.77,39.05,39.64,565657.0
2023-06-22,39.29,39.67,39.18,39.6,456508.0
2023-06-23,38.83,39.73,38.805,39.57,922295.0
2023-06-24,38.83,39.73,38.805,39.57,922295.0
2023-06-25,38.83,39.73,38.805,39.57,922295.0
2023-06-26,39.76,40.3327,38.74,38.91,484569.0
2023-06-27,39.11,40.05,39.08,39.17,555904.0
2023-06-28,39.04,39.735,38.9,39.65,465007.0
2023-06-29,39.8,40.76,39.78,40.38,510418.0
2023-06-30,40.85,41.15,40.19,40.72,494287.0
2023-07-01,40.85,41.15,40.19,40.72,494287.0
2023-07-02,40.85,41.15,40.19,40.72,494287.0
2023-07-03,40.37,40.978,40.34,40.88,212778.0
2023-07-04,40.37,40.978,40.34,40.88,212778.0
2023-07-05,40.39,40.84,39.7601,40.16,370412.0
2023-07-06,39.42,39.99,39.08,39.66,397650.0
2023-07-07,39.98,41.44,39.96,40.86,438121.0
2023-07-08,39.98,41.44,39.96,40.86,438121.0
2023-07-09,39.98,41.44,39.96,40.86,438121.0
2023-07-10,40.74,42.21,40.73,42.19,512523.0
2023-07-11,42.49,42.56,41.06,41.75,384511.0
2023-07-12,42.22,42.46,40.99,41.12,391675.0
2023-07-13,41.68,41.798,41.1,41.47,350600.0
2023-07-14,41.41,41.41,39.97,40.43,370355.0
2023-07-15,41.41,41.41,39.97,40.43,370355.0
2023-07-16,41.41,41.41,39.97,40.43,370355.0
2023-07-17,40.43,40.83,40.2222,40.45,233381.0
2023-07-18,40.65,42.0,40.47,41.87,338915.0
2023-07-19,42.0,42.39,41.5978,42.37,270909.0
2023-07-20,42.15,42.15,41.25,41.51,309368.0
2023-07-21,41.83,42.17,40.97,41.07,290435.0
2023-07-22,41.83,42.17,40.97,41.07,290435.0
2023-07-23,41.83,42.17,40.97,41.07,290435.0
2023-07-24,40.79,41.078,40.43,40.83,308599.0
2023-07-25,40.4,40.43,39.38,40.32,325979.0
2023-07-26,40.42,41.14,39.61,40.21,374210.0
2023-07-27,39.86,40.15,39.06,39.65,585178.0
2023-07-28,40.91,45.9787,40.3326,44.54,1196989.0
2023-07-29,40.91,45.9787,40.3326,44.54,1196989.0
2023-07-30,40.91,45.9787,40.3326,44.54,1196989.0
2023-07-31,44.85,44.85,43.465,43.99,554492.0
2023-08-01,43.72,44.478,43.07,44.37,461109.0
2023-08-02,43.66,44.95,43.32,44.52,383973.0
2023-08-03,44.04,44.22,42.9,43.03,359415.0
2023-08-04,43.49,43.72,41.785,42.08,447071.0
2023-08-05,43.49,43.72,41.785,42.08,447071.0
2023-08-06,43.49,43.72,41.785,42.08,447071.0
2023-08-07,42.19,43.95,42.19,43.11,372631.0
2023-08-08,42.4,43.33,42.24,43.24,381195.0
2023-08-09,43.07,43.28,42.09,42.58,329015.0
2023-08-10,43.18,43.4501,41.48,41.96,294299.0
2023-08-11,41.67,42.37,41.58,42.01,213732.0
2023-08-12,41.67,42.37,41.58,42.01,213732.0
2023-08-13,41.67,42.37,41.58,42.01,213732.0
2023-08-14,41.53,42.596,41.51,42.19,271441.0
2023-08-15,41.7,41.9,40.98,41.17,217845.0
2023-08-16,41.11,41.88,40.25,40.39,261550.0
2023-08-17,40.5,40.73,39.63,40.09,349919.0
2023-08-18,39.58,40.25,39.39,39.97,345015.0
2023-08-19,39.58,40.25,39.39,39.97,345015.0
2023-08-20,39.58,40.25,39.39,39.97,345015.0
2023-08-21,40.07,40.65,39.73,40.44,370872.0
2023-08-22,40.63,41.08,39.48,40.33,334489.0
2023-08-23,40.3,41.59,40.17,41.26,358731.0
2023-08-24,41.0,41.32,40.195,40.28,381970.0
2023-08-25,40.36,40.7,39.66,40.17,341411.0
2023-08-26,40.36,40.7,39.66,40.17,341411.0
2023-08-27,40.36,40.7,39.66,40.17,341411.0
2023-08-28,40.65,41.99,40.65,41.85,372288.0
2023-08-29,41.8,43.89,41.69,43.38,662791.0
2023-08-30,43.04,43.4,41.32,41.4,455019.0
2023-08-31,43.18,45.22,43.01,45.1,691635.0
2023-09-01,45.44,46.07,44.23,44.38,382812.0
2023-09-02,45.44,46.07,44.23,44.38,382812.0
2023-09-03,45.44,46.07,44.23,44.38,382812.0
2023-09-04,45.44,46.07,44.23,44.38,382812.0
2023-09-05,43.99,44.02,41.94,43.62,489714.0
2023-09-06,43.47,44.69,43.25,43.38,384744.0
2023-09-07,43.24,43.67,42.82,43.52,365297.0
2023-09-08,43.43,43.43,42.11,42.52,713435.0
2023-09-09,43.43,43.43,42.11,42.52,713435.0
2023-09-10,43.43,43.43,42.11,42.52,713435.0
2023-09-11,43.08,44.395,42.98,43.81,469590.0
2023-09-12,43.81,44.155,43.2,43.27,335058.0
2023-09-13,42.35,43.33,41.12,42.37,432566.0
2023-09-14,43.09,43.535,42.29,43.24,448409.0
2023-09-15,43.18,43.31,42.49,42.87,1928767.0
2023-09-16,43.18,43.31,42.49,42.87,1928767.0
2023-09-17,43.18,43.31,42.49,42.87,1928767.0
2023-09-18,42.89,43.19,41.78,41.79,398680.0
2023-09-19,41.97,42.53,41.14,41.79,356548.0
2023-09-20,42.15,42.54,41.48,41.52,334892.0
2023-09-21,41.1,42.29,40.95,42.17,291953.0
2023-09-22,42.37,42.38,41.68,41.93,198126.0
2023-09-23,42.37,42.38,41.68,41.93,198126.0
2023-09-24,42.37,42.38,41.68,41.93,198126.0
2023-09-25,41.65,42.54,41.65,41.98,383558.0
2023-09-26,41.96,42.46,40.91,41.47,291502.0
2023-09-27,41.74,42.465,41.455,42.13,221916.0
2023-09-28,42.08,43.745,41.95,42.88,357201.0
2023-09-29,43.11,43.44,41.91,41.94,249962.0
2023-09-30,43.11,43.44,41.91,41.94,249962.0
2023-10-01,43.11,43.44,41.91,41.94,249962.0
2023-10-02,41.76,42.23,41.04,41.24,376257.0
2023-10-03,41.06,41.41,39.45,40.22,425290.0
2023-10-04,40.29,42.11,40.29,41.44,316031.0
2023-10-05,41.49,41.755,41.1,41.32,233055.0
2023-10-06,40.85,42.37,40.84,41.58,291550.0
2023-10-07,40.85,42.37,40.84,41.58,291550.0
2023-10-08,40.85,42.37,40.84,41.58,291550.0
2023-10-09,40.84,41.44,39.95,41.0,267917.0
2023-10-10,41.0,41.86,40.68,40.71,293220.0
2023-10-11,40.71,41.8049,40.38,41.22,322485.0
2023-10-12,41.66,41.755,40.31,41.04,295525.0
2023-10-13,40.93,41.11,39.64,39.67,261389.0
2023-10-14,40.93,41.11,39.64,39.67,261389.0
2023-10-15,40.93,41.11,39.64,39.67,261389.0
2023-10-16,39.9,40.73,39.84,40.0,264780.0
2023-10-17,40.04,40.93,40.04,40.32,261998.0
2023-10-18,39.58,39.93,37.78,37.86,359489.0
2023-10-19,38.16,38.71,37.39,37.62,432557.0
2023-10-20,37.75,37.99,37.04,37.24,391981.0
2023-10-21,37.75,37.99,37.04,37.24,391981.0
2023-10-22,37.75,37.99,37.04,37.24,391981.0
2023-10-23,36.91,38.13,36.91,37.43,316428.0
2023-10-24,37.79,38.34,37.42,38.14,372060.0
2023-10-25,38.19,38.67,37.75,38.02,342800.0
2023-10-26,37.94,38.42,37.21,37.87,522414.0
2023-10-27,38.5,42.73,38.5,42.27,907966.0
2023-10-28,38.5,42.73,38.5,42.27,907966.0
2023-10-29,38.5,42.73,38.5,42.27,907966.0
2023-10-30,43.0,45.305,42.86,43.15,849635.0
2023-10-31,42.96,43.075,41.18,42.17,521933.0
2023-11-01,42.51,42.925,41.29,42.19,331282.0
2023-11-02,43.11,44.21,43.08,43.76,456967.0
2023-11-03,44.6,45.16,44.31,44.51,300301.0
2023-11-04,44.6,45.16,44.31,44.51,300301.0
2023-11-05,44.6,45.16,44.31,44.51,300301.0
2023-11-06,44.46,44.56,43.255,44.03,243217.0
2023-11-07,43.66,44.56,43.65,43.82,241680.0
2023-11-08,44.42,44.89,43.275,43.39,336827.0
2023-11-09,43.71,43.88,42.34,42.92,267985.0
2023-11-10,42.92,43.39,41.9625,42.74,322353.0
2023-11-11,42.92,43.39,41.9625,42.74,322353.0
2023-11-12,42.92,43.39,41.9625,42.74,322353.0
2023-11-13,42.26,43.7699,42.11,43.08,275201.0
2023-11-14,44.61,45.4,43.72,45.37,436104.0
2023-11-15,45.04,47.21,45.04,46.56,764700.0
2023-11-16,46.52,47.145,44.71,46.29,772609.0
2023-11-17,46.71,47.35,46.18,46.55,271340.0
2023-11-18,46.71,47.35,46.18,46.55,271340.0
2023-11-19,46.71,47.35,46.18,46.55,271340.0
2023-11-20,46.21,47.48,46.135,47.36,325760.0
2023-11-21,47.27,47.36,46.14,46.5,246360.0
2023-11-22,47.27,48.25,46.14,46.31,297734.0
2023-11-23,47.27,48.25,46.14,46.31,297734.0
2023-11-24,46.64,47.2,46.21,46.44,131699.0
2023-11-25,46.64,47.2,46.21,46.44,131699.0
2023-11-26,46.64,47.2,46.21,46.44,131699.0
2023-11-27,46.28,46.93,45.88,46.45,327254.0
2023-11-28,46.52,46.52,45.42,46.11,256904.0
2023-11-29,46.16,47.6199,45.97,46.05,268610.0
2023-11-30,46.14,47.41,45.988,47.28,295553.0
2023-12-01,47.06,48.53,46.76,48.2,338555.0
2023-12-02,47.06,48.53,46.76,48.2,338555.0
2023-12-03,47.06,48.53,46.76,48.2,338555.0
2023-12-04,48.09,49.98,48.09,49.56,526329.0
2023-12-05,49.05,49.2,47.86,49.19,431671.0
2023-12-06,49.81,50.48,48.28,48.38,332193.0
2023-12-07,48.73,49.22,47.58,48.39,391188.0
2023-12-08,48.34,49.245,48.15,49.01,591221.0
2023-12-09,48.34,49.245,48.15,49.01,591221.0
2023-12-10,48.34,49.245,48.15,49.01,591221.0
2023-12-11,48.86,48.86,47.32,48.68,361696.0
2023-12-12,48.5,49.675,48.42,48.98,519473.0
2023-12-13,48.9,49.95,47.33,49.88,468985.0
2023-12-14,50.25,51.06,48.65,49.01,450064.0
2023-12-15,49.23,49.5199,48.58,49.37,1977650.0
2023-12-16,49.23,49.5199,48.58,49.37,1977650.0
2023-12-17,49.23,49.5199,48.58,49.37,1977650.0
2023-12-18,49.37,50.87,49.03,50.34,403620.0
2023-12-19,50.62,51.87,50.6,51.13,320705.0
2023-12-20,51.2,52.32,50.34,50.35,345842.0
2023-12-21,51.13,51.648,50.6,50.83,211290.0
2023-12-22,50.73,52.2,50.73,51.7,263677.0
2023-12-23,50.73,52.2,50.73,51.7,263677.0
2023-12-24,50.73,52.2,50.73,51.7,263677.0
2023-12-25,50.73,52.2,50.73,51.7,263677.0
2023-12-26,51.7,52.29,51.05,51.96,230295.0
2023-12-27,52.0,53.13,51.91,52.61,301551.0
2023-12-28,52.55,53.76,52.55,52.87,282275.0
2023-12-29,52.67,52.82,51.87,52.2,256188.0
2023-12-30,52.67,52.82,51.87,52.2,256188.0
2023-12-31,52.67,52.82,51.87,52.2,256188.0
2024-01-01,52.67,52.82,51.87,52.2,256188.0
2024-01-02,51.86,52.4,50.5763,51.69,275584.0
2024-01-03,51.01,51.01,49.49,50.01,405617.0
2024-01-04,50.46,52.24,50.46,51.48,341417.0
2024-01-05,50.96,52.3499,50.96,51.21,281450.0
2024-01-06,50.96,52.3499,50.96,51.21,281450.0
2024-01-07,50.96,52.3499,50.96,51.21,281450.0
2024-01-08,51.34,52.105,50.73,51.64,274514.0
2024-01-09,51.0,51.4,50.33,50.35,193133.0
2024-01-10,50.37,50.7826,49.82,50.27,201073.0
2024-01-11,50.29,50.48,48.6,50.28,266036.0
2024-01-12,50.02,50.145,48.64,49.72,281811.0
2024-01-13,50.02,50.145,48.64,49.72,281811.0
2024-01-14,50.02,50.145,48.64,49.72,281811.0
2024-01-15,50.02,50.145,48.64,49.72,281811.0
2024-01-16,49.12,49.415,48.28,49.22,301660.0
2024-01-17,48.43,49.49,48.43,48.82,237298.0
2024-01-18,49.01,50.08,48.6783,49.75,295863.0
2024-01-19,50.0,50.0,48.42,49.74,286849.0
2024-01-20,50.0,50.0,48.42,49.74,286849.0
2024-01-21,50.0,50.0,48.42,49.74,286849.0
2024-01-22,50.0,51.1,49.8044,50.81,338572.0
2024-01-23,51.8,52.58,50.885,51.05,279047.0
2024-01-24,51.79,52.465,51.435,51.66,324586.0
2024-01-25,52.84,53.8,52.35,52.69,375505.0
2024-01-26,53.0,54.63,53.0,54.08,464320.0
2024-01-27,53.0,54.63,53.0,54.08,464320.0
2024-01-28,53.0,54.63,53.0,54.08,464320.0
2024-01-29,54.35,54.57,53.715,54.55,203898.0
2024-01-30,54.34,54.88,53.83,54.75,284532.0
2024-01-31,54.57,54.93,53.13,53.26,410348.0
2024-02-01,53.51,54.21,52.7796,54.09,504693.0
2024-02-02,54.96,59.11,53.68,58.51,955298.0
2024-02-03,54.96,59.11,53.68,58.51,955298.0
2024-02-04,54.96,59.11,53.68,58.51,955298.0
2024-02-05,59.19,60.4,58.65,59.62,848889.0
2024-02-06,59.32,60.14,58.87,59.57,617565.0
2024-02-07,59.69,60.51,58.675,59.33,621420.0
2024-02-08,59.72,60.205,59.08,59.69,504309.0
2024-02-09,59.69,60.1,58.71,59.32,311118.0
2024-02-10,59.69,60.1,58.71,59.32,311118.0
2024-02-11,59.69,60.1,58.71,59.32,311118.0
2024-02-12,59.63,60.7,59.13,59.77,531610.0
2024-02-13,58.7,59.99,57.15,59.22,487884.0
2024-02-14,60.0,60.1989,58.47,59.27,322354.0
2024-02-15,59.62,59.71,58.3426,58.92,242947.0
2024-02-16,58.35,59.665,57.62,59.07,337704.0
2024-02-17,58.35,59.665,57.62,59.07,337704.0
2024-02-18,58.35,59.665,57.62,59.07,337704.0
2024-02-19,58.35,59.665,57.62,59.07,337704.0
2024-02-20,58.77,61.27,58.5843,60.76,1413611.0
2024-02-21,60.38,60.6546,59.08,59.96,443154.0
2024-02-22,60.28,61.4,59.92,61.04,431679.0
2024-02-23,60.95,61.02,59.92,60.49,407207.0
2024-02-24,60.95,61.02,59.92,60.49,407207.0
2024-02-25,60.95,61.02,59.92,60.49,407207.0
2024-02-26,60.3,61.5,60.19,61.09,476833.0
2024-02-27,61.69,62.445,61.12,61.56,387530.0
2024-02-28,61.09,62.51,61.09,61.56,556212.0
2024-02-29,62.0,64.405,61.6,64.22,616355.0
2024-03-01,64.9,65.885,63.88,64.7,440978.0
2024-03-02,64.9,65.885,63.88,64.7,440978.0
2024-03-03,64.9,65.885,63.88,64.7,440978.0
2024-03-04,64.7,67.07,64.3616,65.33,683152.0
2024-03-05,65.1,66.6,64.74,66.5,491550.0
2024-03-06,66.6,68.34,66.25,67.63,514614.0
2024-03-07,67.93,68.44,67.53,68.24,340864.0
2024-03-08,68.45,69.16,67.25,67.59,559848.0
2024-03-09,68.45,69.16,67.25,67.59,559848.0
2024-03-10,68.45,69.16,67.25,67.59,559848.0
2024-03-11,67.54,67.65,65.5301,66.67,306480.0
2024-03-12,66.19,67.755,65.28,67.43,417710.0
2024-03-13,67.28,68.06,66.72,67.64,454057.0
2024-03-14,67.26,67.49,65.32,66.13,618664.0
2024-03-15,65.8,67.46,65.715,66.34,4979399.0
2024-03-16,65.8,67.46,65.715,66.34,4979399.0
2024-03-17,65.8,67.46,65.715,66.34,4979399.0
2024-03-18,66.4,67.85,65.29,65.51,661505.0
2024-03-19,65.0,65.665,64.3,65.24,435827.0
2024-03-20,65.24,67.4,64.735,67.3,453583.0
2024-03-21,67.37,68.47,66.95,68.42,353533.0
2024-03-22,68.29,68.42,66.985,67.14,301181.0
2024-03-23,68.29,68.42,66.985,67.14,301181.0
2024-03-24,68.29,68.42,66.985,67.14,301181.0
2024-03-25,66.91,68.53,66.58,68.29,273943.0
2024-03-26,68.34,69.6,68.05,68.28,305252.0
2024-03-27,68.79,69.68,68.185,69.48,322417.0
2024-03-28,69.49,70.3299,68.77,69.08,353180.0
2024-03-29,69.49,70.3299,68.77,69.08,353180.0
2024-03-30,69.49,70.3299,68.77,69.08,353180.0
2024-03-31,69.49,70.3299,68.77,69.08,353180.0
2024-04-01,69.07,69.59,68.48,68.74,288676.0
2024-04-02,68.0,68.4,66.71,68.39,377353.0
2024-04-03,67.77,69.3299,67.77,69.06,292802.0
2024-04-04,69.38,69.97,67.35,67.97,305231.0
2024-04-05,68.68,69.27,68.595,69.22,362831.0
2024-04-06,68.68,69.27,68.595,69.22,362831.0
2024-04-07,68.68,69.27,68.595,69.22,362831.0
2024-04-08,69.5,71.155,69.32,70.74,431508.0
2024-04-09,70.55,70.705,68.01,69.48,331535.0
2024-04-10,69.69,70.6,67.5,67.66,351714.0
2024-04-11,67.92,68.89,66.74,68.89,276640.0
2024-04-12,67.8,67.935,66.61,67.72,278205.0
2024-04-13,67.8,67.935,66.61,67.72,278205.0
2024-04-14,67.8,67.935,66.61,67.72,278205.0
2024-04-15,68.0,69.475,66.5011,66.9,351502.0
2024-04-16,66.62,66.8,64.65,66.69,349920.0
2024-04-17,67.79,68.53,66.015,66.73,276007.0
2024-04-18,67.38,69.275,67.005,68.03,630398.0
2024-04-19,67.85,69.75,67.75,69.13,515226.0
2024-04-20,67.85,69.75,67.75,69.13,515226.0
2024-04-21,67.85,69.75,67.75,69.13,515226.0
2024-04-22,69.46,71.8,69.3,71.38,457053.0
2024-04-23,71.11,74.52,70.2677,74.31,663781.0
2024-04-24,73.59,74.41,70.47,71.35,745886.0
2024-04-25,70.38,73.29,69.48,73.14,584158.0
2024-04-26,74.95,79.21,72.02,73.66,834088.0
2024-04-27,74.95,79.21,72.02,73.66,834088.0
2024-04-28,74.95,79.21,72.02,73.66,834088.0
2024-04-29,73.42,75.1,71.79,74.99,378404.0
2024-04-30,75.17,75.455,72.87,73.03,493537.0
2024-05-01,73.18,74.9699,72.61,73.27,303264.0
