,VSH US Equity,VSH US Equity,VSH US Equity,VSH US Equity,VSH US Equity
,PX_OPEN,PX_HIGH,PX_LOW,PX_LAST,PX_VOLUME
2020-01-01,19.6704,19.8549,19.5874,19.6335,939136.0
2020-01-02,19.8088,19.8272,19.4307,19.818,637827.0
2020-01-03,19.403,19.6889,19.3753,19.5321,882968.0
2020-01-04,19.403,19.6889,19.3753,19.5321,882968.0
2020-01-05,19.403,19.6889,19.3753,19.5321,882968.0
2020-01-06,19.2739,19.592,19.1171,19.3753,1167266.0
2020-01-07,19.3569,20.0024,18.9973,19.9379,1155671.0
2020-01-08,19.8549,20.0301,19.7811,19.8825,833102.0
2020-01-09,20.0578,20.15,19.9194,20.0116,527848.0
2020-01-10,19.984,20.0301,19.6612,19.7903,787706.0
2020-01-11,19.984,20.0301,19.6612,19.7903,787706.0
2020-01-12,19.984,20.0301,19.6612,19.7903,787706.0
2020-01-13,19.8549,20.2145,19.7995,20.2053,525166.0
2020-01-14,20.3344,21.0445,20.2883,20.8877,1936002.0
2020-01-15,20.7771,21.1091,20.6941,20.9984,2503886.0
2020-01-16,21.1921,21.441,21.0168,21.3212,1581933.0
2020-01-17,21.358,21.358,20.9799,21.2935,866985.0
2020-01-18,21.358,21.358,20.9799,21.2935,866985.0
2020-01-19,21.358,21.358,20.9799,21.2935,866985.0
2020-01-20,21.358,21.358,20.9799,21.2935,866985.0
2020-01-21,21.2751,21.2751,20.7771,21.0261,1111913.0
2020-01-22,21.0906,21.1321,20.731,20.8047,1060198.0
2020-01-23,20.731,20.9892,20.4082,20.7402,1249547.0
2020-01-24,20.8785,20.9154,20.0393,20.1223,1389112.0
2020-01-25,20.8785,20.9154,20.0393,20.1223,1389112.0
2020-01-26,20.8785,20.9154,20.0393,20.1223,1389112.0
2020-01-27,19.6059,19.8641,19.3477,19.3661,1413381.0
2020-01-28,19.5137,19.8918,19.4491,19.7534,627052.0
2020-01-29,19.7811,19.901,19.3477,19.3569,846504.0
2020-01-30,19.237,19.4214,18.8958,19.2093,760969.0
2020-01-31,19.0987,19.2001,18.656,18.7113,1096247.0
2020-02-01,19.0987,19.2001,18.656,18.7113,1096247.0
2020-02-02,19.0987,19.2001,18.656,18.7113,1096247.0
2020-02-03,18.8312,18.9788,18.6007,18.6837,1006609.0
2020-02-04,18.324,19.1817,18.1673,19.0802,1935855.0
2020-02-05,19.5505,19.5598,19.0618,19.4122,1038070.0
2020-02-06,19.4491,19.5598,19.0433,19.2647,1566691.0
2020-02-07,19.0894,19.2001,18.8958,18.9696,1687995.0
2020-02-08,19.0894,19.2001,18.8958,18.9696,1687995.0
2020-02-09,19.0894,19.2001,18.8958,18.9696,1687995.0
2020-02-10,18.8405,19.0894,18.6929,18.9235,852590.0
2020-02-11,19.0894,19.4214,19.0249,19.1448,686403.0
2020-02-12,19.3661,19.569,19.2923,19.5229,782830.0
2020-02-13,19.3477,19.5782,19.1448,19.3938,761960.0
2020-02-14,19.4307,19.4307,18.8958,18.9327,1218393.0
2020-02-15,19.4307,19.4307,18.8958,18.9327,1218393.0
2020-02-16,19.4307,19.4307,18.8958,18.9327,1218393.0
2020-02-17,19.4307,19.4307,18.8958,18.9327,1218393.0
2020-02-18,18.8128,18.9142,18.5822,18.7482,615506.0
2020-02-19,18.8036,19.1632,18.7113,19.0341,1338592.0
2020-02-20,18.9235,19.071,18.7021,19.0065,934466.0
2020-02-21,18.8681,18.9235,18.4716,18.5546,872450.0
2020-02-22,18.8681,18.9235,18.4716,18.5546,872450.0
2020-02-23,18.8681,18.9235,18.4716,18.5546,872450.0
2020-02-24,17.6047,17.9183,17.5955,17.7615,1434079.0
2020-02-25,17.9367,17.9367,17.4111,17.4756,1627734.0
2020-02-26,17.6693,18.075,17.6324,17.7338,1037759.0
2020-02-27,17.1067,17.8076,16.9407,16.95,1617190.0
2020-02-28,16.2399,17.3972,16.203,17.2451,2065274.0
2020-02-29,16.2399,17.3972,16.203,17.2451,2065274.0
2020-03-01,16.2399,17.3972,16.203,17.2451,2065274.0
2020-03-02,17.3373,17.6508,16.8762,17.6416,1086072.0
2020-03-03,17.6139,18.0658,17.0929,17.2543,1709421.0
2020-03-04,17.5494,17.7707,17.1252,17.743,1231260.0
2020-03-05,17.1897,17.6693,16.7471,16.9131,1539407.0
2020-03-06,16.2399,16.8762,16.1015,16.5534,1320912.0
2020-03-07,16.2399,16.8762,16.1015,16.5534,1320912.0
2020-03-08,16.2399,16.8762,16.1015,16.5534,1320912.0
2020-03-09,15.4007,15.9632,14.6168,14.6352,1780015.0
2020-03-10,15.207,15.2531,14.5825,15.1609,1377049.0
2020-03-11,14.6276,14.8594,13.6815,13.7278,2390704.0
2020-03-12,12.7539,12.7632,11.6779,11.7058,2254470.0
2020-03-13,12.42,13.4032,11.9376,13.4032,1834516.0
2020-03-14,12.42,13.4032,11.9376,13.4032,1834516.0
2020-03-15,12.42,13.4032,11.9376,13.4032,1834516.0
2020-03-16,11.9655,12.3458,10.9637,11.2513,1391767.0
2020-03-17,11.4924,12.0953,10.7133,12.0861,1482380.0
2020-03-18,11.2513,11.7985,10.5463,10.9637,931221.0
2020-03-19,10.9173,11.8078,10.4165,11.1307,1250028.0
2020-03-20,11.446,12.3365,11.0657,11.6687,1883465.0
2020-03-21,11.446,12.3365,11.0657,11.6687,1883465.0
2020-03-22,11.446,12.3365,11.0657,11.6687,1883465.0
2020-03-23,11.613,12.1417,11.3347,11.8078,1477626.0
2020-03-24,12.0582,13.0507,11.9655,12.9209,1429873.0
2020-03-25,12.9765,13.9968,12.522,13.7186,1588472.0
2020-03-26,13.8299,14.4374,13.4959,14.3122,1324872.0
2020-03-27,13.6072,14.0896,13.4496,13.4959,1491573.0
2020-03-28,13.6072,14.0896,13.4496,13.4959,1491573.0
2020-03-29,13.6072,14.0896,13.4496,13.4959,1491573.0
2020-03-30,13.6351,14.0432,13.2826,13.7371,1274828.0
2020-03-31,13.6815,13.7928,13.1342,13.3661,1782379.0
2020-04-01,12.6982,13.264,12.0582,12.2345,1826133.0
2020-04-02,12.1788,12.5777,11.9608,12.2716,1747776.0
2020-04-03,12.1881,12.4571,11.9284,12.0118,2224389.0
2020-04-04,12.1881,12.4571,11.9284,12.0118,2224389.0
2020-04-05,12.1881,12.4571,11.9284,12.0118,2224389.0
2020-04-06,12.8559,13.4032,12.7678,13.3383,1506963.0
2020-04-07,14.0154,14.1174,13.3754,13.5145,1377583.0
2020-04-08,13.7742,14.4791,13.533,14.3122,1468770.0
2020-04-09,14.6183,14.8965,14.1731,14.4328,1112185.0
2020-04-10,14.6183,14.8965,14.1731,14.4328,1112185.0
2020-04-11,14.6183,14.8965,14.1731,14.4328,1112185.0
2020-04-12,14.6183,14.8965,14.1731,14.4328,1112185.0
2020-04-13,14.2194,14.711,14.1081,14.6276,1323107.0
2020-04-14,15.0079,15.1498,14.5812,14.6739,1077945.0
2020-04-15,13.9412,14.2844,13.4959,13.533,1404503.0
2020-04-16,13.533,13.7464,13.2362,13.4217,1312134.0
2020-04-17,13.7557,14.3586,13.7557,13.9319,962078.0
2020-04-18,13.7557,14.3586,13.7557,13.9319,962078.0
2020-04-19,13.7557,14.3586,13.7557,13.9319,962078.0
2020-04-20,13.6351,13.8206,13.4959,13.598,1141079.0
2020-04-21,13.1527,13.4403,13.1203,13.2269,1396302.0
2020-04-22,13.6351,13.8206,13.4588,13.6907,886000.0
2020-04-23,13.7186,14.0339,13.7186,13.8206,908900.0
2020-04-24,13.9133,14.2565,13.7464,14.1638,861698.0
2020-04-25,13.9133,14.2565,13.7464,14.1638,861698.0
2020-04-26,13.9133,14.2565,13.7464,14.1638,861698.0
2020-04-27,14.2844,14.7852,14.2612,14.6461,1072467.0
2020-04-28,15.1563,15.3139,14.7667,14.8131,1091456.0
2020-04-29,15.3511,16.0838,15.1841,15.9447,3290454.0
2020-04-30,15.5087,15.6803,15.2861,15.3882,1062833.0
2020-05-01,14.9244,15.1377,14.6183,14.8316,981397.0
2020-05-02,14.9244,15.1377,14.6183,14.8316,981397.0
2020-05-03,14.9244,15.1377,14.6183,14.8316,981397.0
2020-05-04,14.5163,14.7667,14.2473,14.4791,933404.0
2020-05-05,14.878,15.1841,14.5626,14.6554,833681.0
2020-05-06,14.7574,14.9522,14.6276,14.7389,856752.0
2020-05-07,15.0171,15.1934,14.9986,15.0821,826706.0
2020-05-08,15.4902,15.7592,15.2212,15.7406,1023434.0
2020-05-09,15.4902,15.7592,15.2212,15.7406,1023434.0
2020-05-10,15.4902,15.7592,15.2212,15.7406,1023434.0
2020-05-11,15.4253,15.5458,15.0913,15.1934,1144015.0
2020-05-12,15.416,15.6504,14.0525,14.0989,1552149.0
2020-05-13,13.8577,13.9783,13.0229,13.1064,1904737.0
2020-05-14,12.7632,13.4264,12.4292,13.3939,1328704.0
2020-05-15,13.2177,13.3846,13.0229,13.162,1022797.0
2020-05-16,13.2177,13.3846,13.0229,13.162,1022797.0
2020-05-17,13.2177,13.3846,13.0229,13.162,1022797.0
2020-05-18,13.7093,14.5394,13.7093,14.4699,1108750.0
2020-05-19,14.3586,14.6461,14.1267,14.1267,1027616.0
2020-05-20,14.3864,14.8594,14.3122,14.8038,920265.0
2020-05-21,14.711,14.8873,14.3261,14.3771,972582.0
2020-05-22,14.4328,14.7528,14.1379,14.6183,1789141.0
2020-05-23,14.4328,14.7528,14.1379,14.6183,1789141.0
2020-05-24,14.4328,14.7528,14.1379,14.6183,1789141.0
2020-05-25,14.4328,14.7528,14.1379,14.6183,1789141.0
2020-05-26,15.249,15.7035,15.1934,15.4253,1334799.0
2020-05-27,15.7685,15.8705,15.1795,15.8241,1153420.0
2020-05-28,15.954,15.954,14.98,15.045,1061334.0
2020-05-29,14.9337,15.2166,14.776,15.0821,1300390.0
2020-05-30,14.9337,15.2166,14.776,15.0821,1300390.0
2020-05-31,14.9337,15.2166,14.776,15.0821,1300390.0
2020-06-01,15.0821,15.4253,14.9893,15.2397,952203.0
2020-06-02,15.3882,15.5737,15.2026,15.4902,859738.0
2020-06-03,15.8612,16.2879,15.7592,16.1395,1656894.0
2020-06-04,15.9076,16.107,15.7824,15.9911,1497844.0
2020-06-05,16.7146,17.067,16.6682,16.696,1325448.0
2020-06-06,16.7146,17.067,16.6682,16.696,1325448.0
2020-06-07,16.7146,17.067,16.6682,16.696,1325448.0
2020-06-08,16.9279,17.0763,16.7331,16.8259,772912.0
2020-06-09,16.427,16.529,15.9911,16.1951,2461613.0
2020-06-10,16.1487,16.158,15.4345,15.4438,1404041.0
2020-06-11,14.5809,14.9167,14.0025,14.0025,2306220.0
2020-06-12,14.6555,14.7768,14.0632,14.4596,1722777.0
2020-06-13,14.6555,14.7768,14.0632,14.4596,1722777.0
2020-06-14,14.6555,14.7768,14.0632,14.4596,1722777.0
2020-06-15,13.9279,14.4223,13.7646,14.3663,1587263.0
2020-06-16,15.0473,15.0847,14.4596,14.954,1536344.0
2020-06-17,15.0287,15.0287,14.4037,14.4876,1029323.0
2020-06-18,14.2917,14.469,14.1658,14.2637,1880930.0
2020-06-19,14.4037,14.5622,14.0072,14.0305,2678732.0
2020-06-20,14.4037,14.5622,14.0072,14.0305,2678732.0
2020-06-21,14.4037,14.5622,14.0072,14.0305,2678732.0
2020-06-22,13.8812,14.1611,13.5967,14.1051,1315564.0
2020-06-23,14.385,14.4969,14.2544,14.3943,1253618.0
2020-06-24,14.1145,14.2077,13.6014,13.6853,1434365.0
2020-06-25,13.592,13.788,13.2982,13.7693,1269249.0
2020-06-26,13.6667,13.8253,13.5361,13.62,1362949.0
2020-06-27,13.6667,13.8253,13.5361,13.62,1362949.0
2020-06-28,13.6667,13.8253,13.5361,13.62,1362949.0
2020-06-29,13.7413,14.0212,13.6107,13.9652,751411.0
2020-06-30,13.8533,14.2824,13.8533,14.2451,831814.0
2020-07-01,14.301,14.301,13.704,13.7413,853824.0
2020-07-02,14.0212,14.3104,13.8346,13.8719,715604.0
2020-07-03,14.0212,14.3104,13.8346,13.8719,715604.0
2020-07-04,14.0212,14.3104,13.8346,13.8719,715604.0
2020-07-05,14.0212,14.3104,13.8346,13.8719,715604.0
2020-07-06,14.2077,14.3477,13.9839,14.1051,577112.0
2020-07-07,13.9092,14.0445,13.5267,13.6107,1100558.0
2020-07-08,13.6294,13.9186,13.62,13.8999,1110072.0
2020-07-09,13.8906,13.9839,13.6434,13.8999,921544.0
2020-07-10,13.9932,14.1891,13.8159,14.1051,877087.0
2020-07-11,13.9932,14.1891,13.8159,14.1051,877087.0
2020-07-12,13.9932,14.1891,13.8159,14.1051,877087.0
2020-07-13,14.3383,14.469,14.0632,14.1145,1416929.0
2020-07-14,14.1424,14.357,13.9652,14.3383,757430.0
2020-07-15,14.7022,14.9261,14.6742,14.8141,946566.0
2020-07-16,14.7208,14.8141,14.4223,14.5436,859399.0
2020-07-17,14.5902,14.6835,14.427,14.5156,849668.0
2020-07-18,14.5902,14.6835,14.427,14.5156,849668.0
2020-07-19,14.5902,14.6835,14.427,14.5156,849668.0
2020-07-20,14.4223,14.5716,14.329,14.4783,645280.0
2020-07-21,14.6742,14.7675,14.357,14.441,2747280.0
2020-07-22,14.3663,14.6462,14.315,14.3477,1391010.0
2020-07-23,14.2824,14.7628,14.2591,14.4969,1869096.0
2020-07-24,14.441,14.6695,14.1611,14.1891,1427515.0
2020-07-25,14.441,14.6695,14.1611,14.1891,1427515.0
2020-07-26,14.441,14.6695,14.1611,14.1891,1427515.0
2020-07-27,14.2357,14.6928,14.2264,14.6649,1413071.0
2020-07-28,14.5529,14.5809,14.1518,14.1611,716533.0
2020-07-29,14.2637,14.7721,14.2637,14.7581,1212088.0
2020-07-30,14.4783,14.6649,14.3197,14.5996,699985.0
2020-07-31,14.5436,14.6462,14.315,14.6369,726415.0
2020-08-01,14.5436,14.6462,14.315,14.6369,726415.0
2020-08-02,14.5436,14.6462,14.315,14.6369,726415.0
2020-08-03,14.7675,15.094,14.5716,14.9727,1594905.0
2020-08-04,15.8216,15.8216,14.7861,15.6071,1917245.0
2020-08-05,16.0642,16.2088,15.5604,15.8776,1965120.0
2020-08-06,15.747,15.9616,15.5371,15.803,1790914.0
2020-08-07,15.6724,15.775,15.4158,15.6071,698663.0
2020-08-08,15.6724,15.775,15.4158,15.6071,698663.0
2020-08-09,15.6724,15.775,15.4158,15.6071,698663.0
2020-08-10,15.719,15.8403,15.663,15.7004,647005.0
2020-08-11,15.9149,16.2537,15.8963,15.9895,1164519.0
2020-08-12,16.1761,16.4093,15.9429,16.3627,728260.0
2020-08-13,16.2694,16.3161,16.0828,16.1295,575334.0
2020-08-14,16.0175,16.1854,15.9709,16.0548,381180.0
2020-08-15,16.0175,16.1854,15.9709,16.0548,381180.0
2020-08-16,16.0175,16.1854,15.9709,16.0548,381180.0
2020-08-17,16.1201,16.1201,15.8216,15.8683,671793.0
2020-08-18,15.7936,15.8123,15.2712,15.3179,966790.0
2020-08-19,15.2899,15.677,15.2246,15.4671,683507.0
2020-08-20,15.1033,15.3365,15.038,15.1126,608954.0
2020-08-21,15.038,15.1126,14.8141,14.9634,860480.0
2020-08-22,15.038,15.1126,14.8141,14.9634,860480.0
2020-08-23,15.038,15.1126,14.8141,14.9634,860480.0
2020-08-24,15.15,15.5138,15.066,15.5044,798963.0
2020-08-25,15.5231,15.5977,15.3552,15.5138,903565.0
2020-08-26,15.5044,15.5231,15.3085,15.3459,492472.0
2020-08-27,15.5044,15.5044,14.9634,14.982,929098.0
2020-08-28,15.066,15.3085,14.982,15.3085,960299.0
2020-08-29,15.066,15.3085,14.982,15.3085,960299.0
2020-08-30,15.066,15.3085,14.982,15.3085,960299.0
2020-08-31,15.2432,15.2806,14.9167,14.9167,1321287.0
2020-09-01,14.9727,15.2059,14.6649,15.1966,795401.0
2020-09-02,15.2246,15.6304,15.2246,15.5977,691508.0
2020-09-03,15.4858,15.6164,14.9867,15.0567,997104.0
2020-09-04,15.2059,15.2619,14.7581,15.0194,983771.0
2020-09-05,15.2059,15.2619,14.7581,15.0194,983771.0
2020-09-06,15.2059,15.2619,14.7581,15.0194,983771.0
2020-09-07,15.2059,15.2619,14.7581,15.0194,983771.0
2020-09-08,14.8048,14.8514,14.3757,14.3943,940186.0
2020-09-09,14.6089,14.7861,14.5109,14.6835,789755.0
2020-09-10,14.8196,14.9041,14.3926,14.4254,653069.0
2020-09-11,14.5662,14.6601,14.2659,14.3503,935471.0
2020-09-12,14.5662,14.6601,14.2659,14.3503,935471.0
2020-09-13,14.5662,14.6601,14.2659,14.3503,935471.0
2020-09-14,14.5287,14.8478,14.5099,14.8008,507241.0
2020-09-15,14.9416,14.9698,14.7351,14.829,568955.0
2020-09-16,14.9979,15.1763,14.9604,14.9885,990688.0
2020-09-17,14.7351,15.0356,14.5897,14.8196,879881.0
2020-09-18,14.9135,15.2138,14.6788,14.7727,2232822.0
2020-09-19,14.9135,15.2138,14.6788,14.7727,2232822.0
2020-09-20,14.9135,15.2138,14.6788,14.7727,2232822.0
2020-09-21,14.3785,14.4348,13.9796,14.1157,1326593.0
2020-09-22,14.1626,14.3316,14.0078,14.2377,852897.0
2020-09-23,14.2002,14.463,13.9843,14.0031,804709.0
2020-09-24,13.9937,14.3785,13.928,14.1814,495940.0
2020-09-25,14.1063,14.3128,13.9655,14.1814,543934.0
2020-09-26,14.1063,14.3128,13.9655,14.1814,543934.0
2020-09-27,14.1063,14.3128,13.9655,14.1814,543934.0
2020-09-28,14.4067,14.9228,14.3785,14.9135,821036.0
2020-09-29,14.8384,15.0167,14.6976,14.8196,579319.0
2020-09-30,14.951,15.073,14.4723,14.6131,1347126.0
2020-10-01,14.829,15.0449,14.707,14.8478,803896.0
2020-10-02,14.5099,14.9041,14.5099,14.6694,815895.0
2020-10-03,14.5099,14.9041,14.5099,14.6694,815895.0
2020-10-04,14.5099,14.9041,14.5099,14.6694,815895.0
2020-10-05,14.7727,15.4297,14.7727,15.4015,1120867.0
2020-10-06,15.4954,15.6549,15.1387,15.195,835282.0
2020-10-07,15.9552,16.2744,15.8145,16.2087,2051020.0
2020-10-08,16.4057,16.6498,16.1805,16.6498,1110763.0
2020-10-09,16.9032,16.9783,16.5559,16.6122,1042527.0
2020-10-10,16.9032,16.9783,16.5559,16.6122,1042527.0
2020-10-11,16.9032,16.9783,16.5559,16.6122,1042527.0
2020-10-12,16.7061,17.0111,16.6122,16.6873,1090464.0
2020-10-13,16.6404,16.6873,16.2509,16.3213,603091.0
2020-10-14,16.4057,16.5184,16.2321,16.2744,670896.0
2020-10-15,16.3213,17.0204,16.1148,16.8938,1865101.0
2020-10-16,16.9501,16.9501,16.57,16.6498,572606.0
2020-10-17,16.9501,16.9501,16.57,16.6498,572606.0
2020-10-18,16.9501,16.9501,16.57,16.6498,572606.0
2020-10-19,16.7155,16.9126,16.5841,16.631,443292.0
2020-10-20,16.8093,16.8281,16.4621,16.5371,570000.0
2020-10-21,16.4902,16.6828,16.2837,16.2931,1108990.0
2020-10-22,16.3776,16.7061,16.2837,16.6404,759580.0
2020-10-23,16.8281,16.8281,16.5184,16.7342,513206.0
2020-10-24,16.8281,16.8281,16.5184,16.7342,513206.0
2020-10-25,16.8281,16.8281,16.5184,16.7342,513206.0
2020-10-26,16.4151,16.4714,16.1054,16.2744,856997.0
2020-10-27,16.2368,16.3166,15.8332,15.8614,696220.0
2020-10-28,15.3734,15.5235,14.9885,15.073,934970.0
2020-10-29,14.9792,15.439,14.8384,15.3452,968184.0
2020-10-30,15.242,15.3077,14.951,15.2232,790305.0
2020-10-31,15.242,15.3077,14.951,15.2232,790305.0
2020-11-01,15.242,15.3077,14.951,15.2232,790305.0
2020-11-02,15.3077,15.4672,15.195,15.4672,870442.0
2020-11-03,15.7112,16.1617,15.195,15.9459,1056081.0
2020-11-04,15.6737,15.9083,15.4109,15.5329,1131697.0
2020-11-05,15.7863,16.4621,15.6737,16.387,852236.0
2020-11-06,16.387,16.5653,16.3119,16.4996,586653.0
2020-11-07,16.387,16.5653,16.3119,16.4996,586653.0
2020-11-08,16.387,16.5653,16.3119,16.4996,586653.0
2020-11-09,17.532,18.0576,16.9219,16.9501,1231611.0
2020-11-10,17.1566,17.1754,16.8281,16.9407,950277.0
2020-11-11,17.044,17.1941,16.7812,17.1284,598113.0
2020-11-12,16.9876,17.0721,16.5231,16.6498,629330.0
2020-11-13,16.9126,17.1941,16.8375,17.119,503857.0
2020-11-14,16.9126,17.1941,16.8375,17.119,503857.0
2020-11-15,16.9126,17.1941,16.8375,17.119,503857.0
2020-11-16,17.3912,17.7385,17.1988,17.7291,940547.0
2020-11-17,17.4663,17.6352,17.166,17.4194,644024.0
2020-11-18,17.5602,17.6259,17.166,17.166,700140.0
2020-11-19,17.1003,17.288,16.9595,17.2786,650808.0
2020-11-20,17.166,17.3255,17.119,17.2035,516942.0
2020-11-21,17.166,17.3255,17.119,17.2035,516942.0
2020-11-22,17.166,17.3255,17.119,17.2035,516942.0
2020-11-23,17.41,17.7385,17.3396,17.6916,745114.0
2020-11-24,17.9356,18.3391,17.8511,18.2359,1107006.0
2020-11-25,18.02,18.2359,17.7009,18.067,745913.0
2020-11-26,18.02,18.2359,17.7009,18.067,745913.0
2020-11-27,18.0482,18.1796,17.9168,18.1421,352369.0
2020-11-28,18.0482,18.1796,17.9168,18.1421,352369.0
2020-11-29,18.0482,18.1796,17.9168,18.1421,352369.0
2020-11-30,18.0013,18.2359,17.9004,18.1702,1449832.0
2020-12-01,18.3485,18.4893,18.1984,18.3767,1430768.0
2020-12-02,18.3391,18.6019,18.25,18.3767,763006.0
2020-12-03,18.4142,18.5266,18.2922,18.3579,440235.0
2020-12-04,18.4893,19.0431,18.4893,19.0337,809293.0
2020-12-05,18.4893,19.0431,18.4893,19.0337,809293.0
2020-12-06,18.4893,19.0431,18.4893,19.0337,809293.0
2020-12-07,18.9492,19.0618,18.7052,18.846,580953.0
2020-12-08,18.677,18.9023,18.6301,18.8647,757052.0
2020-12-09,18.8929,18.9492,18.4002,18.4987,697292.0
2020-12-10,18.3714,18.5317,18.2771,18.2865,1200971.0
2020-12-11,18.1073,18.3525,18.013,18.1733,836402.0
2020-12-12,18.1073,18.3525,18.013,18.1733,836402.0
2020-12-13,18.1073,18.3525,18.013,18.1733,836402.0
2020-12-14,18.4185,18.5411,17.9847,17.9942,1085003.0
2020-12-15,18.2582,18.6166,18.1168,18.5977,840185.0
2020-12-16,18.7203,18.7203,18.4468,18.6543,883455.0
2020-12-17,18.7203,19.1259,18.6543,19.107,775069.0
2020-12-18,19.1542,19.239,18.7533,18.8712,2221046.0
2020-12-19,19.1542,19.239,18.7533,18.8712,2221046.0
2020-12-20,19.1542,19.239,18.7533,18.8712,2221046.0
2020-12-21,18.4185,18.8618,18.3054,18.8618,1140869.0
2020-12-22,18.8524,19.0127,18.7392,18.8995,495724.0
2020-12-23,19.1447,19.3805,19.0881,19.239,660517.0
2020-12-24,19.3899,19.4465,19.0457,19.305,338130.0
2020-12-25,19.3899,19.4465,19.0457,19.305,338130.0
2020-12-26,19.3899,19.4465,19.0457,19.305,338130.0
2020-12-27,19.3899,19.4465,19.0457,19.305,338130.0
2020-12-28,19.522,19.7955,19.3994,19.5031,702378.0
2020-12-29,19.6068,19.6116,19.0174,19.173,602676.0
2020-12-30,19.173,19.6163,19.173,19.5031,462272.0
2020-12-31,19.5314,19.7672,19.4276,19.5314,832145.0
2021-01-01,19.5314,19.7672,19.4276,19.5314,832145.0
2021-01-02,19.5314,19.7672,19.4276,19.5314,832145.0
2021-01-03,19.5314,19.7672,19.4276,19.5314,832145.0
2021-01-04,19.7389,19.8426,19.3899,19.7011,1257063.0
2021-01-05,19.6351,20.3094,19.6351,20.2198,870944.0
2021-01-06,20.6725,21.3704,20.4179,21.1441,1406478.0
2021-01-07,21.2667,21.6533,21.0781,21.4647,1095424.0
2021-01-08,21.6911,21.7005,21.0498,21.2478,786831.0
2021-01-09,21.6911,21.7005,21.0498,21.2478,786831.0
2021-01-10,21.6911,21.7005,21.0498,21.2478,786831.0
2021-01-11,20.8894,21.559,20.8423,21.5496,609158.0
2021-01-12,21.5873,21.8985,21.4553,21.5024,996241.0
2021-01-13,21.5496,21.6911,21.2572,21.427,844911.0
2021-01-14,21.5968,21.9929,21.4647,21.7665,1123173.0
2021-01-15,21.1346,21.394,20.8422,21.2478,1212634.0
2021-01-16,21.1346,21.394,20.8422,21.2478,1212634.0
2021-01-17,21.1346,21.394,20.8422,21.2478,1212634.0
2021-01-18,21.1346,21.394,20.8422,21.2478,1212634.0
2021-01-19,21.5496,22.2286,21.3893,22.2192,1478247.0
2021-01-20,22.3229,22.5587,21.9787,22.0589,820546.0
2021-01-21,22.0589,22.0589,21.6675,21.7759,750146.0
2021-01-22,21.4459,21.8514,21.4176,21.842,697062.0
2021-01-23,21.4459,21.8514,21.4176,21.842,697062.0
2021-01-24,21.4459,21.8514,21.4176,21.842,697062.0
2021-01-25,21.9268,22.106,21.6345,21.842,922296.0
2021-01-26,22.0494,22.0636,21.427,21.5307,820034.0
2021-01-27,21.0309,21.2337,20.2877,20.3802,1168315.0
2021-01-28,20.7102,21.0781,20.1161,20.7008,1252594.0
2021-01-29,20.6537,20.7763,20.3,20.3236,1209368.0
2021-01-30,20.6537,20.7763,20.3,20.3236,1209368.0
2021-01-31,20.6537,20.7763,20.3,20.3236,1209368.0
2021-02-01,20.6254,21.2997,20.5358,21.2478,1028577.0
2021-02-02,21.559,21.6533,21.1488,21.5685,1212047.0
2021-02-03,21.4647,21.8938,21.3044,21.6816,1831011.0
2021-02-04,21.7005,22.0023,21.4647,21.8891,1266129.0
2021-02-05,22.0211,22.1437,21.7807,21.9646,776583.0
2021-02-06,22.0211,22.1437,21.7807,21.9646,776583.0
2021-02-07,22.0211,22.1437,21.7807,21.9646,776583.0
2021-02-08,22.0777,22.8794,22.0777,22.8794,1568393.0
2021-02-09,20.6631,22.2616,20.3613,22.2286,2345276.0
2021-02-10,22.2663,22.3418,21.3516,21.4742,1190391.0
2021-02-11,21.7005,21.974,21.3091,21.9551,1968177.0
2021-02-12,22.1155,22.3216,21.8042,22.2381,1170603.0
2021-02-13,22.1155,22.3216,21.8042,22.2381,1170603.0
2021-02-14,22.1155,22.3216,21.8042,22.2381,1170603.0
2021-02-15,22.1155,22.3216,21.8042,22.2381,1170603.0
2021-02-16,22.4361,22.7945,22.1013,22.2098,1068227.0
2021-02-17,22.1155,22.2003,21.625,21.9268,772776.0
2021-02-18,21.7194,21.8702,21.4364,21.7948,1091579.0
2021-02-19,21.9174,22.3984,21.8702,22.2852,661545.0
2021-02-20,21.9174,22.3984,21.8702,22.2852,661545.0
2021-02-21,21.9174,22.3984,21.8702,22.2852,661545.0
2021-02-22,22.1815,23.0284,22.04,22.7662,2216674.0
2021-02-23,22.5776,22.6436,21.7571,22.5021,1203275.0
2021-02-24,22.6342,23.4829,22.4078,23.4546,1189318.0
2021-02-25,23.4735,23.5207,22.2447,22.2758,1089705.0
2021-02-26,22.455,22.7945,22.0211,22.5116,1137896.0
2021-02-27,22.455,22.7945,22.0211,22.5116,1137896.0
2021-02-28,22.455,22.7945,22.0211,22.5116,1137896.0
2021-03-01,23.1529,23.4282,22.9454,23.2566,1084344.0
2021-03-02,22.9076,23.0868,22.1909,22.2003,1056372.0
2021-03-03,22.1155,22.3701,21.7854,21.8231,1018366.0
2021-03-04,21.8042,22.0494,20.9366,21.2384,1650888.0
2021-03-05,21.6816,22.0777,21.0026,22.0211,1477288.0
2021-03-06,21.6816,22.0777,21.0026,22.0211,1477288.0
2021-03-07,21.6816,22.0777,21.0026,22.0211,1477288.0
2021-03-08,22.0872,22.3795,21.8985,22.0023,981162.0
2021-03-09,22.5964,23.1906,22.2286,23.002,1329994.0
2021-03-10,23.1151,23.2566,22.8228,22.9737,884877.0
2021-03-11,23.2755,23.5112,23.0868,23.266,1662504.0
2021-03-12,23.0585,23.2755,22.9925,23.2472,740238.0
2021-03-13,23.0585,23.2755,22.9925,23.2472,740238.0
2021-03-14,23.0585,23.2755,22.9925,23.2472,740238.0
2021-03-15,23.1434,23.3886,22.9548,23.3792,972537.0
2021-03-16,23.4786,23.8762,23.2893,23.507,1171990.0
2021-03-17,23.5259,23.9141,23.3215,23.8667,1431490.0
2021-03-18,23.4881,23.9141,23.0147,23.062,1822609.0
2021-03-19,22.8727,23.4597,22.4751,23.0904,2640689.0
2021-03-20,22.8727,23.4597,22.4751,23.0904,2640689.0
2021-03-21,22.8727,23.4597,22.4751,23.0904,2640689.0
2021-03-22,23.1946,23.4549,22.9768,23.1094,717760.0
2021-03-23,23.0904,23.2987,22.0897,22.2763,858389.0
2021-03-24,22.5792,22.8254,22.0017,22.0017,748694.0
2021-03-25,21.784,22.5035,21.4952,22.3331,699294.0
2021-03-26,22.5413,23.3271,22.4088,23.2987,546546.0
2021-03-27,22.5413,23.3271,22.4088,23.2987,546546.0
2021-03-28,22.5413,23.3271,22.4088,23.2987,546546.0
2021-03-29,23.1851,23.2893,22.3993,22.4751,1008425.0
2021-03-30,22.4751,22.7307,22.3425,22.5792,1026588.0
2021-03-31,22.7212,23.062,22.6549,22.797,743684.0
2021-04-01,23.081,23.5449,23.081,23.5259,581583.0
2021-04-02,23.081,23.5449,23.081,23.5259,581583.0
2021-04-03,23.081,23.5449,23.081,23.5259,581583.0
2021-04-04,23.081,23.5449,23.081,23.5259,581583.0
2021-04-05,23.8573,24.3022,23.6774,24.1508,1013690.0
2021-04-06,24.7283,25.088,24.236,24.3306,1218733.0
2021-04-07,24.2833,24.3448,23.9709,24.075,741379.0
2021-04-08,24.236,24.3117,23.8857,24.1318,714565.0
2021-04-09,24.0561,24.2454,23.9046,24.1697,491735.0
2021-04-10,24.0561,24.2454,23.9046,24.1697,491735.0
2021-04-11,24.0561,24.2454,23.9046,24.1697,491735.0
2021-04-12,24.1508,24.1508,23.9046,24.0088,663215.0
2021-04-13,24.0372,24.1129,23.5638,23.6585,521345.0
2021-04-14,23.6585,24.0277,23.6549,23.8005,572179.0
2021-04-15,24.5105,24.6147,24.0466,24.5863,1308593.0
2021-04-16,24.5863,24.6715,24.3306,24.4916,868483.0
2021-04-17,24.5863,24.6715,24.3306,24.4916,868483.0
2021-04-18,24.5863,24.6715,24.3306,24.4916,868483.0
2021-04-19,24.4632,24.6999,24.2738,24.4821,945784.0
2021-04-20,24.359,24.4253,23.6869,23.933,802981.0
2021-04-21,23.933,24.4537,23.8383,24.4348,641321.0
2021-04-22,24.4632,24.5484,24.0561,24.0656,780670.0
2021-04-23,24.2738,24.7093,24.2738,24.5863,502462.0
2021-04-24,24.2738,24.7093,24.2738,24.5863,502462.0
2021-04-25,24.2738,24.7093,24.2738,24.5863,502462.0
2021-04-26,24.7661,24.8892,24.5863,24.6241,818441.0
2021-04-27,24.7188,24.8419,24.4253,24.5673,1381333.0
2021-04-28,24.4632,24.6052,24.2454,24.4916,1487841.0
2021-04-29,24.9744,24.9744,24.2738,24.4158,1859000.0
2021-04-30,24.2644,24.3136,23.1756,23.2608,2349222.0
2021-05-01,24.2644,24.3136,23.1756,23.2608,2349222.0
2021-05-02,24.2644,24.3136,23.1756,23.2608,2349222.0
2021-05-03,23.4691,23.5733,22.7307,22.8064,1846337.0
2021-05-04,22.3047,22.6644,21.9118,22.2384,2065841.0
2021-05-05,22.5319,22.797,22.2195,22.636,1725166.0
2021-05-06,22.5887,22.797,22.1343,22.7686,1822585.0
2021-05-07,22.9958,23.4029,22.8254,23.2798,998014.0
2021-05-08,22.9958,23.4029,22.8254,23.2798,998014.0
2021-05-09,22.9958,23.4029,22.8254,23.2798,998014.0
2021-05-10,23.2608,23.2798,22.3331,22.3425,1291361.0
2021-05-11,21.7745,22.4088,21.6041,22.2668,1331334.0
2021-05-12,21.9544,22.1634,21.2349,21.2633,1620382.0
2021-05-13,21.5,21.9638,21.3769,21.8313,847577.0
2021-05-14,22.0869,22.4372,21.8644,22.3709,881113.0
2021-05-15,22.0869,22.4372,21.8644,22.3709,881113.0
2021-05-16,22.0869,22.4372,21.8644,22.3709,881113.0
2021-05-17,22.2479,22.4277,21.926,22.3899,712249.0
2021-05-18,22.4751,22.5792,22.0491,22.0869,688523.0
2021-05-19,21.6893,22.4041,21.6893,22.3804,674008.0
2021-05-20,22.3709,22.7118,22.2479,22.6171,891437.0
2021-05-21,22.8348,22.9011,22.5981,22.7591,870360.0
2021-05-22,22.8348,22.9011,22.5981,22.7591,870360.0
2021-05-23,22.8348,22.9011,22.5981,22.7591,870360.0
2021-05-24,22.9674,23.081,22.8051,22.9579,655891.0
2021-05-25,23.0336,23.1567,22.4372,22.4372,1035063.0
2021-05-26,22.4372,22.7023,22.3236,22.6265,698741.0
2021-05-27,22.8159,23.0419,22.6549,22.7496,786576.0
2021-05-28,22.9484,22.9484,22.4467,22.7875,691465.0
2021-05-29,22.9484,22.9484,22.4467,22.7875,691465.0
2021-05-30,22.9484,22.9484,22.4467,22.7875,691465.0
2021-05-31,22.9484,22.9484,22.4467,22.7875,691465.0
2021-06-01,22.9768,22.9768,22.5792,22.5792,757140.0
2021-06-02,22.5792,22.6029,22.3615,22.3899,979322.0
2021-06-03,22.2289,22.5224,22.0869,22.3615,960803.0
2021-06-04,22.4845,22.7449,22.3709,22.6549,703173.0
2021-06-05,22.4845,22.7449,22.3709,22.6549,703173.0
2021-06-06,22.4845,22.7449,22.3709,22.6549,703173.0
2021-06-07,22.8727,22.8727,22.21,22.21,673329.0
2021-06-08,22.3236,22.4845,22.0585,22.2479,1613287.0
2021-06-09,22.2573,22.2861,22.0206,22.0491,1090743.0
2021-06-10,22.1248,22.3331,21.836,21.8597,1110045.0
2021-06-11,21.926,22.1201,21.8124,21.9733,837460.0
2021-06-12,21.926,22.1201,21.8124,21.9733,837460.0
2021-06-13,21.926,22.1201,21.8124,21.9733,837460.0
2021-06-14,22.0206,22.1059,21.7556,21.8313,751244.0
2021-06-15,21.8976,21.8976,21.6325,21.8218,716376.0
2021-06-16,21.8029,21.9212,21.5047,21.7934,1100715.0
2021-06-17,21.8647,22.1309,21.2278,21.2373,1209629.0
2021-06-18,20.6574,20.9331,20.3247,20.3532,2471012.0
2021-06-19,20.6574,20.9331,20.3247,20.3532,2471012.0
2021-06-20,20.6574,20.9331,20.3247,20.3532,2471012.0
2021-06-21,20.4388,20.724,20.3627,20.3912,1440589.0
2021-06-22,20.3342,20.4388,20.049,20.2962,1202000.0
2021-06-23,20.3247,20.4816,20.2629,20.2867,648520.0
2021-06-24,20.5053,20.7572,20.3722,20.6955,800047.0
2021-06-25,20.6955,21.0261,20.6479,20.8856,2753707.0
2021-06-26,20.6955,21.0261,20.6479,20.8856,2753707.0
2021-06-27,20.6955,21.0261,20.6479,20.8856,2753707.0
2021-06-28,20.9046,21.1518,20.7905,21.0662,944902.0
2021-06-29,21.1137,21.3989,21.0662,21.3609,1267648.0
2021-06-30,21.2183,21.6128,21.1043,21.437,1546929.0
2021-07-01,21.4845,21.5686,21.2944,21.3324,974862.0
2021-07-02,21.4465,21.5509,21.1803,21.2563,513232.0
2021-07-03,21.4465,21.5509,21.1803,21.2563,513232.0
2021-07-04,21.4465,21.5509,21.1803,21.2563,513232.0
2021-07-05,21.4465,21.5509,21.1803,21.2563,513232.0
2021-07-06,21.2658,21.2848,20.7525,21.0567,679355.0
2021-07-07,21.0757,21.2373,20.7858,21.0092,1041759.0
2021-07-08,20.5814,20.9997,20.4198,20.743,844177.0
2021-07-09,20.9141,21.1755,20.781,21.0092,682687.0
2021-07-10,20.9141,21.1755,20.781,21.0092,682687.0
2021-07-11,20.9141,21.1755,20.781,21.0092,682687.0
2021-07-12,21.0662,21.1898,20.9141,21.1708,656675.0
2021-07-13,20.9997,21.1423,20.8808,21.0662,835872.0
2021-07-14,21.2848,21.494,20.7905,20.8571,802059.0
2021-07-15,20.7335,20.838,20.4388,20.6384,782768.0
2021-07-16,20.8285,20.8761,20.1726,20.1726,915715.0
2021-07-17,20.8285,20.8761,20.1726,20.1726,915715.0
2021-07-18,20.8285,20.8761,20.1726,20.1726,915715.0
2021-07-19,19.7828,19.973,19.6497,19.7828,870595.0
2021-07-20,19.8018,20.5101,19.6593,20.3152,1125761.0
2021-07-21,20.4388,20.8571,20.4008,20.8285,719105.0
2021-07-22,20.781,20.781,20.4483,20.4863,850156.0
2021-07-23,20.6004,20.6004,20.3437,20.5719,403299.0
2021-07-24,20.6004,20.6004,20.3437,20.5719,403299.0
2021-07-25,20.6004,20.6004,20.3437,20.5719,403299.0
2021-07-26,20.6479,20.8,20.5671,20.7145,573790.0
2021-07-27,20.4388,20.4388,19.8446,20.1631,795580.0
2021-07-28,20.2677,20.7715,20.2011,20.6004,586956.0
2021-07-29,20.8285,21.1327,20.7905,20.9331,925640.0
2021-07-30,20.838,21.166,20.819,21.0377,868487.0
2021-07-31,20.838,21.166,20.819,21.0377,868487.0
2021-08-01,20.838,21.166,20.819,21.0377,868487.0
2021-08-02,21.1898,21.6271,20.7905,20.8,610012.0
2021-08-03,20.8761,21.0282,20.5148,20.9901,880917.0
2021-08-04,20.8285,21.1137,20.781,20.8856,447124.0
2021-08-05,20.9331,21.0947,20.7671,21.0472,614141.0
2021-08-06,21.1993,21.5415,21.1375,21.3799,660980.0
2021-08-07,21.1993,21.5415,21.1375,21.3799,660980.0
2021-08-08,21.1993,21.5415,21.1375,21.3799,660980.0
2021-08-09,21.3609,21.3989,21.0377,21.2563,628367.0
2021-08-10,21.437,21.4892,20.8951,21.3704,967699.0
2021-08-11,21.7126,21.7982,21.3039,21.7602,815316.0
2021-08-12,21.7031,21.7031,21.3609,21.551,789110.0
2021-08-13,21.456,21.5891,21.2753,21.5415,606783.0
2021-08-14,21.456,21.5891,21.2753,21.5415,606783.0
2021-08-15,21.456,21.5891,21.2753,21.5415,606783.0
2021-08-16,21.532,21.6556,21.3609,21.6366,537042.0
2021-08-17,21.4084,21.4455,21.0092,21.2658,572786.0
2021-08-18,21.1993,21.3894,20.9426,20.9711,515088.0
2021-08-19,20.743,20.8666,20.4103,20.4198,977540.0
2021-08-20,20.3627,20.6859,20.2772,20.6384,617874.0
2021-08-21,20.3627,20.6859,20.2772,20.6384,617874.0
2021-08-22,20.3627,20.6859,20.2772,20.6384,617874.0
2021-08-23,20.8333,20.9521,20.5338,20.8285,503528.0
2021-08-24,20.9997,21.1232,20.8285,20.8476,516792.0
2021-08-25,20.8285,21.0377,20.8,20.9141,647644.0
2021-08-26,20.9141,21.0204,20.705,20.7145,500255.0
2021-08-27,20.7715,21.5082,20.7715,21.4845,789331.0
2021-08-28,20.7715,21.5082,20.7715,21.4845,789331.0
2021-08-29,20.7715,21.5082,20.7715,21.4845,789331.0
2021-08-30,21.6081,21.6457,21.3609,21.437,612320.0
2021-08-31,21.4084,21.4892,20.8808,20.8856,824276.0
2021-09-01,20.9806,20.9997,20.6479,20.6764,805556.0
2021-09-02,20.762,20.9141,20.6432,20.6574,619412.0
2021-09-03,20.6574,20.7382,20.3437,20.3532,601925.0
2021-09-04,20.6574,20.7382,20.3437,20.3532,601925.0
2021-09-05,20.6574,20.7382,20.3437,20.3532,601925.0
2021-09-06,20.6574,20.7382,20.3437,20.3532,601925.0
2021-09-07,20.2772,20.3199,20.03,20.0585,926985.0
2021-09-08,19.9635,20.0585,19.6117,19.8209,947562.0
2021-09-09,19.8925,20.2745,19.8925,19.9211,803100.0
2021-09-10,20.0357,20.2172,19.8734,19.902,608743.0
2021-09-11,20.0357,20.2172,19.8734,19.902,608743.0
2021-09-12,20.0357,20.2172,19.8734,19.902,608743.0
2021-09-13,20.0835,20.2267,19.9498,20.2076,528612.0
2021-09-14,20.3795,20.4559,19.797,19.8734,840794.0
2021-09-15,19.8925,20.2267,19.797,20.2076,636358.0
2021-09-16,20.2076,20.3079,19.9784,20.0739,652933.0
2021-09-17,20.0644,20.093,19.4723,19.5487,2057529.0
2021-09-18,20.0644,20.093,19.4723,19.5487,2057529.0
2021-09-19,20.0644,20.093,19.4723,19.5487,2057529.0
2021-09-20,19.0425,19.2049,18.7847,19.1858,1019051.0
2021-09-21,19.3386,19.3625,18.8802,18.9852,760290.0
2021-09-22,19.1476,19.5487,19.1476,19.2908,746849.0
2021-09-23,19.415,19.7779,19.3529,19.5964,999509.0
2021-09-24,19.5391,19.9116,19.5009,19.797,583779.0
2021-09-25,19.5391,19.9116,19.5009,19.797,583779.0
2021-09-26,19.5391,19.9116,19.5009,19.797,583779.0
2021-09-27,19.7397,20.1838,19.674,20.0835,497495.0
2021-09-28,19.9307,20.0835,19.6776,19.6919,557092.0
2021-09-29,19.6824,19.8161,19.2994,19.3672,922855.0
2021-09-30,19.5391,19.6442,19.1285,19.1858,813174.0
2021-10-01,19.3672,19.6442,19.2144,19.5487,864942.0
2021-10-02,19.3672,19.6442,19.2144,19.5487,864942.0
2021-10-03,19.3672,19.6442,19.2144,19.5487,864942.0
2021-10-04,19.5582,19.5582,19.2326,19.3577,648300.0
2021-10-05,19.4245,19.5666,19.3004,19.3004,654415.0
2021-10-06,19.1571,19.329,18.9088,19.3195,784045.0
2021-10-07,19.5391,19.7206,19.4627,19.5296,858361.0
2021-10-08,19.5582,19.606,19.2526,19.2526,663724.0
2021-10-09,19.5582,19.606,19.2526,19.2526,663724.0
2021-10-10,19.5582,19.606,19.2526,19.2526,663724.0
2021-10-11,19.3004,19.4436,18.7847,18.7942,550670.0
2021-10-12,18.8706,18.9661,18.2308,18.2499,846889.0
2021-10-13,18.3167,18.4409,18.2038,18.3836,873419.0
2021-10-14,18.5173,18.842,18.5173,18.651,877756.0
2021-10-15,18.8802,18.8802,18.5412,18.5555,854768.0
2021-10-16,18.8802,18.8802,18.5412,18.5555,854768.0
2021-10-17,18.8802,18.8802,18.5412,18.5555,854768.0
2021-10-18,18.4791,18.565,18.3072,18.46,598828.0
2021-10-19,18.4886,18.6987,18.3454,18.4027,1024562.0
2021-10-20,18.4122,18.8038,18.3167,18.4695,644551.0
2021-10-21,18.46,18.7369,18.2738,18.6987,738564.0
2021-10-22,18.6987,18.9757,18.4504,18.4791,521798.0
2021-10-23,18.6987,18.9757,18.4504,18.4791,521798.0
2021-10-24,18.6987,18.9757,18.4504,18.4791,521798.0
2021-10-25,18.5268,18.7608,18.4552,18.6605,407427.0
2021-10-26,18.7178,18.7178,18.4552,18.4886,454938.0
2021-10-27,18.4027,18.565,18.1401,18.1544,650268.0
2021-10-28,18.2021,18.5268,18.1926,18.4313,671036.0
2021-10-29,18.3358,18.4791,18.1448,18.3549,1123461.0
2021-10-30,18.3358,18.4791,18.1448,18.3549,1123461.0
2021-10-31,18.3358,18.4791,18.1448,18.3549,1123461.0
2021-11-01,18.4409,19.329,18.4409,19.2335,794557.0
2021-11-02,19.2526,19.7588,19.1285,19.6155,1388691.0
2021-11-03,19.5773,19.7683,18.7178,19.4532,1346027.0
2021-11-04,19.6442,19.7445,19.1094,19.1571,843144.0
2021-11-05,19.3959,19.7397,19.3959,19.5487,1251516.0
2021-11-06,19.3959,19.7397,19.3959,19.5487,1251516.0
2021-11-07,19.3959,19.7397,19.3959,19.5487,1251516.0
2021-11-08,19.711,19.8925,19.4819,19.6251,725197.0
2021-11-09,19.6537,19.6824,19.3386,19.5105,743325.0
2021-11-10,19.2813,19.8543,19.1953,19.7588,717830.0
2021-11-11,19.8925,20.0405,19.7397,19.8543,692186.0
2021-11-12,19.9307,20.2076,19.9211,20.0739,493789.0
2021-11-13,19.9307,20.2076,19.9211,20.0739,493789.0
2021-11-14,19.9307,20.2076,19.9211,20.0739,493789.0
2021-11-15,20.179,20.179,19.902,20.0453,619208.0
2021-11-16,20.1694,21.0576,20.0233,20.7233,1870852.0
2021-11-17,20.6374,20.6756,20.3604,20.5896,863080.0
2021-11-18,20.7042,20.7711,20.1312,20.5419,1039554.0
2021-11-19,20.4941,20.6851,20.3891,20.6278,915222.0
2021-11-20,20.4941,20.6851,20.3891,20.6278,915222.0
2021-11-21,20.4941,20.6851,20.3891,20.6278,915222.0
2021-11-22,20.7711,21.0003,20.666,20.8379,1351128.0
2021-11-23,20.8379,20.9752,20.561,20.9048,1291859.0
2021-11-24,20.7424,21.1722,20.6278,21.0003,853261.0
2021-11-25,20.7424,21.1722,20.6278,21.0003,853261.0
2021-11-26,20.3986,20.6278,19.6442,19.797,685383.0
2021-11-27,20.3986,20.6278,19.6442,19.797,685383.0
2021-11-28,20.3986,20.6278,19.6442,19.797,685383.0
2021-11-29,20.1694,20.2554,19.7492,19.8734,696113.0
2021-11-30,19.6251,19.8925,19.3243,19.4532,918040.0
2021-12-01,19.8734,20.1981,19.5009,19.5678,841207.0
2021-12-02,19.6346,20.0453,19.4498,19.8543,764734.0
2021-12-03,19.8925,20.0357,19.4818,19.6728,942918.0
2021-12-04,19.8925,20.0357,19.4818,19.6728,942918.0
2021-12-05,19.8925,20.0357,19.4818,19.6728,942918.0
2021-12-06,19.8648,20.1431,19.4137,19.9991,1030841.0
2021-12-07,20.2486,20.6996,20.1622,20.4981,510202.0
2021-12-08,20.2774,20.6037,20.239,20.4597,512806.0
2021-12-09,20.2006,20.4693,20.0375,20.0567,519980.0
2021-12-10,20.2294,20.3052,19.8552,20.1622,568447.0
2021-12-11,20.2294,20.3052,19.8552,20.1622,568447.0
2021-12-12,20.2294,20.3052,19.8552,20.1622,568447.0
2021-12-13,20.0567,20.1047,19.788,19.836,567154.0
2021-12-14,19.6248,19.9319,19.4809,19.5673,863690.0
2021-12-15,19.6632,19.8648,19.241,19.836,921573.0
2021-12-16,20.0279,20.0327,19.2122,19.4233,1018693.0
2021-12-17,19.241,19.8072,19.2266,19.3178,1949469.0
2021-12-18,19.241,19.8072,19.2266,19.3178,1949469.0
2021-12-19,19.241,19.8072,19.2266,19.3178,1949469.0
2021-12-20,19.0874,19.3369,18.646,19.241,1014392.0
2021-12-21,19.4809,19.9895,19.4713,19.9511,559499.0
2021-12-22,19.9319,20.2102,19.8935,20.0855,344390.0
2021-12-23,20.1143,20.4789,20.1143,20.2966,318335.0
2021-12-24,20.1143,20.4789,20.1143,20.2966,318335.0
2021-12-25,20.1143,20.4789,20.1143,20.2966,318335.0
2021-12-26,20.1143,20.4789,20.1143,20.2966,318335.0
2021-12-27,20.3062,20.7956,20.2822,20.7764,375798.0
2021-12-28,20.6996,21.0643,20.6229,20.93,731681.0
2021-12-29,20.9588,21.6593,20.9588,21.6401,942892.0
2021-12-30,21.6305,21.7361,20.9012,20.9108,882310.0
2021-12-31,20.9108,21.285,20.9108,20.9875,425593.0
2022-01-01,20.9108,21.285,20.9108,20.9875,425593.0
2022-01-02,20.9108,21.285,20.9108,20.9875,425593.0
2022-01-03,21.2562,21.5924,21.1123,21.3042,718211.0
2022-01-04,21.3426,21.6545,20.9779,21.4674,597042.0
2022-01-05,21.5825,21.7936,20.9779,20.9779,665756.0
2022-01-06,21.0067,21.285,20.8724,21.0547,561546.0
2022-01-07,21.0259,21.1507,20.5077,20.5269,535386.0
2022-01-08,21.0259,21.1507,20.5077,20.5269,535386.0
2022-01-09,21.0259,21.1507,20.5077,20.5269,535386.0
2022-01-10,20.4501,20.5077,20.0087,20.3638,570636.0
2022-01-11,20.383,20.6133,20.0567,20.5365,569420.0
2022-01-12,20.5845,20.8052,20.3734,20.6709,633024.0
2022-01-13,20.882,21.1027,20.6996,20.7668,661652.0
2022-01-14,20.6133,21.3714,20.4981,21.3714,740970.0
2022-01-15,20.6133,21.3714,20.4981,21.3714,740970.0
2022-01-16,20.6133,21.3714,20.4981,21.3714,740970.0
2022-01-17,20.6133,21.3714,20.4981,21.3714,740970.0
2022-01-18,21.1987,21.2946,20.7476,20.7668,1117426.0
2022-01-19,20.8052,21.0163,20.191,20.2774,1021154.0
2022-01-20,20.335,20.6037,19.7976,19.8168,954388.0
2022-01-21,19.7784,20.239,19.692,19.7112,891043.0
2022-01-22,19.7784,20.239,19.692,19.7112,891043.0
2022-01-23,19.7784,20.239,19.692,19.7112,891043.0
2022-01-24,19.3657,19.9223,18.9051,19.8552,1150625.0
2022-01-25,19.4905,19.6728,18.9915,19.2122,805423.0
2022-01-26,19.5673,20.1334,19.2986,19.5193,941109.0
2022-01-27,19.8264,19.9415,19.0203,19.0778,734397.0
2022-01-28,19.0682,19.1853,18.4637,19.0778,1005251.0
2022-01-29,19.0682,19.1853,18.4637,19.0778,1005251.0
2022-01-30,19.0682,19.1853,18.4637,19.0778,1005251.0
2022-01-31,19.0011,19.8935,19.0011,19.8743,1188821.0
2022-02-01,19.8839,19.8839,19.3369,19.7112,700474.0
2022-02-02,19.7784,20.0759,19.7112,20.0663,700344.0
2022-02-03,19.8072,19.836,19.3945,19.4233,542124.0
2022-02-04,19.241,19.6728,19.0107,19.4905,623251.0
2022-02-05,19.241,19.6728,19.0107,19.4905,623251.0
2022-02-06,19.241,19.6728,19.0107,19.4905,623251.0
2022-02-07,19.6152,19.836,19.4617,19.7304,1160552.0
2022-02-08,20.3206,20.3206,18.7708,19.4521,1508776.0
2022-02-09,19.7112,19.8914,19.3849,19.5001,1113894.0
2022-02-10,19.145,19.5049,18.8091,18.9147,1785113.0
2022-02-11,19.0011,19.4809,18.9147,18.9819,1457593.0
2022-02-12,19.0011,19.4809,18.9147,18.9819,1457593.0
2022-02-13,19.0011,19.4809,18.9147,18.9819,1457593.0
2022-02-14,19.1354,19.3753,18.9723,19.0395,1022159.0
2022-02-15,19.2506,19.7016,19.0682,19.6248,962192.0
2022-02-16,19.5673,19.668,19.265,19.6056,486024.0
2022-02-17,19.4233,19.4905,19.1498,19.241,618499.0
2022-02-18,19.2794,19.3753,19.0011,19.2314,784555.0
2022-02-19,19.2794,19.3753,19.0011,19.2314,784555.0
2022-02-20,19.2794,19.3753,19.0011,19.2314,784555.0
2022-02-21,19.2794,19.3753,19.0011,19.2314,784555.0
2022-02-22,19.1354,19.3082,18.646,18.8187,901667.0
2022-02-23,18.9531,19.193,18.1758,18.195,997935.0
2022-02-24,17.7535,18.6508,17.6576,18.598,1206410.0
2022-02-25,18.6076,18.8523,18.3869,18.7995,727699.0
2022-02-26,18.6076,18.8523,18.3869,18.7995,727699.0
2022-02-27,18.6076,18.8523,18.3869,18.7995,727699.0
2022-02-28,18.4925,18.6796,18.2142,18.4157,1021970.0
2022-03-01,18.3389,18.4493,17.4656,17.6384,1094121.0
2022-03-02,17.7631,18.6652,17.7055,18.5308,984161.0
2022-03-03,18.5884,18.646,18.0894,18.3581,759350.0
2022-03-04,18.0318,18.2046,17.648,17.8783,830397.0
2022-03-05,18.0318,18.2046,17.648,17.8783,830397.0
2022-03-06,18.0318,18.2046,17.648,17.8783,830397.0
2022-03-07,17.9167,17.9646,17.1393,17.1489,1370971.0
2022-03-08,17.2641,17.9167,16.8706,17.2833,1572180.0
2022-03-09,17.7151,17.955,17.5935,17.8111,916099.0
2022-03-10,17.4176,17.8783,17.3409,17.8015,752498.0
2022-03-11,18.0606,18.2621,17.8687,17.8879,653303.0
2022-03-12,18.0606,18.2621,17.8687,17.8879,653303.0
2022-03-13,18.0606,18.2621,17.8687,17.8879,653303.0
2022-03-14,17.9646,18.0894,17.6,17.7439,992219.0
2022-03-15,17.8975,18.0702,17.7439,18.0222,692231.0
2022-03-16,18.1862,18.8905,18.1766,18.8905,1145611.0
2022-03-17,18.7265,19.2234,18.7265,19.151,1243833.0
2022-03-18,19.1414,19.6334,18.8134,19.4887,2748583.0
2022-03-19,19.1414,19.6334,18.8134,19.4887,2748583.0
2022-03-20,19.1414,19.6334,18.8134,19.4887,2748583.0
2022-03-21,19.5273,19.701,19.4019,19.6527,1358884.0
2022-03-22,19.7878,19.8457,19.6334,19.6913,894210.0
2022-03-23,19.4887,19.6913,19.1028,19.1317,884911.0
2022-03-24,19.2765,19.6624,19.0642,19.6527,867417.0
2022-03-25,19.7685,19.9422,19.4791,19.7492,958692.0
2022-03-26,19.7685,19.9422,19.4791,19.7492,958692.0
2022-03-27,19.7685,19.9422,19.4791,19.7492,958692.0
2022-03-28,19.5948,19.6817,19.2283,19.508,676053.0
2022-03-29,19.8264,20.0338,19.7444,19.8843,807090.0
2022-03-30,19.7974,19.9422,19.2572,19.3054,610640.0
2022-03-31,19.2379,19.3536,18.9098,18.9098,893648.0
2022-04-01,19.0546,19.1028,18.2538,18.5046,1299119.0
2022-04-02,19.0546,19.1028,18.2538,18.5046,1299119.0
2022-04-03,19.0546,19.1028,18.2538,18.5046,1299119.0
2022-04-04,18.4757,18.7844,18.4371,18.5239,743170.0
2022-04-05,18.3888,18.5722,17.8968,17.9836,892535.0
2022-04-06,17.8003,17.8486,17.4723,17.6749,1252614.0
2022-04-07,17.7231,17.7907,17.1636,17.5591,1124904.0
2022-04-08,17.4434,17.6122,17.2022,17.2215,1520172.0
2022-04-09,17.4434,17.6122,17.2022,17.2215,1520172.0
2022-04-10,17.4434,17.6122,17.2022,17.2215,1520172.0
2022-04-11,17.1925,17.4241,16.9513,16.961,750444.0
2022-04-12,17.1636,17.5688,17.1636,17.2986,799600.0
2022-04-13,17.3469,17.8052,17.3469,17.7714,846400.0
2022-04-14,17.8389,17.9306,17.4723,17.4916,608211.0
2022-04-15,17.8389,17.9306,17.4723,17.4916,608211.0
2022-04-16,17.8389,17.9306,17.4723,17.4916,608211.0
2022-04-17,17.8389,17.9306,17.4723,17.4916,608211.0
2022-04-18,17.453,17.8486,17.4434,17.6556,506363.0
2022-04-19,17.7231,18.0898,17.6846,17.974,519659.0
2022-04-20,18.1959,18.3792,18.0994,18.1573,587578.0
2022-04-21,18.4274,18.6011,18.0946,18.1766,642638.0
2022-04-22,18.0415,18.1959,17.8003,17.8293,407181.0
2022-04-23,18.0415,18.1959,17.8003,17.8293,407181.0
2022-04-24,18.0415,18.1959,17.8003,17.8293,407181.0
2022-04-25,17.8486,18.0801,17.5205,18.0801,644923.0
2022-04-26,17.8389,17.8679,17.5109,17.5302,675162.0
2022-04-27,17.4819,17.7424,17.3951,17.6074,565316.0
2022-04-28,17.9933,18.5529,17.8196,18.4467,732288.0
2022-04-29,18.2827,18.6349,17.8968,17.974,775617.0
2022-04-30,18.2827,18.6349,17.8968,17.974,775617.0
2022-05-01,18.2827,18.6349,17.8968,17.974,775617.0
2022-05-02,18.0126,18.331,17.81,18.2924,1200353.0
2022-05-03,18.2345,18.9002,18.1187,18.6397,1059016.0
2022-05-04,18.7458,19.2475,18.3406,19.2186,1057904.0
2022-05-05,18.8519,19.0063,18.1766,18.4178,1093700.0
2022-05-06,18.302,18.4274,18.0029,18.3503,983058.0
2022-05-07,18.302,18.4274,18.0029,18.3503,983058.0
2022-05-08,18.302,18.4274,18.0029,18.3503,983058.0
2022-05-09,18.0512,18.4178,17.8679,18.1477,963297.0
2022-05-10,18.495,18.7555,18.2248,18.5722,1225785.0
2022-05-11,18.5239,18.8809,18.2924,18.3117,1280406.0
2022-05-12,18.331,18.4564,17.9547,18.3406,1128547.0
2022-05-13,18.5529,18.9195,18.4274,18.8423,771763.0
2022-05-14,18.5529,18.9195,18.4274,18.8423,771763.0
2022-05-15,18.5529,18.9195,18.4274,18.8423,771763.0
2022-05-16,18.6107,18.9545,18.5432,18.7362,742883.0
2022-05-17,19.1703,19.8939,19.1703,19.7878,886420.0
2022-05-18,19.5659,19.7106,19.0546,19.1317,901363.0
2022-05-19,19.016,19.2186,18.8134,19.016,830959.0
2022-05-20,19.2861,19.315,18.3744,18.8905,995267.0
2022-05-21,19.2861,19.315,18.3744,18.8905,995267.0
2022-05-22,19.2861,19.315,18.3744,18.8905,995267.0
2022-05-23,18.987,19.2186,18.9098,19.0835,1328865.0
2022-05-24,18.9388,19.0835,18.5577,18.8326,969380.0
2022-05-25,18.7362,19.0835,18.6011,18.9774,910840.0
2022-05-26,19.2475,19.5948,19.18,19.3536,1324182.0
2022-05-27,19.6141,19.7299,19.4984,19.6431,1257406.0
2022-05-28,19.6141,19.7299,19.4984,19.6431,1257406.0
2022-05-29,19.6141,19.7299,19.4984,19.6431,1257406.0
2022-05-30,19.6141,19.7299,19.4984,19.6431,1257406.0
2022-05-31,19.6431,19.9132,19.2861,19.7203,3520701.0
2022-06-01,19.8746,19.9615,19.4212,19.6431,1928288.0
2022-06-02,19.5852,20.0193,19.5659,20.0,854385.0
2022-06-03,19.7781,19.8843,19.5997,19.7203,777031.0
2022-06-04,19.7781,19.8843,19.5997,19.7203,777031.0
2022-06-05,19.7781,19.8843,19.5997,19.7203,777031.0
2022-06-06,19.8843,20.1737,19.7588,19.836,1222790.0
2022-06-07,19.6913,20.0,19.619,19.8457,712369.0
2022-06-08,19.7106,19.865,19.3826,19.4501,725023.0
2022-06-09,19.3536,19.4453,19.0883,19.1124,687645.0
2022-06-10,18.7458,18.9098,18.3503,18.6397,1121326.0
2022-06-11,18.7458,18.9098,18.3503,18.6397,1121326.0
2022-06-12,18.7458,18.9098,18.3503,18.6397,1121326.0
2022-06-13,18.2055,18.331,17.8235,17.945,1342061.0
2022-06-14,18.1284,18.1766,17.8582,18.0319,1070170.0
2022-06-15,18.1766,18.4323,17.8872,18.1959,1403327.0
2022-06-16,17.7497,17.8079,16.9059,17.0902,2100407.0
2022-06-17,17.3132,17.3714,16.9156,17.2551,1946855.0
2022-06-18,17.3132,17.3714,16.9156,17.2551,1946855.0
2022-06-19,17.3132,17.3714,16.9156,17.2551,1946855.0
2022-06-20,17.3132,17.3714,16.9156,17.2551,1946855.0
2022-06-21,17.5751,17.643,17.4054,17.4587,1165462.0
2022-06-22,17.226,17.4975,17.1098,17.2648,1244328.0
2022-06-23,17.3036,17.3957,16.8865,17.0029,1877145.0
2022-06-24,17.1193,17.546,17.1193,17.3714,2781535.0
2022-06-25,17.1193,17.546,17.1193,17.3714,2781535.0
2022-06-26,17.1193,17.546,17.1193,17.3714,2781535.0
2022-06-27,17.546,17.9874,17.4781,17.837,1231366.0
2022-06-28,18.031,18.1668,17.6624,17.6721,766911.0
2022-06-29,17.5945,17.74,17.2454,17.4102,1108534.0
2022-06-30,17.1193,17.4636,17.0562,17.2842,1281521.0
2022-07-01,17.1678,17.3423,16.6149,16.8768,1214147.0
2022-07-02,17.1678,17.3423,16.6149,16.8768,1214147.0
2022-07-03,17.1678,17.3423,16.6149,16.8768,1214147.0
2022-07-04,17.1678,17.3423,16.6149,16.8768,1214147.0
2022-07-05,16.4888,16.7798,16.2221,16.7604,1340780.0
2022-07-06,16.7604,16.9059,16.4888,16.7022,957850.0
2022-07-07,16.9059,17.3811,16.9059,17.2648,973337.0
2022-07-08,17.2066,17.7303,17.1969,17.6818,896780.0
2022-07-09,17.2066,17.7303,17.1969,17.6818,896780.0
2022-07-10,17.2066,17.7303,17.1969,17.6818,896780.0
2022-07-11,17.6236,17.9486,17.5557,17.8564,1264347.0
2022-07-12,17.8467,18.1668,17.837,17.9146,1215114.0
2022-07-13,17.6818,18.2104,17.6527,18.1571,1122958.0
2022-07-14,17.934,18.1474,17.7303,18.1377,876131.0
2022-07-15,18.4093,18.7293,18.2056,18.7196,1219043.0
2022-07-16,18.4093,18.7293,18.2056,18.7196,1219043.0
2022-07-17,18.4093,18.7293,18.2056,18.7196,1219043.0
2022-07-18,18.8263,18.8263,17.9922,18.225,1286680.0
2022-07-19,18.3414,19.0979,18.3414,18.9233,830154.0
2022-07-20,18.8845,19.1464,18.6906,19.0688,991785.0
2022-07-21,19.0591,19.2434,18.8614,19.2337,1087111.0
2022-07-22,19.3113,19.3113,18.6906,18.7487,1274766.0
2022-07-23,19.3113,19.3113,18.6906,18.7487,1274766.0
2022-07-24,19.3113,19.3113,18.6906,18.7487,1274766.0
2022-07-25,18.7875,18.8845,18.5499,18.7196,1079967.0
2022-07-26,18.6227,18.8506,18.5936,18.7487,834376.0
2022-07-27,19.0106,19.5489,18.8845,19.4277,638040.0
2022-07-28,19.5441,19.7672,19.321,19.7187,585992.0
2022-07-29,19.6314,20.1212,19.5829,20.0388,827325.0
2022-07-30,19.6314,20.1212,19.5829,20.0388,827325.0
2022-07-31,19.6314,20.1212,19.5829,20.0388,827325.0
2022-08-01,19.8448,20.1648,19.7575,19.9612,880904.0
2022-08-02,20.0291,20.2618,19.4471,20.126,950153.0
2022-08-03,20.2909,20.3443,19.9321,20.2715,1128898.0
2022-08-04,20.4073,20.5237,20.1745,20.4461,799835.0
2022-08-05,20.2036,20.2715,19.9224,20.0775,527585.0
2022-08-06,20.2036,20.2715,19.9224,20.0775,527585.0
2022-08-07,20.2036,20.2715,19.9224,20.0775,527585.0
2022-08-08,20.0969,20.1454,19.675,19.903,743907.0
2022-08-09,19.6217,19.709,19.0252,19.127,847551.0
2022-08-10,19.515,20.0921,19.3251,19.9806,875317.0
2022-08-11,20.2036,20.417,19.9418,20.0291,549576.0
2022-08-12,20.1648,20.5916,20.0969,20.5431,608934.0
2022-08-13,20.1648,20.5916,20.0969,20.5431,608934.0
2022-08-14,20.1648,20.5916,20.0969,20.5431,608934.0
2022-08-15,20.3297,20.5674,20.3006,20.5043,621462.0
2022-08-16,20.3685,20.5916,20.2812,20.4364,461078.0
2022-08-17,20.4752,20.5819,20.0194,20.2715,799346.0
2022-08-18,20.2909,20.9311,20.2715,20.8632,714924.0
2022-08-19,20.6595,20.7662,20.514,20.6789,740780.0
2022-08-20,20.6595,20.7662,20.514,20.6789,740780.0
2022-08-21,20.6595,20.7662,20.514,20.6789,740780.0
2022-08-22,20.3782,20.4219,20.0388,20.1066,501957.0
2022-08-23,20.1066,20.3782,20.0097,20.0291,552914.0
2022-08-24,19.9903,20.2036,19.9321,20.0388,542561.0
2022-08-25,20.0291,20.5625,20.0291,20.3976,929424.0
2022-08-26,20.3976,20.4364,19.5732,19.5926,700796.0
2022-08-27,20.3976,20.4364,19.5732,19.5926,700796.0
2022-08-28,20.3976,20.4364,19.5732,19.5926,700796.0
2022-08-29,19.3501,19.6799,19.3307,19.4665,698133.0
2022-08-30,19.6217,19.6217,19.1076,19.224,631787.0
2022-08-31,19.1852,19.3792,18.9912,19.0785,1473979.0
2022-09-01,18.9136,18.9912,18.6033,18.7778,811125.0
2022-09-02,18.9912,19.1949,18.4772,18.613,896948.0
2022-09-03,18.9912,19.1949,18.4772,18.613,896948.0
2022-09-04,18.9912,19.1949,18.4772,18.613,896948.0
2022-09-05,18.9912,19.1949,18.4772,18.613,896948.0
2022-09-06,18.6615,18.6857,18.1474,18.225,1999304.0
2022-09-07,18.1474,18.5742,18.1474,18.4481,958910.0
2022-09-08,18.3116,18.7845,18.2043,18.7601,1004460.0
2022-09-09,18.8576,19.1794,18.8576,19.0331,812820.0
2022-09-10,18.8576,19.1794,18.8576,19.0331,812820.0
2022-09-11,18.8576,19.1794,18.8576,19.0331,812820.0
2022-09-12,19.2379,19.3939,19.1209,19.2281,982717.0
2022-09-13,18.7893,18.9746,18.492,18.5651,930570.0
2022-09-14,18.6723,18.6723,18.3213,18.5651,864712.0
2022-09-15,18.4676,18.6431,18.1994,18.2531,873212.0
2022-09-16,18.0873,18.3164,17.941,18.2921,1684848.0
2022-09-17,18.0873,18.3164,17.941,18.2921,1684848.0
2022-09-18,18.0873,18.3164,17.941,18.2921,1684848.0
2022-09-19,18.0873,18.5651,17.9605,18.4773,614326.0
2022-09-20,18.3018,18.4178,18.0288,18.2336,717505.0
2022-09-21,18.2921,18.7113,18.1848,18.1946,859198.0
2022-09-22,18.2433,18.3116,17.9215,17.9508,1004659.0
2022-09-23,17.6973,17.7948,17.356,17.7265,875780.0
2022-09-24,17.6973,17.7948,17.356,17.7265,875780.0
2022-09-25,17.6973,17.7948,17.356,17.7265,875780.0
2022-09-26,17.6875,18.0483,17.6095,17.629,765767.0
2022-09-27,17.863,18.0288,17.317,17.59,708944.0
2022-09-28,17.5315,18.1653,17.5315,18.0386,941126.0
2022-09-29,17.7363,17.7753,17.356,17.6388,709880.0
2022-09-30,17.5413,17.9654,17.3268,17.3463,1079607.0
2022-10-01,17.5413,17.9654,17.3268,17.3463,1079607.0
2022-10-02,17.5413,17.9654,17.3268,17.3463,1079607.0
2022-10-03,17.5608,18.2092,17.4243,18.0093,890609.0
2022-10-04,18.3701,18.7991,18.3701,18.7991,979608.0
2022-10-05,18.5261,18.999,18.4822,18.9649,745411.0
2022-10-06,18.9356,19.1891,18.9161,19.0331,912869.0
2022-10-07,18.7113,18.7698,18.3798,18.4091,900633.0
2022-10-08,18.7113,18.7698,18.3798,18.4091,900633.0
2022-10-09,18.7113,18.7698,18.3798,18.4091,900633.0
2022-10-10,18.4286,18.5358,17.785,17.9605,924121.0
2022-10-11,17.785,18.0727,17.4876,17.6875,1625409.0
2022-10-12,17.7655,17.8825,17.4925,17.6388,1271382.0
2022-10-13,17.3268,18.4383,17.1903,18.3701,1112691.0
2022-10-14,18.4481,18.4968,17.9118,17.9313,694713.0
2022-10-15,18.4481,18.4968,17.9118,17.9313,694713.0
2022-10-16,18.4481,18.4968,17.9118,17.9313,694713.0
2022-10-17,18.3116,18.5261,18.2043,18.4188,877029.0
2022-10-18,19.5401,19.5401,18.3896,18.9649,1932101.0
2022-10-19,18.8966,19.1891,18.6918,18.9941,1409450.0
2022-10-20,19.0916,19.6084,18.8332,18.9746,1485775.0
2022-10-21,19.1014,19.9107,19.0721,19.8619,1731944.0
2022-10-22,19.1014,19.9107,19.0721,19.8619,1731944.0
2022-10-23,19.1014,19.9107,19.0721,19.8619,1731944.0
2022-10-24,19.9107,20.0764,19.6718,19.9204,979983.0
2022-10-25,19.8424,20.4177,19.8327,20.1934,1386685.0
2022-10-26,19.9887,20.4274,19.9302,20.0959,1450715.0
2022-10-27,20.1447,20.2519,19.8328,19.9302,985251.0
2022-10-28,20.0667,20.5639,20.0667,20.5639,1307091.0
2022-10-29,20.0667,20.5639,20.0667,20.5639,1307091.0
2022-10-30,20.0667,20.5639,20.0667,20.5639,1307091.0
2022-10-31,20.4957,20.5103,20.1447,20.3884,1334220.0
2022-11-01,20.5737,20.8857,20.3202,20.876,1234243.0
2022-11-02,19.3159,20.8028,19.1404,19.5304,1734360.0
2022-11-03,19.2574,19.7498,19.0331,19.5889,978349.0
2022-11-04,20.0277,20.5347,20.0179,20.5347,1249787.0
2022-11-05,20.0277,20.5347,20.0179,20.5347,1249787.0
2022-11-06,20.0277,20.5347,20.0179,20.5347,1249787.0
2022-11-07,20.7297,20.9442,20.4957,20.8955,970507.0
2022-11-08,21.1002,21.2952,20.8467,21.1002,905418.0
2022-11-09,20.954,21.2757,20.6225,20.6712,1015285.0
2022-11-10,21.4122,21.5195,21.1295,21.5098,1248991.0
2022-11-11,21.6658,21.8998,21.5975,21.6365,898782.0
2022-11-12,21.6658,21.8998,21.5975,21.6365,898782.0
2022-11-13,21.6658,21.8998,21.5975,21.6365,898782.0
2022-11-14,21.4708,21.7389,21.3342,21.344,602488.0
2022-11-15,21.7925,22.1387,21.656,21.9973,797411.0
2022-11-16,21.7828,21.9388,21.6658,21.7438,1164628.0
2022-11-17,21.422,22.0412,21.383,22.0363,788004.0
2022-11-18,22.3873,22.3873,21.9973,22.2605,868719.0
2022-11-19,22.3873,22.3873,21.9973,22.2605,868719.0
2022-11-20,22.3873,22.3873,21.9973,22.2605,868719.0
2022-11-21,22.1825,22.3386,21.8803,21.968,964321.0
2022-11-22,22.124,22.2703,22.0168,22.1045,1142680.0
2022-11-23,22.0753,22.4068,21.8998,22.0753,660541.0
2022-11-24,22.0753,22.4068,21.8998,22.0753,660541.0
2022-11-25,21.8608,22.1045,21.8413,21.89,317540.0
2022-11-26,21.8608,22.1045,21.8413,21.89,317540.0
2022-11-27,21.8608,22.1045,21.8413,21.89,317540.0
2022-11-28,21.7145,21.8608,21.305,21.4415,712038.0
2022-11-29,21.608,21.7353,21.4513,21.5982,757164.0
2022-11-30,21.6472,22.5679,21.4317,22.5679,1193096.0
2022-12-01,22.6267,22.7834,22.4798,22.6169,986186.0
2022-12-02,22.323,22.6953,22.2349,22.5679,769135.0
2022-12-03,22.323,22.6953,22.2349,22.5679,769135.0
2022-12-04,22.323,22.6953,22.2349,22.5679,769135.0
2022-12-05,22.3916,22.5092,21.6962,21.8921,960676.0
2022-12-06,21.9312,21.9998,21.4317,21.5296,627696.0
2022-12-07,21.4219,21.6766,21.3142,21.5982,537430.0
2022-12-08,21.6864,22.0341,21.5933,21.8039,684086.0
2022-12-09,21.706,21.8822,21.5982,21.6472,598330.0
2022-12-10,21.706,21.8822,21.5982,21.6472,598330.0
2022-12-11,21.706,21.8822,21.5982,21.6472,598330.0
2022-12-12,21.6962,22.0635,21.4905,21.9998,665763.0
2022-12-13,22.5189,22.9108,22.0978,22.2447,1378934.0
2022-12-14,22.2055,22.372,21.6962,21.8529,832745.0
2022-12-15,21.5394,21.5786,21.1182,21.1476,1205380.0
2022-12-16,20.9028,21.177,20.8048,21.1574,2035187.0
2022-12-17,20.9028,21.177,20.8048,21.1574,2035187.0
2022-12-18,20.9028,21.177,20.8048,21.1574,2035187.0
2022-12-19,21.1378,21.3044,20.6677,20.8146,752831.0
2022-12-20,20.8146,21.0399,20.6971,20.8538,714250.0
2022-12-21,21.0399,21.226,20.9321,21.1672,950528.0
2022-12-22,20.9028,20.9028,20.4277,20.8146,656586.0
2022-12-23,20.7264,20.9419,20.604,20.9321,455732.0
2022-12-24,20.7264,20.9419,20.604,20.9321,455732.0
2022-12-25,20.7264,20.9419,20.604,20.9321,455732.0
2022-12-26,20.7264,20.9419,20.604,20.9321,455732.0
2022-12-27,20.9223,21.1427,20.8244,20.9419,580113.0
2022-12-28,20.9615,21.0203,20.5697,20.5795,559380.0
2022-12-29,20.7754,21.2407,20.5795,21.226,645626.0
2022-12-30,21.0693,21.1623,20.9223,21.128,675140.0
2022-12-31,21.0693,21.1623,20.9223,21.128,675140.0
2023-01-01,21.0693,21.1623,20.9223,21.128,675140.0
2023-01-02,21.0693,21.1623,20.9223,21.128,675140.0
2023-01-03,21.3435,21.3925,20.9077,21.0399,930260.0
2023-01-04,21.2554,21.4905,21.1476,21.2162,990641.0
2023-01-05,21.1476,21.3778,20.9468,21.0399,658461.0
2023-01-06,21.4121,21.8529,21.2554,21.7647,638053.0
2023-01-07,21.4121,21.8529,21.2554,21.7647,638053.0
2023-01-08,21.4121,21.8529,21.2554,21.7647,638053.0
2023-01-09,21.9508,22.2055,21.8186,21.8627,776716.0
2023-01-10,21.8627,22.2055,21.8137,22.1467,584658.0
2023-01-11,22.1761,22.2349,21.941,21.9998,667924.0
2023-01-12,22.0096,22.2839,21.9704,22.1957,667765.0
2023-01-13,22.039,22.5092,21.9606,22.4896,602774.0
2023-01-14,22.039,22.5092,21.9606,22.4896,602774.0
2023-01-15,22.039,22.5092,21.9606,22.4896,602774.0
2023-01-16,22.039,22.5092,21.9606,22.4896,602774.0
2023-01-17,22.4896,22.6169,22.2643,22.3916,697829.0
2023-01-18,22.4504,22.4994,21.8333,21.8725,769666.0
2023-01-19,21.7451,21.7843,21.1966,21.4709,717780.0
2023-01-20,21.6472,21.7255,21.3435,21.7255,627693.0
2023-01-21,21.6472,21.7255,21.3435,21.7255,627693.0
2023-01-22,21.6472,21.7255,21.3435,21.7255,627693.0
2023-01-23,21.8039,22.2643,21.8039,22.1271,471694.0
2023-01-24,22.1565,22.4994,21.9019,22.4504,654075.0
2023-01-25,22.1174,22.4896,22.0194,22.47,823802.0
2023-01-26,22.4994,22.6296,22.181,22.5679,516214.0
2023-01-27,22.372,22.5875,22.2643,22.323,410511.0
2023-01-28,22.372,22.5875,22.2643,22.323,410511.0
2023-01-29,22.372,22.5875,22.2643,22.323,410511.0
2023-01-30,22.0684,22.3191,22.0096,22.088,461660.0
2023-01-31,22.088,22.4406,22.0194,22.421,1155343.0
2023-02-01,22.4504,23.2046,22.3328,22.9891,823322.0
2023-02-02,23.1262,23.8896,23.0479,23.7825,1576712.0
2023-02-03,23.4887,23.9735,23.4887,23.7237,1458024.0
2023-02-04,23.4887,23.9735,23.4887,23.7237,1458024.0
2023-02-05,23.4887,23.9735,23.4887,23.7237,1458024.0
2023-02-06,23.4005,23.5278,23.2634,23.4201,822108.0
2023-02-07,23.3026,23.6699,23.136,23.5278,1034569.0
2023-02-08,22.6953,22.7638,20.2661,20.6579,2954124.0
2023-02-09,20.8146,21.0595,20.3934,20.413,2104862.0
2023-02-10,20.2563,20.413,20.0898,20.3444,1138804.0
2023-02-11,20.2563,20.413,20.0898,20.3444,1138804.0
2023-02-12,20.2563,20.413,20.0898,20.3444,1138804.0
2023-02-13,20.3053,20.5893,20.2563,20.5501,965338.0
2023-02-14,20.3738,20.6579,20.1583,20.5795,1117252.0
2023-02-15,20.3934,21.1574,20.3934,21.1476,1151349.0
2023-02-16,20.9223,21.2652,20.8342,21.1378,1305448.0
2023-02-17,21.1182,21.226,20.8244,20.9517,1054002.0
2023-02-18,21.1182,21.226,20.8244,20.9517,1054002.0
2023-02-19,21.1182,21.226,20.8244,20.9517,1054002.0
2023-02-20,21.1182,21.226,20.8244,20.9517,1054002.0
2023-02-21,20.6481,20.8146,20.5012,20.5207,1445957.0
2023-02-22,20.4424,20.795,20.4277,20.6971,1158729.0
2023-02-23,20.9811,21.1378,20.5648,20.8146,806093.0
2023-02-24,20.5305,20.7411,20.4326,20.6971,575390.0
2023-02-25,20.5305,20.7411,20.4326,20.6971,575390.0
2023-02-26,20.5305,20.7411,20.4326,20.6971,575390.0
2023-02-27,20.9517,21.0889,20.7509,20.8342,586854.0
2023-02-28,20.7852,20.9517,20.7166,20.795,1089762.0
2023-03-01,20.8244,21.1525,20.795,21.0007,595931.0
2023-03-02,20.8342,21.2554,20.7362,21.1966,523493.0
2023-03-03,21.3044,21.3093,21.0938,21.275,697377.0
2023-03-04,21.3044,21.3093,21.0938,21.275,697377.0
2023-03-05,21.3044,21.3093,21.0938,21.275,697377.0
2023-03-06,21.4023,21.4023,20.937,21.0595,789984.0
2023-03-07,21.0595,21.1085,20.7754,20.8538,587147.0
2023-03-08,21.0203,21.319,20.9811,21.3142,625772.0
2023-03-09,21.2652,21.5639,21.1182,21.177,829175.0
2023-03-10,21.2554,21.3239,20.7362,20.9713,737836.0
2023-03-11,21.2554,21.3239,20.7362,20.9713,737836.0
2023-03-12,21.2554,21.3239,20.7362,20.9713,737836.0
2023-03-13,20.6383,21.1182,20.6383,20.8048,1167182.0
2023-03-14,21.2554,21.7794,21.0889,21.5296,892263.0
2023-03-15,21.0399,21.0399,20.4816,20.8244,1711874.0
2023-03-16,20.5882,21.4444,20.4898,21.2771,1149838.0
2023-03-17,21.2771,21.2771,20.539,20.6669,3125047.0
2023-03-18,21.2771,21.2771,20.539,20.6669,3125047.0
2023-03-19,21.2771,21.2771,20.539,20.6669,3125047.0
2023-03-20,20.8441,21.3755,20.6473,21.1689,814842.0
2023-03-21,21.4641,21.6412,21.0311,21.2181,856691.0
2023-03-22,21.1885,21.6117,21.0508,21.0508,921599.0
2023-03-23,21.2771,21.6658,21.0065,21.2476,628853.0
2023-03-24,21.0704,21.4641,20.9819,21.3263,1519806.0
2023-03-25,21.0704,21.4641,20.9819,21.3263,1519806.0
2023-03-26,21.0704,21.4641,20.9819,21.3263,1519806.0
2023-03-27,21.4444,21.8577,21.4001,21.5723,1077504.0
2023-03-28,21.405,21.5428,21.0163,21.4543,1011458.0
2023-03-29,21.6412,21.7889,21.4838,21.6806,609297.0
2023-03-30,21.8774,22.0497,21.8085,21.9168,609599.0
2023-03-31,21.8774,22.2809,21.8577,22.2612,705834.0
2023-04-01,21.8774,22.2809,21.8577,22.2612,705834.0
2023-04-02,21.8774,22.2809,21.8577,22.2612,705834.0
2023-04-03,22.1924,22.3301,21.8085,21.9758,759487.0
2023-04-04,21.9857,22.0743,21.1836,21.3165,810717.0
2023-04-05,21.1393,21.2476,21.0803,21.1787,619881.0
2023-04-06,21.1098,21.1787,21.0015,21.0409,705124.0
2023-04-07,21.1098,21.1787,21.0015,21.0409,705124.0
2023-04-08,21.1098,21.1787,21.0015,21.0409,705124.0
2023-04-09,21.1098,21.1787,21.0015,21.0409,705124.0
2023-04-10,21.0704,21.4641,21.0606,21.4444,790952.0
2023-04-11,21.592,21.7003,21.2673,21.2968,895621.0
2023-04-12,21.4838,21.4838,21.1492,21.1885,502753.0
2023-04-13,21.2279,21.5723,21.0704,21.4936,867500.0
2023-04-14,21.3755,21.5527,21.1196,21.2968,552138.0
2023-04-15,21.3755,21.5527,21.1196,21.2968,552138.0
2023-04-16,21.3755,21.5527,21.1196,21.2968,552138.0
2023-04-17,21.159,21.405,21.1,21.3755,695737.0
2023-04-18,21.4739,21.5625,21.0212,21.1885,596938.0
2023-04-19,20.9917,21.0212,20.8244,20.9327,683707.0
2023-04-20,20.7063,21.0163,20.5488,20.9031,812744.0
2023-04-21,20.8638,20.9327,20.6473,20.913,597855.0
2023-04-22,20.8638,20.9327,20.6473,20.913,597855.0
2023-04-23,20.8638,20.9327,20.6473,20.913,597855.0
2023-04-24,20.8244,20.9917,20.6571,20.6669,1447321.0
2023-04-25,20.5784,20.6054,20.3028,20.539,1545401.0
2023-04-26,20.3914,20.6128,20.3127,20.539,1039000.0
2023-04-27,20.4898,20.8933,20.2438,20.8835,861880.0
2023-04-28,20.8539,21.036,20.8342,20.9523,692435.0
2023-04-29,20.8539,21.036,20.8342,20.9523,692435.0
2023-04-30,20.8539,21.036,20.8342,20.9523,692435.0
2023-05-01,20.9917,21.2673,20.9425,20.972,646289.0
2023-05-02,20.9031,21.1935,20.5734,20.8146,851549.0
2023-05-03,20.8933,21.2968,20.7161,20.9031,973805.0
2023-05-04,20.7457,20.8146,20.4898,20.6965,909645.0
2023-05-05,20.8244,21.3214,20.8244,21.1984,1369936.0
2023-05-06,20.8244,21.3214,20.8244,21.1984,1369936.0
2023-05-07,20.8244,21.3214,20.8244,21.1984,1369936.0
2023-05-08,21.2771,21.5035,21.0655,21.159,983978.0
2023-05-09,20.972,21.0409,20.7161,20.8146,1203326.0
2023-05-10,22.6352,24.446,22.2809,24.3083,3790156.0
2023-05-11,24.1803,24.4657,23.6833,24.0032,2387069.0
2023-05-12,24.1508,24.1508,23.5209,23.7178,2132315.0
2023-05-13,24.1508,24.1508,23.5209,23.7178,2132315.0
2023-05-14,24.1508,24.1508,23.5209,23.7178,2132315.0
2023-05-15,23.9146,24.0917,23.5406,23.9146,1151603.0
2023-05-16,23.767,24.264,23.6784,23.9835,797941.0
2023-05-17,24.2098,24.574,23.954,24.5641,1107972.0
2023-05-18,24.6035,25.0168,24.4657,24.9873,932899.0
2023-05-19,25.2038,25.2727,24.6872,24.9775,978070.0
2023-05-20,25.2038,25.2727,24.6872,24.9775,978070.0
2023-05-21,25.2038,25.2727,24.6872,24.9775,978070.0
2023-05-22,24.9283,25.1841,24.8397,25.0759,794650.0
2023-05-23,24.9086,25.3022,24.9086,25.0759,793045.0
2023-05-24,24.7019,24.9484,24.3329,24.7511,724493.0
2023-05-25,24.9381,25.6811,24.8003,25.5581,1018614.0
2023-05-26,25.7254,26.3159,25.6565,26.0896,973237.0
2023-05-27,25.7254,26.3159,25.6565,26.0896,973237.0
2023-05-28,25.7254,26.3159,25.6565,26.0896,973237.0
2023-05-29,25.7254,26.3159,25.6565,26.0896,973237.0
2023-05-30,26.2372,26.2864,25.5089,25.7648,811233.0
2023-05-31,25.4695,25.7057,25.2137,25.3711,1672457.0
2023-06-01,25.4991,25.5768,24.9775,25.5483,715640.0
2023-06-02,25.7057,26.1683,25.4794,26.1388,724899.0
2023-06-03,25.7057,26.1683,25.4794,26.1388,724899.0
2023-06-04,25.7057,26.1683,25.4794,26.1388,724899.0
2023-06-05,25.6762,25.7451,25.3761,25.4597,677989.0
2023-06-06,25.3219,26.1683,25.253,26.0403,959818.0
2023-06-07,26.1289,26.9753,26.1289,26.7883,1000657.0
2023-06-08,26.6899,27.0436,26.6407,26.9851,631276.0
2023-06-09,27.1524,27.3591,26.8178,26.867,799274.0
2023-06-10,27.1524,27.3591,26.8178,26.867,799274.0
2023-06-11,27.1524,27.3591,26.8178,26.867,799274.0
2023-06-12,26.9261,27.3935,26.8867,27.1426,893535.0
2023-06-13,27.3099,27.5264,27.2409,27.4083,1403007.0
2023-06-14,27.2705,27.5264,27.1327,27.3788,1425119.0
2023-06-15,27.1615,27.4331,26.8454,27.3689,1498376.0
2023-06-16,27.6356,27.6356,27.122,27.438,2221084.0
2023-06-17,27.6356,27.6356,27.122,27.438,2221084.0
2023-06-18,27.6356,27.6356,27.122,27.438,2221084.0
2023-06-19,27.6356,27.6356,27.122,27.438,2221084.0
2023-06-20,27.359,27.7491,27.1713,27.6751,1055979.0
2023-06-21,27.4973,27.6603,27.3689,27.5565,684318.0
2023-06-22,27.4973,27.68,27.3195,27.6059,946128.0
2023-06-23,27.2899,27.5072,27.0726,27.438,2235608.0
2023-06-24,27.2899,27.5072,27.0726,27.438,2235608.0
2023-06-25,27.2899,27.5072,27.0726,27.438,2235608.0
2023-06-26,27.5763,28.085,27.517,27.7146,1519968.0
2023-06-27,27.7738,28.2084,27.4677,28.1492,1085747.0
2023-06-28,27.8924,28.2035,27.8627,28.1294,623952.0
2023-06-29,28.2973,28.7319,28.1887,28.6825,540025.0
2023-06-30,28.9492,29.2949,28.7516,29.0381,841704.0
2023-07-01,28.9492,29.2949,28.7516,29.0381,841704.0
2023-07-02,28.9492,29.2949,28.7516,29.0381,841704.0
2023-07-03,28.9986,29.3146,28.9393,29.2455,391243.0
2023-07-04,28.9986,29.3146,28.9393,29.2455,391243.0
2023-07-05,28.88,29.128,28.7418,28.801,871928.0
2023-07-06,28.3665,28.5936,28.0541,28.3171,1264540.0
2023-07-07,28.406,28.5344,28.1393,28.159,1449290.0
2023-07-08,28.406,28.5344,28.1393,28.159,1449290.0
2023-07-09,28.406,28.5344,28.1393,28.159,1449290.0
2023-07-10,28.08,28.406,28.0208,28.3467,1080998.0
2023-07-11,28.4455,28.643,28.1195,28.4652,700882.0
2023-07-12,28.7615,28.8949,28.5344,28.8307,958052.0
2023-07-13,29.0677,29.527,28.9689,29.443,1020435.0
2023-07-14,29.3541,29.5319,28.9393,29.0084,874342.0
2023-07-15,29.3541,29.5319,28.9393,29.0084,874342.0
2023-07-16,29.3541,29.5319,28.9393,29.0084,874342.0
2023-07-17,28.9492,29.3245,28.7516,29.127,837252.0
2023-07-18,29.127,29.6406,29.048,29.6208,578352.0
2023-07-19,29.6801,29.7259,28.9739,29.048,830154.0
2023-07-20,28.9788,29.0381,28.0948,28.2084,729383.0
2023-07-21,28.3862,28.5146,28.0504,28.0504,673195.0
2023-07-22,28.3862,28.5146,28.0504,28.0504,673195.0
2023-07-23,28.3862,28.5146,28.0504,28.0504,673195.0
2023-07-24,28.0998,28.3368,27.7047,27.8331,529537.0
2023-07-25,27.9516,28.2084,27.8644,28.001,495132.0
2023-07-26,27.6948,27.9121,27.3985,27.4578,1122666.0
2023-07-27,27.8331,28.0109,27.4874,27.7146,733992.0
2023-07-28,28.001,28.001,27.5319,27.6553,701054.0
2023-07-29,28.001,28.001,27.5319,27.6553,701054.0
2023-07-30,28.001,28.001,27.5319,27.6553,701054.0
2023-07-31,27.6553,27.9286,27.5664,27.8035,1212981.0
2023-08-01,27.6849,28.0603,27.6059,27.8529,732668.0
2023-08-02,27.5072,27.5945,27.1368,27.1812,777713.0
2023-08-03,26.9541,27.2405,26.6182,27.1812,1098235.0
2023-08-04,26.9541,27.2948,26.6676,26.7565,1153527.0
2023-08-05,26.9541,27.2948,26.6676,26.7565,1153527.0
2023-08-06,26.9541,27.2948,26.6676,26.7565,1153527.0
2023-08-07,26.9244,27.0232,26.6281,26.7861,1338616.0
2023-08-08,26.6281,26.6281,26.2479,26.4405,1039620.0
2023-08-09,26.7763,27.0627,25.5812,26.6676,1685564.0
2023-08-10,26.559,26.6216,25.8972,26.1441,1177820.0
2023-08-11,25.9861,26.3022,25.9318,26.2725,903313.0
2023-08-12,25.9861,26.3022,25.9318,26.2725,903313.0
2023-08-13,25.9861,26.3022,25.9318,26.2725,903313.0
2023-08-14,26.1738,26.5491,26.1639,26.4997,908710.0
2023-08-15,26.3417,26.7713,26.2923,26.6676,1295150.0
2023-08-16,26.6775,26.8158,26.1293,26.1441,1773218.0
2023-08-17,26.1441,26.3417,25.7688,25.7787,680772.0
2023-08-18,25.512,26.2034,25.4626,26.0849,668345.0
2023-08-19,25.512,26.2034,25.4626,26.0849,668345.0
2023-08-20,25.512,26.2034,25.4626,26.0849,668345.0
2023-08-21,26.1145,26.2972,26.0059,26.2627,605132.0
2023-08-22,26.4306,26.5392,26.2824,26.3614,853745.0
2023-08-23,26.3911,27.0034,26.2528,26.9541,522414.0
2023-08-24,27.0923,27.1417,26.4898,26.4997,455812.0
2023-08-25,26.5985,26.6874,26.1837,26.5195,406649.0
2023-08-26,26.5985,26.6874,26.1837,26.5195,406649.0
2023-08-27,26.5985,26.6874,26.1837,26.5195,406649.0
2023-08-28,26.6874,26.9639,26.6676,26.8948,511933.0
2023-08-29,26.8454,27.4677,26.8059,27.201,724224.0
2023-08-30,27.0627,27.2602,26.8553,26.8849,948092.0
2023-08-31,26.8849,27.2701,26.8849,27.1022,934354.0
2023-09-01,27.3491,27.438,27.0825,27.2504,515329.0
2023-09-02,27.3491,27.438,27.0825,27.2504,515329.0
2023-09-03,27.3491,27.438,27.0825,27.2504,515329.0
2023-09-04,27.3491,27.438,27.0825,27.2504,515329.0
2023-09-05,26.8355,26.9738,26.1738,26.2034,1069660.0
2023-09-06,26.2034,26.4997,25.838,26.0355,537497.0
2023-09-07,24.9053,25.282,24.5384,24.9152,3546939.0
2023-09-08,24.9846,25.2224,24.3104,24.36,10128467.0
2023-09-09,24.9846,25.2224,24.3104,24.36,10128467.0
2023-09-10,24.9846,25.2224,24.3104,24.36,10128467.0
2023-09-11,24.6277,24.8755,24.3649,24.8259,1904445.0
2023-09-12,24.6673,24.8755,24.4591,24.7466,2792116.0
2023-09-13,24.6376,24.9251,24.4591,24.7169,1213072.0
2023-09-14,24.7863,25.0044,24.6177,24.8953,724591.0
2023-09-15,24.7268,24.8854,24.6326,24.7863,2539245.0
2023-09-16,24.7268,24.8854,24.6326,24.7863,2539245.0
2023-09-17,24.7268,24.8854,24.6326,24.7863,2539245.0
2023-09-18,24.8656,25.0738,24.7466,24.7565,1074253.0
2023-09-19,24.7268,25.0738,24.707,24.935,1103223.0
2023-09-20,25.0837,25.1035,24.3203,24.3203,871388.0
2023-09-21,24.1716,24.3798,24.013,24.1914,865371.0
2023-09-22,24.3203,24.5781,24.241,24.2509,670545.0
2023-09-23,24.3203,24.5781,24.241,24.2509,670545.0
2023-09-24,24.3203,24.5781,24.241,24.2509,670545.0
2023-09-25,24.1121,24.5473,24.1121,24.3203,1479663.0
2023-09-26,24.1022,24.241,23.9386,23.9832,1624321.0
2023-09-27,24.2013,24.3104,23.8246,23.9832,595197.0
2023-09-28,24.0724,24.593,24.0229,24.4095,756365.0
2023-09-29,24.5781,24.7268,24.4095,24.5087,1283546.0
2023-09-30,24.5781,24.7268,24.4095,24.5087,1283546.0
2023-10-01,24.5781,24.7268,24.4095,24.5087,1283546.0
2023-10-02,24.5087,25.0044,24.4888,24.707,3129536.0
2023-10-03,24.469,24.6376,23.8047,23.8147,3599396.0
2023-10-04,23.9138,24.2757,23.6957,24.2112,3090217.0
2023-10-05,24.1319,24.2797,23.6659,23.9634,2757466.0
2023-10-06,23.9931,24.2261,23.7651,24.003,3076148.0
2023-10-07,23.9931,24.2261,23.7651,24.003,3076148.0
2023-10-08,23.9931,24.2261,23.7651,24.003,3076148.0
2023-10-09,23.7849,23.9634,23.5024,23.9039,2544759.0
2023-10-10,24.013,24.4145,23.9336,24.241,950401.0
2023-10-11,24.241,24.4541,24.0923,24.3699,1248795.0
2023-10-12,24.3897,24.3897,23.8692,23.9535,609781.0
2023-10-13,23.9336,23.9584,23.3586,23.4677,1091051.0
2023-10-14,23.9336,23.9584,23.3586,23.4677,1091051.0
2023-10-15,23.9336,23.9584,23.3586,23.4677,1091051.0
2023-10-16,23.7155,23.8494,23.5371,23.6362,1091412.0
2023-10-17,23.3883,23.8841,23.3883,23.6957,828598.0
2023-10-18,23.4478,23.6164,23.2991,23.3784,738855.0
2023-10-19,23.3487,23.4974,22.9521,23.0512,792086.0
2023-10-20,23.1306,23.2099,22.7538,22.8034,942191.0
2023-10-21,23.1306,23.2099,22.7538,22.8034,942191.0
2023-10-22,23.1306,23.2099,22.7538,22.8034,942191.0
2023-10-23,22.6943,22.9372,22.5456,22.6051,1261110.0
2023-10-24,22.6547,22.7935,22.5109,22.6646,854464.0
2023-10-25,22.4365,22.6249,22.2581,22.2878,867413.0
2023-10-26,22.4465,22.8579,22.3474,22.4861,1125127.0
2023-10-27,22.615,22.615,22.3077,22.4068,650976.0
2023-10-28,22.615,22.615,22.3077,22.4068,650976.0
2023-10-29,22.615,22.615,22.3077,22.4068,650976.0
2023-10-30,22.5952,22.61,21.9111,22.04,611159.0
2023-10-31,22.149,22.149,21.8466,22.0499,776493.0
2023-11-01,21.9805,22.2482,21.6335,22.2283,1334591.0
2023-11-02,22.7142,22.8827,22.3622,22.8728,1546012.0
2023-11-03,23.2594,23.5866,23.1107,23.4181,2238587.0
2023-11-04,23.2594,23.5866,23.1107,23.4181,2238587.0
2023-11-05,23.2594,23.5866,23.1107,23.4181,2238587.0
2023-11-06,22.9521,23.0909,22.8133,22.8331,991912.0
2023-11-07,22.8034,22.9009,22.6348,22.7736,945113.0
2023-11-08,22.1788,22.9521,21.8665,22.1292,1567251.0
2023-11-09,22.1391,22.3275,21.0931,21.1278,1534624.0
2023-11-10,21.3459,21.7128,20.9692,21.683,1226914.0
2023-11-11,21.3459,21.7128,20.9692,21.683,1226914.0
2023-11-12,21.3459,21.7128,20.9692,21.683,1226914.0
2023-11-13,21.3658,21.5243,21.0882,21.227,1196870.0
2023-11-14,21.921,22.2878,21.8962,22.2283,2339993.0
2023-11-15,22.2383,22.9323,22.1887,22.5159,1182066.0
2023-11-16,22.3473,22.4465,21.9656,22.1391,788434.0
2023-11-17,22.2977,22.3077,22.1193,22.2977,1205290.0
2023-11-18,22.2977,22.3077,22.1193,22.2977,1205290.0
2023-11-19,22.2977,22.3077,22.1193,22.2977,1205290.0
2023-11-20,22.2977,22.6249,22.1589,22.5258,795409.0
2023-11-21,22.3572,22.4118,22.0598,22.0796,787499.0
2023-11-22,22.2878,22.496,22.035,22.0697,871335.0
2023-11-23,22.2878,22.496,22.035,22.0697,871335.0
2023-11-24,22.0102,22.2135,21.9904,22.1094,331765.0
2023-11-25,22.0102,22.2135,21.9904,22.1094,331765.0
2023-11-26,22.0102,22.2135,21.9904,22.1094,331765.0
2023-11-27,21.9507,22.4762,21.8516,22.3969,1268368.0
2023-11-28,22.2878,22.4812,22.0995,22.1589,999946.0
2023-11-29,22.4465,22.7198,22.2283,22.2482,897702.0
2023-11-30,22.4068,22.5322,21.9805,22.04,1402079.0
2023-12-01,22.03,22.5208,21.8218,22.3771,1083369.0
2023-12-02,22.03,22.5208,21.8218,22.3771,1083369.0
2023-12-03,22.03,22.5208,21.8218,22.3771,1083369.0
2023-12-04,22.2779,22.5059,21.9904,22.496,1034605.0
2023-12-05,22.387,22.4167,22.0201,22.1193,1095199.0
2023-12-06,22.3969,22.6497,22.1788,22.1788,664884.0
2023-12-07,22.3176,22.6943,22.1193,22.6646,907647.0
2023-12-08,22.6051,23.2793,22.6051,22.9323,1279364.0
2023-12-09,22.6051,23.2793,22.6051,22.9323,1279364.0
2023-12-10,22.6051,23.2793,22.6051,22.9323,1279364.0
2023-12-11,22.9025,23.4429,22.9025,23.2495,1147985.0
2023-12-12,23.1599,23.3342,23.0006,23.13,1006525.0
2023-12-13,23.1101,23.5781,22.7417,23.4188,1333339.0
2023-12-14,23.7972,24.4693,23.6677,24.4145,1973622.0
2023-12-15,24.6136,24.6136,24.0013,24.076,1871147.0
2023-12-16,24.6136,24.6136,24.0013,24.076,1871147.0
2023-12-17,24.6136,24.6136,24.0013,24.076,1871147.0
2023-12-18,23.8967,23.9266,23.5383,23.8768,1419632.0
2023-12-19,24.0361,24.2253,23.9515,24.076,1096970.0
2023-12-20,23.9067,24.1855,23.6179,23.6378,1162646.0
2023-12-21,23.9266,23.9863,23.6777,23.8768,793720.0
2023-12-22,24.0162,24.3348,23.9614,24.2552,1614366.0
2023-12-23,24.0162,24.3348,23.9614,24.2552,1614366.0
2023-12-24,24.0162,24.3348,23.9614,24.2552,1614366.0
2023-12-25,24.0162,24.3348,23.9614,24.2552,1614366.0
2023-12-26,24.3946,24.5091,24.2651,24.295,623631.0
2023-12-27,24.3149,24.3149,23.9565,24.0959,1584282.0
2023-12-28,24.0162,24.1357,23.8469,23.9664,819528.0
2023-12-29,23.9166,24.1506,23.8569,23.8669,1061517.0
2023-12-30,23.9166,24.1506,23.8569,23.8669,1061517.0
2023-12-31,23.9166,24.1506,23.8569,23.8669,1061517.0
2024-01-01,23.9166,24.1506,23.8569,23.8669,1061517.0
2024-01-02,23.6378,23.8171,23.3591,23.4088,1181310.0
2024-01-03,23.1201,23.1699,22.8612,22.9906,1161491.0
2024-01-04,22.7915,22.8761,22.4679,22.5725,877609.0
2024-01-05,22.4032,22.6521,22.3385,22.3833,858157.0
2024-01-06,22.4032,22.6521,22.3385,22.3833,858157.0
2024-01-07,22.4032,22.6521,22.3385,22.3833,858157.0
2024-01-08,22.3932,22.8413,22.3833,22.7716,712470.0
2024-01-09,22.3534,22.464,22.1493,22.1941,541492.0
2024-01-10,22.1543,22.3036,21.9203,22.2937,761548.0
2024-01-11,22.204,22.5227,22.0298,22.5028,1001689.0
2024-01-12,22.8114,22.8214,22.2638,22.3136,579379.0
2024-01-13,22.8114,22.8214,22.2638,22.3136,579379.0
2024-01-14,22.8114,22.8214,22.2638,22.3136,579379.0
2024-01-15,22.8114,22.8214,22.2638,22.3136,579379.0
2024-01-16,22.1543,22.2937,21.975,22.1941,843568.0
2024-01-17,21.8555,21.9651,21.5369,21.6365,1137936.0
2024-01-18,22.0646,22.1841,21.8107,22.1144,1133388.0
2024-01-19,22.2837,22.3833,21.8804,22.214,1281200.0
2024-01-20,22.2837,22.3833,21.8804,22.214,1281200.0
2024-01-21,22.2837,22.3833,21.8804,22.214,1281200.0
2024-01-22,22.3634,22.6023,22.2439,22.5725,1269720.0
2024-01-23,22.8114,22.8811,22.5874,22.672,1029187.0
2024-01-24,22.8612,22.8612,22.3434,22.4331,806534.0
2024-01-25,22.7318,22.7318,22.1095,22.1443,823412.0
2024-01-26,22.1443,22.2937,21.9352,22.0348,806181.0
2024-01-27,22.1443,22.2937,21.9352,22.0348,806181.0
2024-01-28,22.1443,22.2937,21.9352,22.0348,806181.0
2024-01-29,21.9551,22.2737,21.6763,22.2339,727420.0
2024-01-30,22.224,22.3982,22.1443,22.224,652176.0
2024-01-31,22.0049,22.5824,21.6265,21.6365,1913028.0
2024-02-01,21.7162,21.9053,21.4473,21.8954,1969670.0
2024-02-02,21.5469,22.0447,21.4672,21.8257,1145401.0
2024-02-03,21.5469,22.0447,21.4672,21.8257,1145401.0
2024-02-04,21.5469,22.0447,21.4672,21.8257,1145401.0
2024-02-05,21.6863,21.741,21.2681,21.5568,1361145.0
2024-02-06,21.5469,21.7162,21.4174,21.4871,1150777.0
2024-02-07,21.0092,21.527,20.9196,21.0988,1841038.0
2024-02-08,21.0391,21.7659,20.8399,21.756,2559987.0
2024-02-09,21.8655,22.204,21.5817,22.204,1510094.0
2024-02-10,21.8655,22.204,21.5817,22.204,1510094.0
2024-02-11,21.8655,22.204,21.5817,22.204,1510094.0
2024-02-12,22.1941,22.5127,22.0348,22.4331,1815611.0
2024-02-13,21.7162,21.9352,20.8698,21.059,2288666.0
2024-02-14,21.3776,21.6813,21.1486,21.5768,1556375.0
2024-02-15,21.7759,22.2688,21.7062,22.204,1937481.0
2024-02-16,22.0646,22.4032,21.9252,22.1841,1194864.0
2024-02-17,22.0646,22.4032,21.9252,22.1841,1194864.0
2024-02-18,22.0646,22.4032,21.9252,22.1841,1194864.0
2024-02-19,22.0646,22.4032,21.9252,22.1841,1194864.0
2024-02-20,21.8356,21.9651,21.6664,21.746,1013747.0
2024-02-21,21.4573,21.5419,20.9644,21.3278,1660773.0
2024-02-22,21.3677,21.616,21.3079,21.4274,1558763.0
2024-02-23,21.4473,21.7012,21.1884,21.6166,1820980.0
2024-02-24,21.4473,21.7012,21.1884,21.6166,1820980.0
2024-02-25,21.4473,21.7012,21.1884,21.6166,1820980.0
2024-02-26,21.4772,21.8008,21.4374,21.7361,966533.0
2024-02-27,21.9053,22.0746,21.517,21.6664,2070854.0
2024-02-28,21.1386,21.7958,21.0291,21.7759,1354076.0
2024-02-29,22.1244,22.214,21.517,21.6564,2236545.0
2024-03-01,21.7659,22.4878,21.5668,22.3932,1583769.0
2024-03-02,21.7659,22.4878,21.5668,22.3932,1583769.0
2024-03-03,21.7659,22.4878,21.5668,22.3932,1583769.0
2024-03-04,22.6421,22.8712,22.4978,22.7517,1276765.0
2024-03-05,22.5028,22.9807,22.4729,22.7517,1550444.0
2024-03-06,23.0205,23.0653,22.6322,22.9409,1248270.0
2024-03-07,23.1599,23.5383,23.13,23.3591,965746.0
2024-03-08,23.5681,23.6677,23.1101,23.1201,1234383.0
2024-03-09,23.5681,23.6677,23.1101,23.1201,1234383.0
2024-03-10,23.5681,23.6677,23.1101,23.1201,1234383.0
2024-03-11,22.9906,23.13,22.8662,23.0803,638512.0
2024-03-12,23.1997,23.2246,22.8861,23.14,1637384.0
2024-03-13,23.01,23.18,22.59,22.62,1122616.0
2024-03-14,22.45,22.6,21.85,22.15,1558071.0
2024-03-15,21.94,22.25,21.9,22.18,3083827.0
2024-03-16,21.94,22.25,21.9,22.18,3083827.0
2024-03-17,21.94,22.25,21.9,22.18,3083827.0
2024-03-18,22.11,22.21,21.41,21.42,1301813.0
2024-03-19,21.28,21.675,21.28,21.49,1072744.0
2024-03-20,21.49,21.87,21.305,21.67,961665.0
2024-03-21,21.91,22.34,21.89,22.27,1343375.0
2024-03-22,22.3,22.37,21.98,22.01,630325.0
2024-03-23,22.3,22.37,21.98,22.01,630325.0
2024-03-24,22.3,22.37,21.98,22.01,630325.0
2024-03-25,21.91,22.75,21.87,22.51,1716421.0
2024-03-26,22.65,22.71,22.13,22.15,1043694.0
2024-03-27,22.34,22.915,22.21,22.88,1072836.0
2024-03-28,22.88,23.04,22.5,22.68,2205639.0
2024-03-29,22.88,23.04,22.5,22.68,2205639.0
2024-03-30,22.88,23.04,22.5,22.68,2205639.0
2024-03-31,22.88,23.04,22.5,22.68,2205639.0
2024-04-01,22.69,22.84,22.405,22.52,1271654.0
2024-04-02,22.26,22.515,21.71,21.98,2595956.0
2024-04-03,21.88,22.37,21.835,22.19,1638900.0
2024-04-04,22.49,22.66,21.79,21.85,919962.0
2024-04-05,21.8,21.98,21.79,21.89,1204690.0
2024-04-06,21.8,21.98,21.79,21.89,1204690.0
2024-04-07,21.8,21.98,21.79,21.89,1204690.0
2024-04-08,22.05,22.385,21.995,22.02,1386384.0
